id,filepath,label_raw,label_canonical,label,source,split
29949c14e416,Data/curated/Clean/detect_solar_dust_clean_Imgclean_0_0.jpg,Clean,Clean,clean,detect_solar_dust,test
bfaf44fe52ca,Data/curated/Clean/detect_solar_dust_clean_Imgclean_1000_0.jpg,Clean,Clean,clean,detect_solar_dust,test
092c6b0beeae,Data/curated/Clean/detect_solar_dust_clean_Imgclean_1002_0.jpg,Clean,Clean,clean,detect_solar_dust,val
8a6afabd2a4b,Data/curated/Clean/detect_solar_dust_clean_Imgclean_1003_0.jpg,Clean,Clean,clean,detect_solar_dust,test
53dba148595d,Data/curated/Clean/detect_solar_dust_clean_Imgclean_1004_0.jpg,Clean,Clean,clean,detect_solar_dust,train
fb1397d34f92,Data/curated/Clean/detect_solar_dust_clean_Imgclean_1005_0.jpg,Clean,Clean,clean,detect_solar_dust,train
7eb1a43e11a9,Data/curated/Clean/detect_solar_dust_clean_Imgclean_1006_0.jpg,Clean,Clean,clean,detect_solar_dust,train
23ca71adc83f,Data/curated/Clean/detect_solar_dust_clean_Imgclean_1007_0.jpg,Clean,Clean,clean,detect_solar_dust,train
7c743189d76e,Data/curated/Clean/detect_solar_dust_clean_Imgclean_1008_0.jpg,Clean,Clean,clean,detect_solar_dust,test
852b6e3735d6,Data/curated/Clean/detect_solar_dust_clean_Imgclean_1009_0.jpg,Clean,Clean,clean,detect_solar_dust,train
03564ab8848b,Data/curated/Clean/detect_solar_dust_clean_Imgclean_100_0.jpg,Clean,Clean,clean,detect_solar_dust,train
edadf308f0eb,Data/curated/Clean/detect_solar_dust_clean_Imgclean_1010_0.jpg,Clean,Clean,clean,detect_solar_dust,train
1ec40b98ecf8,Data/curated/Clean/detect_solar_dust_clean_Imgclean_1011_0.jpg,Clean,Clean,clean,detect_solar_dust,train
570e8926ca9e,Data/curated/Clean/detect_solar_dust_clean_Imgclean_1012_0.jpg,Clean,Clean,clean,detect_solar_dust,train
5f118700f3f2,Data/curated/Clean/detect_solar_dust_clean_Imgclean_1013_0.jpg,Clean,Clean,clean,detect_solar_dust,val
4c3a28fc360b,Data/curated/Clean/detect_solar_dust_clean_Imgclean_1014_0.jpg,Clean,Clean,clean,detect_solar_dust,train
abe09f963f44,Data/curated/Clean/detect_solar_dust_clean_Imgclean_1015_0.jpg,Clean,Clean,clean,detect_solar_dust,test
5c37463ab171,Data/curated/Clean/detect_solar_dust_clean_Imgclean_1016_0.jpg,Clean,Clean,clean,detect_solar_dust,val
e7529461a584,Data/curated/Clean/detect_solar_dust_clean_Imgclean_1017_0.jpg,Clean,Clean,clean,detect_solar_dust,train
12a6956c3fad,Data/curated/Clean/detect_solar_dust_clean_Imgclean_1018_0.jpg,Clean,Clean,clean,detect_solar_dust,train
39a38add85dc,Data/curated/Clean/detect_solar_dust_clean_Imgclean_1019_0.jpg,Clean,Clean,clean,detect_solar_dust,train
e0b92c130478,Data/curated/Clean/detect_solar_dust_clean_Imgclean_101_0.jpg,Clean,Clean,clean,detect_solar_dust,train
6a737af21690,Data/curated/Clean/detect_solar_dust_clean_Imgclean_1020_0.jpg,Clean,Clean,clean,detect_solar_dust,train
8abb95a30fa4,Data/curated/Clean/detect_solar_dust_clean_Imgclean_1021_0.jpg,Clean,Clean,clean,detect_solar_dust,val
3ea37e89849f,Data/curated/Clean/detect_solar_dust_clean_Imgclean_1022_0.jpg,Clean,Clean,clean,detect_solar_dust,val
61b91d66f846,Data/curated/Clean/detect_solar_dust_clean_Imgclean_1023_0.jpg,Clean,Clean,clean,detect_solar_dust,test
ff8cfa55daa4,Data/curated/Clean/detect_solar_dust_clean_Imgclean_1024_0.jpg,Clean,Clean,clean,detect_solar_dust,train
08f10ab3f634,Data/curated/Clean/detect_solar_dust_clean_Imgclean_1025_0.jpg,Clean,Clean,clean,detect_solar_dust,train
efc3d834b9ae,Data/curated/Clean/detect_solar_dust_clean_Imgclean_1027_0.jpg,Clean,Clean,clean,detect_solar_dust,train
6b6163f52893,Data/curated/Clean/detect_solar_dust_clean_Imgclean_1028_0.jpg,Clean,Clean,clean,detect_solar_dust,test
752157ba6be5,Data/curated/Clean/detect_solar_dust_clean_Imgclean_1029_0.jpg,Clean,Clean,clean,detect_solar_dust,test
40e0c6f7ce4c,Data/curated/Clean/detect_solar_dust_clean_Imgclean_102_0.jpg,Clean,Clean,clean,detect_solar_dust,train
7185200d44cb,Data/curated/Clean/detect_solar_dust_clean_Imgclean_1030_0.jpg,Clean,Clean,clean,detect_solar_dust,val
3e69f0cee16e,Data/curated/Clean/detect_solar_dust_clean_Imgclean_1031_0.jpg,Clean,Clean,clean,detect_solar_dust,train
1b52f96577a4,Data/curated/Clean/detect_solar_dust_clean_Imgclean_1032_0.jpg,Clean,Clean,clean,detect_solar_dust,train
4d8136ffb893,Data/curated/Clean/detect_solar_dust_clean_Imgclean_1033_0.jpg,Clean,Clean,clean,detect_solar_dust,train
ed8fee83b35a,Data/curated/Clean/detect_solar_dust_clean_Imgclean_1034_0.jpg,Clean,Clean,clean,detect_solar_dust,train
b63d322e1479,Data/curated/Clean/detect_solar_dust_clean_Imgclean_1036_0.jpg,Clean,Clean,clean,detect_solar_dust,train
50137c3d73cc,Data/curated/Clean/detect_solar_dust_clean_Imgclean_1037_0.jpg,Clean,Clean,clean,detect_solar_dust,test
f21bf628468e,Data/curated/Clean/detect_solar_dust_clean_Imgclean_1038_0.jpg,Clean,Clean,clean,detect_solar_dust,test
33b1ed2f9285,Data/curated/Clean/detect_solar_dust_clean_Imgclean_103_0.jpg,Clean,Clean,clean,detect_solar_dust,train
f3aa034d129e,Data/curated/Clean/detect_solar_dust_clean_Imgclean_1040_0.jpg,Clean,Clean,clean,detect_solar_dust,train
d6659d464e93,Data/curated/Clean/detect_solar_dust_clean_Imgclean_1041_0.jpg,Clean,Clean,clean,detect_solar_dust,train
3ab2cc65e17f,Data/curated/Clean/detect_solar_dust_clean_Imgclean_1042_0.jpg,Clean,Clean,clean,detect_solar_dust,train
1d8bb282285b,Data/curated/Clean/detect_solar_dust_clean_Imgclean_1043_0.jpg,Clean,Clean,clean,detect_solar_dust,train
f9c8384d45d1,Data/curated/Clean/detect_solar_dust_clean_Imgclean_1044_0.jpg,Clean,Clean,clean,detect_solar_dust,train
4914861b526f,Data/curated/Clean/detect_solar_dust_clean_Imgclean_1045_0.jpg,Clean,Clean,clean,detect_solar_dust,val
b3fbafd3c991,Data/curated/Clean/detect_solar_dust_clean_Imgclean_1046_0.jpg,Clean,Clean,clean,detect_solar_dust,test
d5a6bba13aab,Data/curated/Clean/detect_solar_dust_clean_Imgclean_1047_0.jpg,Clean,Clean,clean,detect_solar_dust,train
e88cffae2d74,Data/curated/Clean/detect_solar_dust_clean_Imgclean_1049_0.jpg,Clean,Clean,clean,detect_solar_dust,train
309559de8bda,Data/curated/Clean/detect_solar_dust_clean_Imgclean_104_0.jpg,Clean,Clean,clean,detect_solar_dust,train
fa341136e90d,Data/curated/Clean/detect_solar_dust_clean_Imgclean_1050_0.jpg,Clean,Clean,clean,detect_solar_dust,test
21cbc424698a,Data/curated/Clean/detect_solar_dust_clean_Imgclean_1051_0.jpg,Clean,Clean,clean,detect_solar_dust,train
462c53e94e19,Data/curated/Clean/detect_solar_dust_clean_Imgclean_1052_0.jpg,Clean,Clean,clean,detect_solar_dust,val
66513c1d96e5,Data/curated/Clean/detect_solar_dust_clean_Imgclean_1053_0.jpg,Clean,Clean,clean,detect_solar_dust,train
3b41be805850,Data/curated/Clean/detect_solar_dust_clean_Imgclean_1054_0.jpg,Clean,Clean,clean,detect_solar_dust,train
a0ad75dafb19,Data/curated/Clean/detect_solar_dust_clean_Imgclean_1056_0.jpg,Clean,Clean,clean,detect_solar_dust,train
25a736eb5e6b,Data/curated/Clean/detect_solar_dust_clean_Imgclean_1057_0.jpg,Clean,Clean,clean,detect_solar_dust,train
7f98fd7715b4,Data/curated/Clean/detect_solar_dust_clean_Imgclean_1058_0.jpg,Clean,Clean,clean,detect_solar_dust,val
266244b6c4af,Data/curated/Clean/detect_solar_dust_clean_Imgclean_105_0.jpg,Clean,Clean,clean,detect_solar_dust,train
1c19bb4590ec,Data/curated/Clean/detect_solar_dust_clean_Imgclean_1061_0.jpg,Clean,Clean,clean,detect_solar_dust,val
4e58ecb2a546,Data/curated/Clean/detect_solar_dust_clean_Imgclean_1062_0.jpg,Clean,Clean,clean,detect_solar_dust,train
bc2de08cb6bc,Data/curated/Clean/detect_solar_dust_clean_Imgclean_1064_0.jpg,Clean,Clean,clean,detect_solar_dust,train
309d3f321b01,Data/curated/Clean/detect_solar_dust_clean_Imgclean_1065_0.jpg,Clean,Clean,clean,detect_solar_dust,train
3ac3a5cb947c,Data/curated/Clean/detect_solar_dust_clean_Imgclean_1066_0.jpg,Clean,Clean,clean,detect_solar_dust,train
55d7d20467be,Data/curated/Clean/detect_solar_dust_clean_Imgclean_1068_0.jpg,Clean,Clean,clean,detect_solar_dust,train
703677f8b6aa,Data/curated/Clean/detect_solar_dust_clean_Imgclean_1069_0.jpg,Clean,Clean,clean,detect_solar_dust,train
2f6c78a37a80,Data/curated/Clean/detect_solar_dust_clean_Imgclean_106_0.jpg,Clean,Clean,clean,detect_solar_dust,train
3cd41842290e,Data/curated/Clean/detect_solar_dust_clean_Imgclean_1071_0.jpg,Clean,Clean,clean,detect_solar_dust,train
5d42919e6ca6,Data/curated/Clean/detect_solar_dust_clean_Imgclean_1073_0.jpg,Clean,Clean,clean,detect_solar_dust,train
796dc4d3a685,Data/curated/Clean/detect_solar_dust_clean_Imgclean_1074_0.jpg,Clean,Clean,clean,detect_solar_dust,val
078f6d5f4e78,Data/curated/Clean/detect_solar_dust_clean_Imgclean_1075_0.jpg,Clean,Clean,clean,detect_solar_dust,test
0d27e6fe6da1,Data/curated/Clean/detect_solar_dust_clean_Imgclean_1076_0.jpg,Clean,Clean,clean,detect_solar_dust,train
e80efcd9968a,Data/curated/Clean/detect_solar_dust_clean_Imgclean_1077_0.jpg,Clean,Clean,clean,detect_solar_dust,test
bb2c3386ab36,Data/curated/Clean/detect_solar_dust_clean_Imgclean_1078_0.jpg,Clean,Clean,clean,detect_solar_dust,train
af154a135649,Data/curated/Clean/detect_solar_dust_clean_Imgclean_1079_0.jpg,Clean,Clean,clean,detect_solar_dust,train
f05e8bb42dc7,Data/curated/Clean/detect_solar_dust_clean_Imgclean_107_0.jpg,Clean,Clean,clean,detect_solar_dust,train
3984a2043d33,Data/curated/Clean/detect_solar_dust_clean_Imgclean_1080_0.jpg,Clean,Clean,clean,detect_solar_dust,val
232ea7cdea50,Data/curated/Clean/detect_solar_dust_clean_Imgclean_1081_0.jpg,Clean,Clean,clean,detect_solar_dust,train
6cf783c6905c,Data/curated/Clean/detect_solar_dust_clean_Imgclean_1082_0.jpg,Clean,Clean,clean,detect_solar_dust,train
2d9e7d1f649f,Data/curated/Clean/detect_solar_dust_clean_Imgclean_1083_0.jpg,Clean,Clean,clean,detect_solar_dust,train
9ea30414b1cc,Data/curated/Clean/detect_solar_dust_clean_Imgclean_1084_0.jpg,Clean,Clean,clean,detect_solar_dust,train
8e2f787cc85a,Data/curated/Clean/detect_solar_dust_clean_Imgclean_1086_0.jpg,Clean,Clean,clean,detect_solar_dust,train
c25d95ff93b7,Data/curated/Clean/detect_solar_dust_clean_Imgclean_1087_0.jpg,Clean,Clean,clean,detect_solar_dust,train
0501724b0d8c,Data/curated/Clean/detect_solar_dust_clean_Imgclean_1088_0.jpg,Clean,Clean,clean,detect_solar_dust,train
91ea1eb2f779,Data/curated/Clean/detect_solar_dust_clean_Imgclean_108_0.jpg,Clean,Clean,clean,detect_solar_dust,train
9e4036567b4e,Data/curated/Clean/detect_solar_dust_clean_Imgclean_1090_0.jpg,Clean,Clean,clean,detect_solar_dust,train
29baeab49e84,Data/curated/Clean/detect_solar_dust_clean_Imgclean_1091_0.jpg,Clean,Clean,clean,detect_solar_dust,train
a4f87a7837c4,Data/curated/Clean/detect_solar_dust_clean_Imgclean_1092_0.jpg,Clean,Clean,clean,detect_solar_dust,test
a4649d1011c0,Data/curated/Clean/detect_solar_dust_clean_Imgclean_1093_0.jpg,Clean,Clean,clean,detect_solar_dust,val
fe4cdd0db1c6,Data/curated/Clean/detect_solar_dust_clean_Imgclean_1094_0.jpg,Clean,Clean,clean,detect_solar_dust,train
7111c9637120,Data/curated/Clean/detect_solar_dust_clean_Imgclean_1096_0.jpg,Clean,Clean,clean,detect_solar_dust,train
dbcc9acba245,Data/curated/Clean/detect_solar_dust_clean_Imgclean_1097_0.jpg,Clean,Clean,clean,detect_solar_dust,test
8ef7ba554d45,Data/curated/Clean/detect_solar_dust_clean_Imgclean_109_0.jpg,Clean,Clean,clean,detect_solar_dust,test
791c9243deb1,Data/curated/Clean/detect_solar_dust_clean_Imgclean_10_0.jpg,Clean,Clean,clean,detect_solar_dust,train
55d7c92e6d6f,Data/curated/Clean/detect_solar_dust_clean_Imgclean_1100_0.jpg,Clean,Clean,clean,detect_solar_dust,train
5fa39ba2e949,Data/curated/Clean/detect_solar_dust_clean_Imgclean_1101_0.jpg,Clean,Clean,clean,detect_solar_dust,test
44ac291f1207,Data/curated/Clean/detect_solar_dust_clean_Imgclean_1102_0.jpg,Clean,Clean,clean,detect_solar_dust,train
79c154e40b04,Data/curated/Clean/detect_solar_dust_clean_Imgclean_1103_0.jpg,Clean,Clean,clean,detect_solar_dust,train
9b054b8259f7,Data/curated/Clean/detect_solar_dust_clean_Imgclean_1104_0.jpg,Clean,Clean,clean,detect_solar_dust,val
f661b8433ab9,Data/curated/Clean/detect_solar_dust_clean_Imgclean_1105_0.jpg,Clean,Clean,clean,detect_solar_dust,train
3331eb252e47,Data/curated/Clean/detect_solar_dust_clean_Imgclean_1106_0.jpg,Clean,Clean,clean,detect_solar_dust,train
60b7830b938e,Data/curated/Clean/detect_solar_dust_clean_Imgclean_1108_0.jpg,Clean,Clean,clean,detect_solar_dust,train
af9d9c84bd93,Data/curated/Clean/detect_solar_dust_clean_Imgclean_1109_0.jpg,Clean,Clean,clean,detect_solar_dust,train
b2f75abfbb71,Data/curated/Clean/detect_solar_dust_clean_Imgclean_110_0.jpg,Clean,Clean,clean,detect_solar_dust,train
68e61068c522,Data/curated/Clean/detect_solar_dust_clean_Imgclean_1110_0.jpg,Clean,Clean,clean,detect_solar_dust,val
3092994edf63,Data/curated/Clean/detect_solar_dust_clean_Imgclean_1111_0.jpg,Clean,Clean,clean,detect_solar_dust,test
23ac777180bc,Data/curated/Clean/detect_solar_dust_clean_Imgclean_1112_0.jpg,Clean,Clean,clean,detect_solar_dust,train
086be781f2fb,Data/curated/Clean/detect_solar_dust_clean_Imgclean_1113_0.jpg,Clean,Clean,clean,detect_solar_dust,train
bbc90ae8b362,Data/curated/Clean/detect_solar_dust_clean_Imgclean_1115_0.jpg,Clean,Clean,clean,detect_solar_dust,train
b72c51de4041,Data/curated/Clean/detect_solar_dust_clean_Imgclean_1116_0.jpg,Clean,Clean,clean,detect_solar_dust,train
073bc90c40de,Data/curated/Clean/detect_solar_dust_clean_Imgclean_1118_0.jpg,Clean,Clean,clean,detect_solar_dust,val
f3dd4c5ceca0,Data/curated/Clean/detect_solar_dust_clean_Imgclean_111_0.jpg,Clean,Clean,clean,detect_solar_dust,train
085f63863b1d,Data/curated/Clean/detect_solar_dust_clean_Imgclean_1120_0.jpg,Clean,Clean,clean,detect_solar_dust,test
7bf0d0eb60e5,Data/curated/Clean/detect_solar_dust_clean_Imgclean_1121_0.jpg,Clean,Clean,clean,detect_solar_dust,train
f6c145f9cece,Data/curated/Clean/detect_solar_dust_clean_Imgclean_1122_0.jpg,Clean,Clean,clean,detect_solar_dust,val
50f949d3c733,Data/curated/Clean/detect_solar_dust_clean_Imgclean_1123_0.jpg,Clean,Clean,clean,detect_solar_dust,test
b2ed89da6c47,Data/curated/Clean/detect_solar_dust_clean_Imgclean_1124_0.jpg,Clean,Clean,clean,detect_solar_dust,train
ae936804b978,Data/curated/Clean/detect_solar_dust_clean_Imgclean_1125_0.jpg,Clean,Clean,clean,detect_solar_dust,train
04314d1e534f,Data/curated/Clean/detect_solar_dust_clean_Imgclean_1126_0.jpg,Clean,Clean,clean,detect_solar_dust,train
c76bd5d2dd65,Data/curated/Clean/detect_solar_dust_clean_Imgclean_1127_0.jpg,Clean,Clean,clean,detect_solar_dust,train
1aa717667b71,Data/curated/Clean/detect_solar_dust_clean_Imgclean_1128_0.jpg,Clean,Clean,clean,detect_solar_dust,train
aac309f9e441,Data/curated/Clean/detect_solar_dust_clean_Imgclean_1129_0.jpg,Clean,Clean,clean,detect_solar_dust,train
8a28d6d12d3c,Data/curated/Clean/detect_solar_dust_clean_Imgclean_1131_0.jpg,Clean,Clean,clean,detect_solar_dust,train
1c91a9f4b81c,Data/curated/Clean/detect_solar_dust_clean_Imgclean_1132_0.jpg,Clean,Clean,clean,detect_solar_dust,train
aec93207d086,Data/curated/Clean/detect_solar_dust_clean_Imgclean_1133_0.jpg,Clean,Clean,clean,detect_solar_dust,val
425a2f4c7603,Data/curated/Clean/detect_solar_dust_clean_Imgclean_1134_0.jpg,Clean,Clean,clean,detect_solar_dust,test
0e6abf8ca466,Data/curated/Clean/detect_solar_dust_clean_Imgclean_1135_0.jpg,Clean,Clean,clean,detect_solar_dust,train
4255e16613c5,Data/curated/Clean/detect_solar_dust_clean_Imgclean_1136_0.jpg,Clean,Clean,clean,detect_solar_dust,train
60b69c323adb,Data/curated/Clean/detect_solar_dust_clean_Imgclean_1137_0.jpg,Clean,Clean,clean,detect_solar_dust,train
4e3e40bdf0e5,Data/curated/Clean/detect_solar_dust_clean_Imgclean_1138_0.jpg,Clean,Clean,clean,detect_solar_dust,train
0e2857e83772,Data/curated/Clean/detect_solar_dust_clean_Imgclean_1139_0.jpg,Clean,Clean,clean,detect_solar_dust,train
0096aa0a549c,Data/curated/Clean/detect_solar_dust_clean_Imgclean_1140_0.jpg,Clean,Clean,clean,detect_solar_dust,train
6377776e010a,Data/curated/Clean/detect_solar_dust_clean_Imgclean_1141_0.jpg,Clean,Clean,clean,detect_solar_dust,val
000d7bf9bd5b,Data/curated/Clean/detect_solar_dust_clean_Imgclean_1142_0.jpg,Clean,Clean,clean,detect_solar_dust,train
04bdc8e450f0,Data/curated/Clean/detect_solar_dust_clean_Imgclean_1143_0.jpg,Clean,Clean,clean,detect_solar_dust,test
4dfbd531519e,Data/curated/Clean/detect_solar_dust_clean_Imgclean_1144_0.jpg,Clean,Clean,clean,detect_solar_dust,train
83d8b44bcae1,Data/curated/Clean/detect_solar_dust_clean_Imgclean_1146_0.jpg,Clean,Clean,clean,detect_solar_dust,val
828dd1c78166,Data/curated/Clean/detect_solar_dust_clean_Imgclean_1147_0.jpg,Clean,Clean,clean,detect_solar_dust,train
8580f395947c,Data/curated/Clean/detect_solar_dust_clean_Imgclean_1148_0.jpg,Clean,Clean,clean,detect_solar_dust,test
c99b388915bf,Data/curated/Clean/detect_solar_dust_clean_Imgclean_1149_0.jpg,Clean,Clean,clean,detect_solar_dust,val
d6ca651bcbb8,Data/curated/Clean/detect_solar_dust_clean_Imgclean_114_0.jpg,Clean,Clean,clean,detect_solar_dust,train
24733b930bb6,Data/curated/Clean/detect_solar_dust_clean_Imgclean_1150_0.jpg,Clean,Clean,clean,detect_solar_dust,train
b4c983e5d637,Data/curated/Clean/detect_solar_dust_clean_Imgclean_1152_0.jpg,Clean,Clean,clean,detect_solar_dust,test
9c6f8a593c5b,Data/curated/Clean/detect_solar_dust_clean_Imgclean_1153_0.jpg,Clean,Clean,clean,detect_solar_dust,train
4e353675402e,Data/curated/Clean/detect_solar_dust_clean_Imgclean_1156_0.jpg,Clean,Clean,clean,detect_solar_dust,train
eecdbc118c1f,Data/curated/Clean/detect_solar_dust_clean_Imgclean_1158_0.jpg,Clean,Clean,clean,detect_solar_dust,test
6adab3efb8dc,Data/curated/Clean/detect_solar_dust_clean_Imgclean_1159_0.jpg,Clean,Clean,clean,detect_solar_dust,train
3db02e774627,Data/curated/Clean/detect_solar_dust_clean_Imgclean_115_0.jpg,Clean,Clean,clean,detect_solar_dust,train
f898a2a91e74,Data/curated/Clean/detect_solar_dust_clean_Imgclean_1160_0.jpg,Clean,Clean,clean,detect_solar_dust,val
6a8095f41b23,Data/curated/Clean/detect_solar_dust_clean_Imgclean_1161_0.jpg,Clean,Clean,clean,detect_solar_dust,train
f9e62dd5e6cb,Data/curated/Clean/detect_solar_dust_clean_Imgclean_1162_0.jpg,Clean,Clean,clean,detect_solar_dust,train
3be4bcc8e29d,Data/curated/Clean/detect_solar_dust_clean_Imgclean_1163_0.jpg,Clean,Clean,clean,detect_solar_dust,test
0297ad8e8cae,Data/curated/Clean/detect_solar_dust_clean_Imgclean_1164_0.jpg,Clean,Clean,clean,detect_solar_dust,val
3b71b7cbb7ac,Data/curated/Clean/detect_solar_dust_clean_Imgclean_1165_0.jpg,Clean,Clean,clean,detect_solar_dust,train
74a815d9e739,Data/curated/Clean/detect_solar_dust_clean_Imgclean_1166_0.jpg,Clean,Clean,clean,detect_solar_dust,train
e33a29562f94,Data/curated/Clean/detect_solar_dust_clean_Imgclean_1167_0.jpg,Clean,Clean,clean,detect_solar_dust,train
0814fb81f1c0,Data/curated/Clean/detect_solar_dust_clean_Imgclean_1168_0.jpg,Clean,Clean,clean,detect_solar_dust,train
f1912cf48b72,Data/curated/Clean/detect_solar_dust_clean_Imgclean_1169_0.jpg,Clean,Clean,clean,detect_solar_dust,val
19e393d13e35,Data/curated/Clean/detect_solar_dust_clean_Imgclean_116_0.jpg,Clean,Clean,clean,detect_solar_dust,train
67d53ced7f98,Data/curated/Clean/detect_solar_dust_clean_Imgclean_1170_0.jpg,Clean,Clean,clean,detect_solar_dust,train
69b2075ad7af,Data/curated/Clean/detect_solar_dust_clean_Imgclean_1171_0.jpg,Clean,Clean,clean,detect_solar_dust,train
08c3af2ce724,Data/curated/Clean/detect_solar_dust_clean_Imgclean_1172_0.jpg,Clean,Clean,clean,detect_solar_dust,train
2857f67f0e79,Data/curated/Clean/detect_solar_dust_clean_Imgclean_1173_0.jpg,Clean,Clean,clean,detect_solar_dust,train
6f603a6e2989,Data/curated/Clean/detect_solar_dust_clean_Imgclean_1175_0.jpg,Clean,Clean,clean,detect_solar_dust,train
acfb825f898e,Data/curated/Clean/detect_solar_dust_clean_Imgclean_1176_0.jpg,Clean,Clean,clean,detect_solar_dust,test
913d439b42f8,Data/curated/Clean/detect_solar_dust_clean_Imgclean_1178_0.jpg,Clean,Clean,clean,detect_solar_dust,train
52762184f2ba,Data/curated/Clean/detect_solar_dust_clean_Imgclean_117_0.jpg,Clean,Clean,clean,detect_solar_dust,train
fd94febeccd4,Data/curated/Clean/detect_solar_dust_clean_Imgclean_1186_0.jpg,Clean,Clean,clean,detect_solar_dust,test
f500af1abf47,Data/curated/Clean/detect_solar_dust_clean_Imgclean_118_0.jpg,Clean,Clean,clean,detect_solar_dust,train
5ab1d8a63c86,Data/curated/Clean/detect_solar_dust_clean_Imgclean_1192_0.jpg,Clean,Clean,clean,detect_solar_dust,train
0bec7f23591d,Data/curated/Clean/detect_solar_dust_clean_Imgclean_1198_0.jpg,Clean,Clean,clean,detect_solar_dust,train
37a01ab33702,Data/curated/Clean/detect_solar_dust_clean_Imgclean_1199_0.jpg,Clean,Clean,clean,detect_solar_dust,train
5844671993b2,Data/curated/Clean/detect_solar_dust_clean_Imgclean_119_0.jpg,Clean,Clean,clean,detect_solar_dust,train
0a0434b4935e,Data/curated/Clean/detect_solar_dust_clean_Imgclean_11_0.jpg,Clean,Clean,clean,detect_solar_dust,train
cef15babfb71,Data/curated/Clean/detect_solar_dust_clean_Imgclean_1200_0.jpg,Clean,Clean,clean,detect_solar_dust,train
5da0e377b6ad,Data/curated/Clean/detect_solar_dust_clean_Imgclean_1201_0.jpg,Clean,Clean,clean,detect_solar_dust,train
bfe435df5630,Data/curated/Clean/detect_solar_dust_clean_Imgclean_1202_0.jpg,Clean,Clean,clean,detect_solar_dust,train
01e215d5fbae,Data/curated/Clean/detect_solar_dust_clean_Imgclean_1203_0.jpg,Clean,Clean,clean,detect_solar_dust,train
a113d4f8ac2b,Data/curated/Clean/detect_solar_dust_clean_Imgclean_1205_0.jpg,Clean,Clean,clean,detect_solar_dust,val
f39b7cc499f7,Data/curated/Clean/detect_solar_dust_clean_Imgclean_1207_0.jpg,Clean,Clean,clean,detect_solar_dust,val
af121de5b65d,Data/curated/Clean/detect_solar_dust_clean_Imgclean_1208_0.jpg,Clean,Clean,clean,detect_solar_dust,train
2ea95fcc606a,Data/curated/Clean/detect_solar_dust_clean_Imgclean_1209_0.jpg,Clean,Clean,clean,detect_solar_dust,train
34d814179267,Data/curated/Clean/detect_solar_dust_clean_Imgclean_120_0.jpg,Clean,Clean,clean,detect_solar_dust,train
1e69ee4552a4,Data/curated/Clean/detect_solar_dust_clean_Imgclean_1214_0.jpg,Clean,Clean,clean,detect_solar_dust,train
181110353a4c,Data/curated/Clean/detect_solar_dust_clean_Imgclean_1215_0.jpg,Clean,Clean,clean,detect_solar_dust,train
ed1225b0dccb,Data/curated/Clean/detect_solar_dust_clean_Imgclean_1216_0.jpg,Clean,Clean,clean,detect_solar_dust,train
b9e0971a3cfe,Data/curated/Clean/detect_solar_dust_clean_Imgclean_1217_0.jpg,Clean,Clean,clean,detect_solar_dust,train
e4cf56a5cb0f,Data/curated/Clean/detect_solar_dust_clean_Imgclean_121_0.jpg,Clean,Clean,clean,detect_solar_dust,train
d9a011412e53,Data/curated/Clean/detect_solar_dust_clean_Imgclean_1221_0.jpg,Clean,Clean,clean,detect_solar_dust,train
87388b6475c1,Data/curated/Clean/detect_solar_dust_clean_Imgclean_1223_0.jpg,Clean,Clean,clean,detect_solar_dust,train
8513def2a258,Data/curated/Clean/detect_solar_dust_clean_Imgclean_1224_0.jpg,Clean,Clean,clean,detect_solar_dust,test
2a9535356870,Data/curated/Clean/detect_solar_dust_clean_Imgclean_122_0.jpg,Clean,Clean,clean,detect_solar_dust,train
b345624af6dc,Data/curated/Clean/detect_solar_dust_clean_Imgclean_1231_0.jpg,Clean,Clean,clean,detect_solar_dust,val
5780e3dc4318,Data/curated/Clean/detect_solar_dust_clean_Imgclean_1232_0.jpg,Clean,Clean,clean,detect_solar_dust,test
3074d55b33e1,Data/curated/Clean/detect_solar_dust_clean_Imgclean_1234_0.jpg,Clean,Clean,clean,detect_solar_dust,train
de21681e58e2,Data/curated/Clean/detect_solar_dust_clean_Imgclean_1237_0.jpg,Clean,Clean,clean,detect_solar_dust,train
c1cef65249d4,Data/curated/Clean/detect_solar_dust_clean_Imgclean_1238_0.jpg,Clean,Clean,clean,detect_solar_dust,val
51ca06c1f491,Data/curated/Clean/detect_solar_dust_clean_Imgclean_1239_0.jpg,Clean,Clean,clean,detect_solar_dust,train
c385dbcdd977,Data/curated/Clean/detect_solar_dust_clean_Imgclean_1240_0.jpg,Clean,Clean,clean,detect_solar_dust,val
2c7cf485d5f0,Data/curated/Clean/detect_solar_dust_clean_Imgclean_1244_0.jpg,Clean,Clean,clean,detect_solar_dust,train
d285d70f38b4,Data/curated/Clean/detect_solar_dust_clean_Imgclean_1246_0.jpg,Clean,Clean,clean,detect_solar_dust,train
3872f8f47a16,Data/curated/Clean/detect_solar_dust_clean_Imgclean_1248_0.jpg,Clean,Clean,clean,detect_solar_dust,train
a40a10ae6386,Data/curated/Clean/detect_solar_dust_clean_Imgclean_124_0.jpg,Clean,Clean,clean,detect_solar_dust,train
70de6d3b36e4,Data/curated/Clean/detect_solar_dust_clean_Imgclean_1252_0.jpg,Clean,Clean,clean,detect_solar_dust,train
ee5798549425,Data/curated/Clean/detect_solar_dust_clean_Imgclean_1255_0.jpg,Clean,Clean,clean,detect_solar_dust,train
ef0f76ef18bb,Data/curated/Clean/detect_solar_dust_clean_Imgclean_1257_0.jpg,Clean,Clean,clean,detect_solar_dust,train
d195ff2d9c3e,Data/curated/Clean/detect_solar_dust_clean_Imgclean_125_0.jpg,Clean,Clean,clean,detect_solar_dust,train
09092d1f3b22,Data/curated/Clean/detect_solar_dust_clean_Imgclean_1261_0.jpg,Clean,Clean,clean,detect_solar_dust,train
f64da08d29a3,Data/curated/Clean/detect_solar_dust_clean_Imgclean_1262_0.jpg,Clean,Clean,clean,detect_solar_dust,train
5e5812b2acc8,Data/curated/Clean/detect_solar_dust_clean_Imgclean_1264_0.jpg,Clean,Clean,clean,detect_solar_dust,train
7d47a9c815fe,Data/curated/Clean/detect_solar_dust_clean_Imgclean_1265_0.jpg,Clean,Clean,clean,detect_solar_dust,train
c27f08499abc,Data/curated/Clean/detect_solar_dust_clean_Imgclean_1266_0.jpg,Clean,Clean,clean,detect_solar_dust,train
45907c04abab,Data/curated/Clean/detect_solar_dust_clean_Imgclean_1268_0.jpg,Clean,Clean,clean,detect_solar_dust,val
ceed038c396f,Data/curated/Clean/detect_solar_dust_clean_Imgclean_1269_0.jpg,Clean,Clean,clean,detect_solar_dust,train
5c19fd75fb27,Data/curated/Clean/detect_solar_dust_clean_Imgclean_1271_0.jpg,Clean,Clean,clean,detect_solar_dust,val
e53aea933f5d,Data/curated/Clean/detect_solar_dust_clean_Imgclean_1277_0.jpg,Clean,Clean,clean,detect_solar_dust,train
b0df8004d87d,Data/curated/Clean/detect_solar_dust_clean_Imgclean_127_0.jpg,Clean,Clean,clean,detect_solar_dust,train
617f1fffb585,Data/curated/Clean/detect_solar_dust_clean_Imgclean_1287_0.jpg,Clean,Clean,clean,detect_solar_dust,train
7ccebc631692,Data/curated/Clean/detect_solar_dust_clean_Imgclean_1291_0.jpg,Clean,Clean,clean,detect_solar_dust,train
f31059e9a14a,Data/curated/Clean/detect_solar_dust_clean_Imgclean_1292_0.jpg,Clean,Clean,clean,detect_solar_dust,val
ed35867a5643,Data/curated/Clean/detect_solar_dust_clean_Imgclean_1293_0.jpg,Clean,Clean,clean,detect_solar_dust,train
6a1f26eb839c,Data/curated/Clean/detect_solar_dust_clean_Imgclean_129_0.jpg,Clean,Clean,clean,detect_solar_dust,val
0206047d8c17,Data/curated/Clean/detect_solar_dust_clean_Imgclean_12_0.jpg,Clean,Clean,clean,detect_solar_dust,train
89444070f565,Data/curated/Clean/detect_solar_dust_clean_Imgclean_1302_0.jpg,Clean,Clean,clean,detect_solar_dust,test
fa124bd139ac,Data/curated/Clean/detect_solar_dust_clean_Imgclean_1303_0.jpg,Clean,Clean,clean,detect_solar_dust,test
3f3c701131e0,Data/curated/Clean/detect_solar_dust_clean_Imgclean_1304_0.jpg,Clean,Clean,clean,detect_solar_dust,train
7938c34fd2ff,Data/curated/Clean/detect_solar_dust_clean_Imgclean_1305_0.jpg,Clean,Clean,clean,detect_solar_dust,train
60117d8ebc76,Data/curated/Clean/detect_solar_dust_clean_Imgclean_1312_0.jpg,Clean,Clean,clean,detect_solar_dust,train
fe70577ebd4b,Data/curated/Clean/detect_solar_dust_clean_Imgclean_1313_0.jpg,Clean,Clean,clean,detect_solar_dust,train
994e7b4eb9c4,Data/curated/Clean/detect_solar_dust_clean_Imgclean_1314_0.jpg,Clean,Clean,clean,detect_solar_dust,train
ab27d6224354,Data/curated/Clean/detect_solar_dust_clean_Imgclean_1315_0.jpg,Clean,Clean,clean,detect_solar_dust,test
f76ab72c0dcf,Data/curated/Clean/detect_solar_dust_clean_Imgclean_1316_0.jpg,Clean,Clean,clean,detect_solar_dust,train
8c62fbf4e860,Data/curated/Clean/detect_solar_dust_clean_Imgclean_131_0.jpg,Clean,Clean,clean,detect_solar_dust,train
aa101e298737,Data/curated/Clean/detect_solar_dust_clean_Imgclean_1320_0.jpg,Clean,Clean,clean,detect_solar_dust,train
cf2ecf9a6679,Data/curated/Clean/detect_solar_dust_clean_Imgclean_1322_0.jpg,Clean,Clean,clean,detect_solar_dust,train
e415d9326451,Data/curated/Clean/detect_solar_dust_clean_Imgclean_1323_0.jpg,Clean,Clean,clean,detect_solar_dust,train
0b99279688c4,Data/curated/Clean/detect_solar_dust_clean_Imgclean_1324_0.jpg,Clean,Clean,clean,detect_solar_dust,train
27f2ebc93b95,Data/curated/Clean/detect_solar_dust_clean_Imgclean_1325_0.jpg,Clean,Clean,clean,detect_solar_dust,test
30c0b5ccdbea,Data/curated/Clean/detect_solar_dust_clean_Imgclean_1327_0.jpg,Clean,Clean,clean,detect_solar_dust,train
beee2c45df47,Data/curated/Clean/detect_solar_dust_clean_Imgclean_1328_0.jpg,Clean,Clean,clean,detect_solar_dust,train
ddfd3c021f89,Data/curated/Clean/detect_solar_dust_clean_Imgclean_1329_0.jpg,Clean,Clean,clean,detect_solar_dust,val
525697a55dc0,Data/curated/Clean/detect_solar_dust_clean_Imgclean_132_0.jpg,Clean,Clean,clean,detect_solar_dust,train
04c6c181e9b9,Data/curated/Clean/detect_solar_dust_clean_Imgclean_1330_0.jpg,Clean,Clean,clean,detect_solar_dust,train
4e33bcc35e00,Data/curated/Clean/detect_solar_dust_clean_Imgclean_1331_0.jpg,Clean,Clean,clean,detect_solar_dust,train
d2bf590aa62d,Data/curated/Clean/detect_solar_dust_clean_Imgclean_1332_0.jpg,Clean,Clean,clean,detect_solar_dust,train
6f8a13fe7522,Data/curated/Clean/detect_solar_dust_clean_Imgclean_1333_0.jpg,Clean,Clean,clean,detect_solar_dust,train
4cde6052d15c,Data/curated/Clean/detect_solar_dust_clean_Imgclean_1335_0.jpg,Clean,Clean,clean,detect_solar_dust,val
d7941aabef0a,Data/curated/Clean/detect_solar_dust_clean_Imgclean_1336_0.jpg,Clean,Clean,clean,detect_solar_dust,test
2401897b61ad,Data/curated/Clean/detect_solar_dust_clean_Imgclean_1337_0.jpg,Clean,Clean,clean,detect_solar_dust,train
6f0632f5ee08,Data/curated/Clean/detect_solar_dust_clean_Imgclean_1338_0.jpg,Clean,Clean,clean,detect_solar_dust,train
7df737192459,Data/curated/Clean/detect_solar_dust_clean_Imgclean_1339_0.jpg,Clean,Clean,clean,detect_solar_dust,train
80c9ce336e43,Data/curated/Clean/detect_solar_dust_clean_Imgclean_1340_0.jpg,Clean,Clean,clean,detect_solar_dust,train
ec27279b2890,Data/curated/Clean/detect_solar_dust_clean_Imgclean_1341_0.jpg,Clean,Clean,clean,detect_solar_dust,train
08207808d577,Data/curated/Clean/detect_solar_dust_clean_Imgclean_1346_0.jpg,Clean,Clean,clean,detect_solar_dust,train
4bfd81c485a5,Data/curated/Clean/detect_solar_dust_clean_Imgclean_1348_0.jpg,Clean,Clean,clean,detect_solar_dust,val
4c322e41d3e3,Data/curated/Clean/detect_solar_dust_clean_Imgclean_1351_0.jpg,Clean,Clean,clean,detect_solar_dust,train
1e9a388b8d7e,Data/curated/Clean/detect_solar_dust_clean_Imgclean_1352_0.jpg,Clean,Clean,clean,detect_solar_dust,train
6cf218def0d5,Data/curated/Clean/detect_solar_dust_clean_Imgclean_1354_0.jpg,Clean,Clean,clean,detect_solar_dust,train
c5c479e908a0,Data/curated/Clean/detect_solar_dust_clean_Imgclean_1357_0.jpg,Clean,Clean,clean,detect_solar_dust,test
4605356de299,Data/curated/Clean/detect_solar_dust_clean_Imgclean_1359_0.jpg,Clean,Clean,clean,detect_solar_dust,train
1d58267b8286,Data/curated/Clean/detect_solar_dust_clean_Imgclean_135_0.jpg,Clean,Clean,clean,detect_solar_dust,train
1d3bf8e792fb,Data/curated/Clean/detect_solar_dust_clean_Imgclean_1361_0.jpg,Clean,Clean,clean,detect_solar_dust,test
fdb6a48a05d1,Data/curated/Clean/detect_solar_dust_clean_Imgclean_1362_0.jpg,Clean,Clean,clean,detect_solar_dust,train
6dca556e73d2,Data/curated/Clean/detect_solar_dust_clean_Imgclean_1364_0.jpg,Clean,Clean,clean,detect_solar_dust,val
501553f7d912,Data/curated/Clean/detect_solar_dust_clean_Imgclean_1365_0.jpg,Clean,Clean,clean,detect_solar_dust,val
3113ec3e2056,Data/curated/Clean/detect_solar_dust_clean_Imgclean_1366_0.jpg,Clean,Clean,clean,detect_solar_dust,train
17cb0bc5ca9d,Data/curated/Clean/detect_solar_dust_clean_Imgclean_1368_0.jpg,Clean,Clean,clean,detect_solar_dust,train
e1a040bfda48,Data/curated/Clean/detect_solar_dust_clean_Imgclean_1369_0.jpg,Clean,Clean,clean,detect_solar_dust,train
046da76d06c5,Data/curated/Clean/detect_solar_dust_clean_Imgclean_1370_0.jpg,Clean,Clean,clean,detect_solar_dust,train
79214bd5fd73,Data/curated/Clean/detect_solar_dust_clean_Imgclean_1371_0.jpg,Clean,Clean,clean,detect_solar_dust,train
b33b9dea0607,Data/curated/Clean/detect_solar_dust_clean_Imgclean_1372_0.jpg,Clean,Clean,clean,detect_solar_dust,val
92cf7414684e,Data/curated/Clean/detect_solar_dust_clean_Imgclean_1373_0.jpg,Clean,Clean,clean,detect_solar_dust,train
73287d393929,Data/curated/Clean/detect_solar_dust_clean_Imgclean_1374_0.jpg,Clean,Clean,clean,detect_solar_dust,train
bf470a1552e4,Data/curated/Clean/detect_solar_dust_clean_Imgclean_1375_0.jpg,Clean,Clean,clean,detect_solar_dust,train
3003333869c8,Data/curated/Clean/detect_solar_dust_clean_Imgclean_1376_0.jpg,Clean,Clean,clean,detect_solar_dust,train
a0e377fc2b66,Data/curated/Clean/detect_solar_dust_clean_Imgclean_1377_0.jpg,Clean,Clean,clean,detect_solar_dust,train
bd117a51215a,Data/curated/Clean/detect_solar_dust_clean_Imgclean_1378_0.jpg,Clean,Clean,clean,detect_solar_dust,train
52d49fc9f862,Data/curated/Clean/detect_solar_dust_clean_Imgclean_1379_0.jpg,Clean,Clean,clean,detect_solar_dust,train
25e769e31508,Data/curated/Clean/detect_solar_dust_clean_Imgclean_1380_0.jpg,Clean,Clean,clean,detect_solar_dust,train
86ecad005bfa,Data/curated/Clean/detect_solar_dust_clean_Imgclean_1381_0.jpg,Clean,Clean,clean,detect_solar_dust,train
a7f5799303b0,Data/curated/Clean/detect_solar_dust_clean_Imgclean_1382_0.jpg,Clean,Clean,clean,detect_solar_dust,val
986fde69fa9a,Data/curated/Clean/detect_solar_dust_clean_Imgclean_1384_0.jpg,Clean,Clean,clean,detect_solar_dust,train
3f9b99e0d4d0,Data/curated/Clean/detect_solar_dust_clean_Imgclean_1386_0.jpg,Clean,Clean,clean,detect_solar_dust,train
fbd0368092f4,Data/curated/Clean/detect_solar_dust_clean_Imgclean_1388_0.jpg,Clean,Clean,clean,detect_solar_dust,train
ec35ec72d7bf,Data/curated/Clean/detect_solar_dust_clean_Imgclean_138_0.jpg,Clean,Clean,clean,detect_solar_dust,train
be629f11cd12,Data/curated/Clean/detect_solar_dust_clean_Imgclean_1390_0.jpg,Clean,Clean,clean,detect_solar_dust,train
7787f55c1060,Data/curated/Clean/detect_solar_dust_clean_Imgclean_1391_0.jpg,Clean,Clean,clean,detect_solar_dust,train
9d494f6fac6d,Data/curated/Clean/detect_solar_dust_clean_Imgclean_1392_0.jpg,Clean,Clean,clean,detect_solar_dust,train
fbb1ec7751e0,Data/curated/Clean/detect_solar_dust_clean_Imgclean_1395_0.jpg,Clean,Clean,clean,detect_solar_dust,train
543fc18cbbab,Data/curated/Clean/detect_solar_dust_clean_Imgclean_1396_0.jpg,Clean,Clean,clean,detect_solar_dust,test
41e6dcdc2293,Data/curated/Clean/detect_solar_dust_clean_Imgclean_1397_0.jpg,Clean,Clean,clean,detect_solar_dust,train
9da6f4154515,Data/curated/Clean/detect_solar_dust_clean_Imgclean_1399_0.jpg,Clean,Clean,clean,detect_solar_dust,train
a8545016b34f,Data/curated/Clean/detect_solar_dust_clean_Imgclean_1400_0.jpg,Clean,Clean,clean,detect_solar_dust,test
5096cbf39d20,Data/curated/Clean/detect_solar_dust_clean_Imgclean_1401_0.jpg,Clean,Clean,clean,detect_solar_dust,train
7869dff47945,Data/curated/Clean/detect_solar_dust_clean_Imgclean_1402_0.jpg,Clean,Clean,clean,detect_solar_dust,val
2268d3b3b4d8,Data/curated/Clean/detect_solar_dust_clean_Imgclean_1403_0.jpg,Clean,Clean,clean,detect_solar_dust,val
7dbcf771b262,Data/curated/Clean/detect_solar_dust_clean_Imgclean_1404_0.jpg,Clean,Clean,clean,detect_solar_dust,train
7aa8cb635ea0,Data/curated/Clean/detect_solar_dust_clean_Imgclean_1405_0.jpg,Clean,Clean,clean,detect_solar_dust,train
5dac0df6c809,Data/curated/Clean/detect_solar_dust_clean_Imgclean_1408_0.jpg,Clean,Clean,clean,detect_solar_dust,train
53b202f6a2a5,Data/curated/Clean/detect_solar_dust_clean_Imgclean_1409_0.jpg,Clean,Clean,clean,detect_solar_dust,train
2691468417bf,Data/curated/Clean/detect_solar_dust_clean_Imgclean_140_0.jpg,Clean,Clean,clean,detect_solar_dust,train
88dfe1d18e99,Data/curated/Clean/detect_solar_dust_clean_Imgclean_1410_0.jpg,Clean,Clean,clean,detect_solar_dust,train
b3d67812eecb,Data/curated/Clean/detect_solar_dust_clean_Imgclean_1412_0.jpg,Clean,Clean,clean,detect_solar_dust,train
b860e35be9d3,Data/curated/Clean/detect_solar_dust_clean_Imgclean_1413_0.jpg,Clean,Clean,clean,detect_solar_dust,train
e84437e511cf,Data/curated/Clean/detect_solar_dust_clean_Imgclean_1414_0.jpg,Clean,Clean,clean,detect_solar_dust,train
ac3771520414,Data/curated/Clean/detect_solar_dust_clean_Imgclean_1415_0.jpg,Clean,Clean,clean,detect_solar_dust,train
3aae29b0fd41,Data/curated/Clean/detect_solar_dust_clean_Imgclean_1416_0.jpg,Clean,Clean,clean,detect_solar_dust,train
b74e2d166fab,Data/curated/Clean/detect_solar_dust_clean_Imgclean_1417_0.jpg,Clean,Clean,clean,detect_solar_dust,train
37b67020f155,Data/curated/Clean/detect_solar_dust_clean_Imgclean_1418_0.jpg,Clean,Clean,clean,detect_solar_dust,train
69171c94eb6b,Data/curated/Clean/detect_solar_dust_clean_Imgclean_141_0.jpg,Clean,Clean,clean,detect_solar_dust,train
5f4879c7f686,Data/curated/Clean/detect_solar_dust_clean_Imgclean_1421_0.jpg,Clean,Clean,clean,detect_solar_dust,val
4d800f1d05d5,Data/curated/Clean/detect_solar_dust_clean_Imgclean_1422_0.jpg,Clean,Clean,clean,detect_solar_dust,test
80fa4bfd2461,Data/curated/Clean/detect_solar_dust_clean_Imgclean_1423_0.jpg,Clean,Clean,clean,detect_solar_dust,train
7913d53cc75d,Data/curated/Clean/detect_solar_dust_clean_Imgclean_1424_0.jpg,Clean,Clean,clean,detect_solar_dust,train
366094558ef1,Data/curated/Clean/detect_solar_dust_clean_Imgclean_1425_0.jpg,Clean,Clean,clean,detect_solar_dust,train
09667d404047,Data/curated/Clean/detect_solar_dust_clean_Imgclean_1426_0.jpg,Clean,Clean,clean,detect_solar_dust,train
dc7ece435a94,Data/curated/Clean/detect_solar_dust_clean_Imgclean_1427_0.jpg,Clean,Clean,clean,detect_solar_dust,train
ac9f5b0c4f2c,Data/curated/Clean/detect_solar_dust_clean_Imgclean_1429_0.jpg,Clean,Clean,clean,detect_solar_dust,train
1682a93d8b83,Data/curated/Clean/detect_solar_dust_clean_Imgclean_142_0.jpg,Clean,Clean,clean,detect_solar_dust,train
ea628883a052,Data/curated/Clean/detect_solar_dust_clean_Imgclean_1431_0.jpg,Clean,Clean,clean,detect_solar_dust,train
283177c2cc91,Data/curated/Clean/detect_solar_dust_clean_Imgclean_1433_0.jpg,Clean,Clean,clean,detect_solar_dust,val
0cdfbdc0413c,Data/curated/Clean/detect_solar_dust_clean_Imgclean_1435_0.jpg,Clean,Clean,clean,detect_solar_dust,test
0a23d8046bf1,Data/curated/Clean/detect_solar_dust_clean_Imgclean_1436_0.jpg,Clean,Clean,clean,detect_solar_dust,val
545a16f78237,Data/curated/Clean/detect_solar_dust_clean_Imgclean_1437_0.jpg,Clean,Clean,clean,detect_solar_dust,train
18ed2814acd1,Data/curated/Clean/detect_solar_dust_clean_Imgclean_1438_0.jpg,Clean,Clean,clean,detect_solar_dust,test
0795f54472be,Data/curated/Clean/detect_solar_dust_clean_Imgclean_1440_0.jpg,Clean,Clean,clean,detect_solar_dust,train
cdcdad2d08cd,Data/curated/Clean/detect_solar_dust_clean_Imgclean_1441_0.jpg,Clean,Clean,clean,detect_solar_dust,train
514ae79a6186,Data/curated/Clean/detect_solar_dust_clean_Imgclean_1445_0.jpg,Clean,Clean,clean,detect_solar_dust,train
0e434af12941,Data/curated/Clean/detect_solar_dust_clean_Imgclean_1446_0.jpg,Clean,Clean,clean,detect_solar_dust,train
0f9e6e2f461a,Data/curated/Clean/detect_solar_dust_clean_Imgclean_1449_0.jpg,Clean,Clean,clean,detect_solar_dust,test
ba8527abadfd,Data/curated/Clean/detect_solar_dust_clean_Imgclean_144_0.jpg,Clean,Clean,clean,detect_solar_dust,train
50edae49a866,Data/curated/Clean/detect_solar_dust_clean_Imgclean_1450_0.jpg,Clean,Clean,clean,detect_solar_dust,train
ffde3f464bc5,Data/curated/Clean/detect_solar_dust_clean_Imgclean_1451_0.jpg,Clean,Clean,clean,detect_solar_dust,test
38e9685994a8,Data/curated/Clean/detect_solar_dust_clean_Imgclean_1452_0.jpg,Clean,Clean,clean,detect_solar_dust,train
64d3e1bc2d96,Data/curated/Clean/detect_solar_dust_clean_Imgclean_1455_0.jpg,Clean,Clean,clean,detect_solar_dust,train
b73f1129c408,Data/curated/Clean/detect_solar_dust_clean_Imgclean_1456_0.jpg,Clean,Clean,clean,detect_solar_dust,train
ba38e0d3637e,Data/curated/Clean/detect_solar_dust_clean_Imgclean_1460_0.jpg,Clean,Clean,clean,detect_solar_dust,val
a8de829d63e9,Data/curated/Clean/detect_solar_dust_clean_Imgclean_1462_0.jpg,Clean,Clean,clean,detect_solar_dust,train
e4808b3eaed1,Data/curated/Clean/detect_solar_dust_clean_Imgclean_1463_0.jpg,Clean,Clean,clean,detect_solar_dust,val
aa8fac36bf1f,Data/curated/Clean/detect_solar_dust_clean_Imgclean_1465_0.jpg,Clean,Clean,clean,detect_solar_dust,val
c9a6597c85e0,Data/curated/Clean/detect_solar_dust_clean_Imgclean_1466_0.jpg,Clean,Clean,clean,detect_solar_dust,train
bbf59fb7b25a,Data/curated/Clean/detect_solar_dust_clean_Imgclean_1467_0.jpg,Clean,Clean,clean,detect_solar_dust,test
093384d1f029,Data/curated/Clean/detect_solar_dust_clean_Imgclean_1469_0.jpg,Clean,Clean,clean,detect_solar_dust,train
9670275c47cc,Data/curated/Clean/detect_solar_dust_clean_Imgclean_146_0.jpg,Clean,Clean,clean,detect_solar_dust,train
83accef7b94a,Data/curated/Clean/detect_solar_dust_clean_Imgclean_1470_0.jpg,Clean,Clean,clean,detect_solar_dust,train
985b7475b730,Data/curated/Clean/detect_solar_dust_clean_Imgclean_1472_0.jpg,Clean,Clean,clean,detect_solar_dust,train
ea98d798143e,Data/curated/Clean/detect_solar_dust_clean_Imgclean_1473_0.jpg,Clean,Clean,clean,detect_solar_dust,val
a8cc43feccd7,Data/curated/Clean/detect_solar_dust_clean_Imgclean_1476_0.jpg,Clean,Clean,clean,detect_solar_dust,train
15f6b21e1d1a,Data/curated/Clean/detect_solar_dust_clean_Imgclean_1478_0.jpg,Clean,Clean,clean,detect_solar_dust,train
8a75164d309b,Data/curated/Clean/detect_solar_dust_clean_Imgclean_1479_0.jpg,Clean,Clean,clean,detect_solar_dust,test
166f4e1acf9f,Data/curated/Clean/detect_solar_dust_clean_Imgclean_1480_0.jpg,Clean,Clean,clean,detect_solar_dust,train
4e5624b3c5a3,Data/curated/Clean/detect_solar_dust_clean_Imgclean_1482_0.jpg,Clean,Clean,clean,detect_solar_dust,train
7acc96fc8d23,Data/curated/Clean/detect_solar_dust_clean_Imgclean_1484_0.jpg,Clean,Clean,clean,detect_solar_dust,train
2b3593fc159e,Data/curated/Clean/detect_solar_dust_clean_Imgclean_1486_0.jpg,Clean,Clean,clean,detect_solar_dust,train
a3bc9d8e6ae6,Data/curated/Clean/detect_solar_dust_clean_Imgclean_1489_0.jpg,Clean,Clean,clean,detect_solar_dust,test
0003e655877c,Data/curated/Clean/detect_solar_dust_clean_Imgclean_1490_0.jpg,Clean,Clean,clean,detect_solar_dust,train
bee7b8ac5523,Data/curated/Clean/detect_solar_dust_clean_Imgclean_1492_0.jpg,Clean,Clean,clean,detect_solar_dust,train
91a9b23bb4c1,Data/curated/Clean/detect_solar_dust_clean_Imgclean_14_0.jpg,Clean,Clean,clean,detect_solar_dust,train
12c5b51fda1f,Data/curated/Clean/detect_solar_dust_clean_Imgclean_150_0.jpg,Clean,Clean,clean,detect_solar_dust,test
279e5a8e1272,Data/curated/Clean/detect_solar_dust_clean_Imgclean_152_0.jpg,Clean,Clean,clean,detect_solar_dust,val
3a8fd62d0037,Data/curated/Clean/detect_solar_dust_clean_Imgclean_153_0.jpg,Clean,Clean,clean,detect_solar_dust,test
d487cd829e06,Data/curated/Clean/detect_solar_dust_clean_Imgclean_154_0.jpg,Clean,Clean,clean,detect_solar_dust,train
7709ec174d4c,Data/curated/Clean/detect_solar_dust_clean_Imgclean_155_0.jpg,Clean,Clean,clean,detect_solar_dust,train
aff1f737251c,Data/curated/Clean/detect_solar_dust_clean_Imgclean_15_0.jpg,Clean,Clean,clean,detect_solar_dust,train
c21d0fedc6df,Data/curated/Clean/detect_solar_dust_clean_Imgclean_161_0.jpg,Clean,Clean,clean,detect_solar_dust,train
f4c1ecd158ba,Data/curated/Clean/detect_solar_dust_clean_Imgclean_162_0.jpg,Clean,Clean,clean,detect_solar_dust,val
2929ecceb528,Data/curated/Clean/detect_solar_dust_clean_Imgclean_163_0.jpg,Clean,Clean,clean,detect_solar_dust,train
5b6b9f467d9b,Data/curated/Clean/detect_solar_dust_clean_Imgclean_169_0.jpg,Clean,Clean,clean,detect_solar_dust,train
7b63daff9e0f,Data/curated/Clean/detect_solar_dust_clean_Imgclean_16_0.jpg,Clean,Clean,clean,detect_solar_dust,train
2c3471286ee9,Data/curated/Clean/detect_solar_dust_clean_Imgclean_170_0.jpg,Clean,Clean,clean,detect_solar_dust,train
dfc77d38fdb6,Data/curated/Clean/detect_solar_dust_clean_Imgclean_172_0.jpg,Clean,Clean,clean,detect_solar_dust,val
44696c0a57f2,Data/curated/Clean/detect_solar_dust_clean_Imgclean_176_0.jpg,Clean,Clean,clean,detect_solar_dust,train
46ca3c4a61ff,Data/curated/Clean/detect_solar_dust_clean_Imgclean_177_0.jpg,Clean,Clean,clean,detect_solar_dust,train
f3aa587c43c7,Data/curated/Clean/detect_solar_dust_clean_Imgclean_178_0.jpg,Clean,Clean,clean,detect_solar_dust,train
f6f693ce09f6,Data/curated/Clean/detect_solar_dust_clean_Imgclean_17_0.jpg,Clean,Clean,clean,detect_solar_dust,train
129b4cb7c060,Data/curated/Clean/detect_solar_dust_clean_Imgclean_182_0.jpg,Clean,Clean,clean,detect_solar_dust,train
75abe7e461b0,Data/curated/Clean/detect_solar_dust_clean_Imgclean_183_0.jpg,Clean,Clean,clean,detect_solar_dust,val
ceccd0e453f9,Data/curated/Clean/detect_solar_dust_clean_Imgclean_184_0.jpg,Clean,Clean,clean,detect_solar_dust,train
eb4cb2ce9e2f,Data/curated/Clean/detect_solar_dust_clean_Imgclean_186_0.jpg,Clean,Clean,clean,detect_solar_dust,train
d7e91a502f56,Data/curated/Clean/detect_solar_dust_clean_Imgclean_188_0.jpg,Clean,Clean,clean,detect_solar_dust,test
7ec4c2c806ab,Data/curated/Clean/detect_solar_dust_clean_Imgclean_18_0.jpg,Clean,Clean,clean,detect_solar_dust,train
99f4e77d3903,Data/curated/Clean/detect_solar_dust_clean_Imgclean_191_0.jpg,Clean,Clean,clean,detect_solar_dust,train
51d834c8f476,Data/curated/Clean/detect_solar_dust_clean_Imgclean_194_0.jpg,Clean,Clean,clean,detect_solar_dust,val
5f78fa8ede66,Data/curated/Clean/detect_solar_dust_clean_Imgclean_195_0.jpg,Clean,Clean,clean,detect_solar_dust,train
7616e2b8536a,Data/curated/Clean/detect_solar_dust_clean_Imgclean_196_0.jpg,Clean,Clean,clean,detect_solar_dust,train
f108362986fa,Data/curated/Clean/detect_solar_dust_clean_Imgclean_197_0.jpg,Clean,Clean,clean,detect_solar_dust,train
7d6db5e3ff23,Data/curated/Clean/detect_solar_dust_clean_Imgclean_198_0.jpg,Clean,Clean,clean,detect_solar_dust,train
8cb44a427944,Data/curated/Clean/detect_solar_dust_clean_Imgclean_19_0.jpg,Clean,Clean,clean,detect_solar_dust,train
baa5c79b7473,Data/curated/Clean/detect_solar_dust_clean_Imgclean_1_0.jpg,Clean,Clean,clean,detect_solar_dust,train
e797f11ffdc6,Data/curated/Clean/detect_solar_dust_clean_Imgclean_201_0.jpg,Clean,Clean,clean,detect_solar_dust,test
823bac1574d2,Data/curated/Clean/detect_solar_dust_clean_Imgclean_202_0.jpg,Clean,Clean,clean,detect_solar_dust,train
94e0e19f3fa0,Data/curated/Clean/detect_solar_dust_clean_Imgclean_203_0.jpg,Clean,Clean,clean,detect_solar_dust,train
6c917e95a38d,Data/curated/Clean/detect_solar_dust_clean_Imgclean_204_0.jpg,Clean,Clean,clean,detect_solar_dust,train
0ad92c8004ba,Data/curated/Clean/detect_solar_dust_clean_Imgclean_205_0.jpg,Clean,Clean,clean,detect_solar_dust,train
bf6b3bf5cf56,Data/curated/Clean/detect_solar_dust_clean_Imgclean_206_0.jpg,Clean,Clean,clean,detect_solar_dust,train
1d60309b9270,Data/curated/Clean/detect_solar_dust_clean_Imgclean_207_0.jpg,Clean,Clean,clean,detect_solar_dust,train
82ab9f322db4,Data/curated/Clean/detect_solar_dust_clean_Imgclean_20_0.jpg,Clean,Clean,clean,detect_solar_dust,train
0533694e5ad3,Data/curated/Clean/detect_solar_dust_clean_Imgclean_213_0.jpg,Clean,Clean,clean,detect_solar_dust,val
7ee2ccc3bfd0,Data/curated/Clean/detect_solar_dust_clean_Imgclean_219_0.jpg,Clean,Clean,clean,detect_solar_dust,train
c501cf4bffc6,Data/curated/Clean/detect_solar_dust_clean_Imgclean_220_0.jpg,Clean,Clean,clean,detect_solar_dust,train
e5cc18e3e33e,Data/curated/Clean/detect_solar_dust_clean_Imgclean_221_0.jpg,Clean,Clean,clean,detect_solar_dust,test
444981c3ad33,Data/curated/Clean/detect_solar_dust_clean_Imgclean_222_0.jpg,Clean,Clean,clean,detect_solar_dust,test
a390a1b5d4ab,Data/curated/Clean/detect_solar_dust_clean_Imgclean_225_0.jpg,Clean,Clean,clean,detect_solar_dust,train
cd5203472d1b,Data/curated/Clean/detect_solar_dust_clean_Imgclean_226_0.jpg,Clean,Clean,clean,detect_solar_dust,train
5a5b77b2b18d,Data/curated/Clean/detect_solar_dust_clean_Imgclean_228_0.jpg,Clean,Clean,clean,detect_solar_dust,val
102b9d79a19c,Data/curated/Clean/detect_solar_dust_clean_Imgclean_22_0.jpg,Clean,Clean,clean,detect_solar_dust,train
5ff91ab17267,Data/curated/Clean/detect_solar_dust_clean_Imgclean_231_0.jpg,Clean,Clean,clean,detect_solar_dust,test
338829f56c2d,Data/curated/Clean/detect_solar_dust_clean_Imgclean_234_0.jpg,Clean,Clean,clean,detect_solar_dust,train
31b618d14617,Data/curated/Clean/detect_solar_dust_clean_Imgclean_236_0.jpg,Clean,Clean,clean,detect_solar_dust,train
9ea3da86ce01,Data/curated/Clean/detect_solar_dust_clean_Imgclean_237_0.jpg,Clean,Clean,clean,detect_solar_dust,train
9789126adec4,Data/curated/Clean/detect_solar_dust_clean_Imgclean_239_0.jpg,Clean,Clean,clean,detect_solar_dust,test
c84172f76dbb,Data/curated/Clean/detect_solar_dust_clean_Imgclean_23_0.jpg,Clean,Clean,clean,detect_solar_dust,val
330dd9252e4c,Data/curated/Clean/detect_solar_dust_clean_Imgclean_240_0.jpg,Clean,Clean,clean,detect_solar_dust,train
23a847f6b0cd,Data/curated/Clean/detect_solar_dust_clean_Imgclean_241_0.jpg,Clean,Clean,clean,detect_solar_dust,train
a9632f15b7b2,Data/curated/Clean/detect_solar_dust_clean_Imgclean_243_0.jpg,Clean,Clean,clean,detect_solar_dust,train
317177d409c6,Data/curated/Clean/detect_solar_dust_clean_Imgclean_244_0.jpg,Clean,Clean,clean,detect_solar_dust,train
d6fd63c558aa,Data/curated/Clean/detect_solar_dust_clean_Imgclean_245_0.jpg,Clean,Clean,clean,detect_solar_dust,train
bd36b278c012,Data/curated/Clean/detect_solar_dust_clean_Imgclean_246_0.jpg,Clean,Clean,clean,detect_solar_dust,train
55bbff033aca,Data/curated/Clean/detect_solar_dust_clean_Imgclean_247_0.jpg,Clean,Clean,clean,detect_solar_dust,val
bff9a324be61,Data/curated/Clean/detect_solar_dust_clean_Imgclean_24_0.jpg,Clean,Clean,clean,detect_solar_dust,val
164ba9f4c509,Data/curated/Clean/detect_solar_dust_clean_Imgclean_250_0.jpg,Clean,Clean,clean,detect_solar_dust,train
8200f9ead852,Data/curated/Clean/detect_solar_dust_clean_Imgclean_252_0.jpg,Clean,Clean,clean,detect_solar_dust,val
f604c7891fa9,Data/curated/Clean/detect_solar_dust_clean_Imgclean_254_0.jpg,Clean,Clean,clean,detect_solar_dust,train
7194a697779d,Data/curated/Clean/detect_solar_dust_clean_Imgclean_255_0.jpg,Clean,Clean,clean,detect_solar_dust,val
957da3d78ac3,Data/curated/Clean/detect_solar_dust_clean_Imgclean_259_0.jpg,Clean,Clean,clean,detect_solar_dust,train
9bb98c37f37c,Data/curated/Clean/detect_solar_dust_clean_Imgclean_25_0.jpg,Clean,Clean,clean,detect_solar_dust,train
200a3323df17,Data/curated/Clean/detect_solar_dust_clean_Imgclean_260_0.jpg,Clean,Clean,clean,detect_solar_dust,train
ffbe34c914c7,Data/curated/Clean/detect_solar_dust_clean_Imgclean_261_0.jpg,Clean,Clean,clean,detect_solar_dust,train
1d3e1d057faf,Data/curated/Clean/detect_solar_dust_clean_Imgclean_262_0.jpg,Clean,Clean,clean,detect_solar_dust,train
845210f81501,Data/curated/Clean/detect_solar_dust_clean_Imgclean_264_0.jpg,Clean,Clean,clean,detect_solar_dust,train
acf22fb37410,Data/curated/Clean/detect_solar_dust_clean_Imgclean_268_0.jpg,Clean,Clean,clean,detect_solar_dust,train
c95c5fbf7ca1,Data/curated/Clean/detect_solar_dust_clean_Imgclean_26_0.jpg,Clean,Clean,clean,detect_solar_dust,val
aff282745d9b,Data/curated/Clean/detect_solar_dust_clean_Imgclean_279_0.jpg,Clean,Clean,clean,detect_solar_dust,train
0a21e8a69f45,Data/curated/Clean/detect_solar_dust_clean_Imgclean_281_0.jpg,Clean,Clean,clean,detect_solar_dust,test
df06d2d27f37,Data/curated/Clean/detect_solar_dust_clean_Imgclean_284_0.jpg,Clean,Clean,clean,detect_solar_dust,val
cc4758e57b1b,Data/curated/Clean/detect_solar_dust_clean_Imgclean_285_0.jpg,Clean,Clean,clean,detect_solar_dust,train
c110aa58ec4a,Data/curated/Clean/detect_solar_dust_clean_Imgclean_286_0.jpg,Clean,Clean,clean,detect_solar_dust,train
d3047a27dbf0,Data/curated/Clean/detect_solar_dust_clean_Imgclean_287_0.jpg,Clean,Clean,clean,detect_solar_dust,test
695ae924ee89,Data/curated/Clean/detect_solar_dust_clean_Imgclean_288_0.jpg,Clean,Clean,clean,detect_solar_dust,test
2c87048be20c,Data/curated/Clean/detect_solar_dust_clean_Imgclean_290_0.jpg,Clean,Clean,clean,detect_solar_dust,train
48c81d21d162,Data/curated/Clean/detect_solar_dust_clean_Imgclean_292_0.jpg,Clean,Clean,clean,detect_solar_dust,val
601f242f4ceb,Data/curated/Clean/detect_solar_dust_clean_Imgclean_296_0.jpg,Clean,Clean,clean,detect_solar_dust,test
109e8b5c3ee1,Data/curated/Clean/detect_solar_dust_clean_Imgclean_297_0.jpg,Clean,Clean,clean,detect_solar_dust,test
d4b845e65a3b,Data/curated/Clean/detect_solar_dust_clean_Imgclean_299_0.jpg,Clean,Clean,clean,detect_solar_dust,train
363fffe31533,Data/curated/Clean/detect_solar_dust_clean_Imgclean_2_0.jpg,Clean,Clean,clean,detect_solar_dust,test
8f60d6e58944,Data/curated/Clean/detect_solar_dust_clean_Imgclean_300_0.jpg,Clean,Clean,clean,detect_solar_dust,train
d1827b0a1126,Data/curated/Clean/detect_solar_dust_clean_Imgclean_302_0.jpg,Clean,Clean,clean,detect_solar_dust,train
94a70706ccbe,Data/curated/Clean/detect_solar_dust_clean_Imgclean_303_0.jpg,Clean,Clean,clean,detect_solar_dust,train
de2886956cd7,Data/curated/Clean/detect_solar_dust_clean_Imgclean_304_0.jpg,Clean,Clean,clean,detect_solar_dust,train
103c84792c82,Data/curated/Clean/detect_solar_dust_clean_Imgclean_306_0.jpg,Clean,Clean,clean,detect_solar_dust,test
4dc600e67124,Data/curated/Clean/detect_solar_dust_clean_Imgclean_307_0.jpg,Clean,Clean,clean,detect_solar_dust,val
ba95227a841b,Data/curated/Clean/detect_solar_dust_clean_Imgclean_310_0.jpg,Clean,Clean,clean,detect_solar_dust,train
cf85e67ff792,Data/curated/Clean/detect_solar_dust_clean_Imgclean_312_0.jpg,Clean,Clean,clean,detect_solar_dust,train
1451a60e495e,Data/curated/Clean/detect_solar_dust_clean_Imgclean_313_0.jpg,Clean,Clean,clean,detect_solar_dust,val
a77e0e2c5d46,Data/curated/Clean/detect_solar_dust_clean_Imgclean_318_0.jpg,Clean,Clean,clean,detect_solar_dust,train
f51ddc558f26,Data/curated/Clean/detect_solar_dust_clean_Imgclean_321_0.jpg,Clean,Clean,clean,detect_solar_dust,train
b43179158776,Data/curated/Clean/detect_solar_dust_clean_Imgclean_322_0.jpg,Clean,Clean,clean,detect_solar_dust,train
8bb07f43fbd9,Data/curated/Clean/detect_solar_dust_clean_Imgclean_323_0.jpg,Clean,Clean,clean,detect_solar_dust,train
482e337b3aec,Data/curated/Clean/detect_solar_dust_clean_Imgclean_325_0.jpg,Clean,Clean,clean,detect_solar_dust,val
df90e1b67965,Data/curated/Clean/detect_solar_dust_clean_Imgclean_326_0.jpg,Clean,Clean,clean,detect_solar_dust,val
70df0efdb02c,Data/curated/Clean/detect_solar_dust_clean_Imgclean_332_0.jpg,Clean,Clean,clean,detect_solar_dust,train
8e461ea3d3a0,Data/curated/Clean/detect_solar_dust_clean_Imgclean_337_0.jpg,Clean,Clean,clean,detect_solar_dust,train
a0990a4ab9c2,Data/curated/Clean/detect_solar_dust_clean_Imgclean_338_0.jpg,Clean,Clean,clean,detect_solar_dust,train
c5875b5ea295,Data/curated/Clean/detect_solar_dust_clean_Imgclean_339_0.jpg,Clean,Clean,clean,detect_solar_dust,val
dcc0da1d1c40,Data/curated/Clean/detect_solar_dust_clean_Imgclean_340_0.jpg,Clean,Clean,clean,detect_solar_dust,train
a677820c73ef,Data/curated/Clean/detect_solar_dust_clean_Imgclean_341_0.jpg,Clean,Clean,clean,detect_solar_dust,train
b8f9a9b9c367,Data/curated/Clean/detect_solar_dust_clean_Imgclean_345_0.jpg,Clean,Clean,clean,detect_solar_dust,test
4d0c82cc9fe6,Data/curated/Clean/detect_solar_dust_clean_Imgclean_346_0.jpg,Clean,Clean,clean,detect_solar_dust,test
98c8e7f97835,Data/curated/Clean/detect_solar_dust_clean_Imgclean_347_0.jpg,Clean,Clean,clean,detect_solar_dust,train
9f3996a96c1f,Data/curated/Clean/detect_solar_dust_clean_Imgclean_348_0.jpg,Clean,Clean,clean,detect_solar_dust,train
61666a34e743,Data/curated/Clean/detect_solar_dust_clean_Imgclean_349_0.jpg,Clean,Clean,clean,detect_solar_dust,val
3c96d3b249f4,Data/curated/Clean/detect_solar_dust_clean_Imgclean_350_0.jpg,Clean,Clean,clean,detect_solar_dust,train
e22dcc648f3f,Data/curated/Clean/detect_solar_dust_clean_Imgclean_351_0.jpg,Clean,Clean,clean,detect_solar_dust,val
32a79ad7d82d,Data/curated/Clean/detect_solar_dust_clean_Imgclean_355_0.jpg,Clean,Clean,clean,detect_solar_dust,train
aa5a414c91c1,Data/curated/Clean/detect_solar_dust_clean_Imgclean_359_0.jpg,Clean,Clean,clean,detect_solar_dust,val
a9b09c7c2da3,Data/curated/Clean/detect_solar_dust_clean_Imgclean_35_0.jpg,Clean,Clean,clean,detect_solar_dust,train
d000d5000433,Data/curated/Clean/detect_solar_dust_clean_Imgclean_360_0.jpg,Clean,Clean,clean,detect_solar_dust,val
386b79cacc67,Data/curated/Clean/detect_solar_dust_clean_Imgclean_361_0.jpg,Clean,Clean,clean,detect_solar_dust,train
6ed25bc04342,Data/curated/Clean/detect_solar_dust_clean_Imgclean_362_0.jpg,Clean,Clean,clean,detect_solar_dust,train
12d64d68e8b0,Data/curated/Clean/detect_solar_dust_clean_Imgclean_366_0.jpg,Clean,Clean,clean,detect_solar_dust,val
5e8973f32138,Data/curated/Clean/detect_solar_dust_clean_Imgclean_367_0.jpg,Clean,Clean,clean,detect_solar_dust,test
3b7703d110b6,Data/curated/Clean/detect_solar_dust_clean_Imgclean_368_0.jpg,Clean,Clean,clean,detect_solar_dust,train
5f175ca18fc1,Data/curated/Clean/detect_solar_dust_clean_Imgclean_369_0.jpg,Clean,Clean,clean,detect_solar_dust,train
cf8b99f19d66,Data/curated/Clean/detect_solar_dust_clean_Imgclean_36_0.jpg,Clean,Clean,clean,detect_solar_dust,test
abab0aa43fea,Data/curated/Clean/detect_solar_dust_clean_Imgclean_371_0.jpg,Clean,Clean,clean,detect_solar_dust,train
b26a9f3a287b,Data/curated/Clean/detect_solar_dust_clean_Imgclean_374_0.jpg,Clean,Clean,clean,detect_solar_dust,train
1f4021ac2991,Data/curated/Clean/detect_solar_dust_clean_Imgclean_375_0.jpg,Clean,Clean,clean,detect_solar_dust,train
3c852a6339cd,Data/curated/Clean/detect_solar_dust_clean_Imgclean_376_0.jpg,Clean,Clean,clean,detect_solar_dust,val
3c45d92dd85d,Data/curated/Clean/detect_solar_dust_clean_Imgclean_380_0.jpg,Clean,Clean,clean,detect_solar_dust,train
21d8e5734304,Data/curated/Clean/detect_solar_dust_clean_Imgclean_382_0.jpg,Clean,Clean,clean,detect_solar_dust,train
e300a7111c5c,Data/curated/Clean/detect_solar_dust_clean_Imgclean_383_0.jpg,Clean,Clean,clean,detect_solar_dust,train
05b5cdd846b8,Data/curated/Clean/detect_solar_dust_clean_Imgclean_384_0.jpg,Clean,Clean,clean,detect_solar_dust,train
162f2f6a4555,Data/curated/Clean/detect_solar_dust_clean_Imgclean_38_0.jpg,Clean,Clean,clean,detect_solar_dust,val
f3b215373e6f,Data/curated/Clean/detect_solar_dust_clean_Imgclean_390_0.jpg,Clean,Clean,clean,detect_solar_dust,test
6f09c79029cc,Data/curated/Clean/detect_solar_dust_clean_Imgclean_391_0.jpg,Clean,Clean,clean,detect_solar_dust,test
284da07cc6ac,Data/curated/Clean/detect_solar_dust_clean_Imgclean_392_0.jpg,Clean,Clean,clean,detect_solar_dust,test
cafb2d4b5611,Data/curated/Clean/detect_solar_dust_clean_Imgclean_394_0.jpg,Clean,Clean,clean,detect_solar_dust,train
5ad7fd9c67cc,Data/curated/Clean/detect_solar_dust_clean_Imgclean_395_0.jpg,Clean,Clean,clean,detect_solar_dust,train
7daf7b4a58bc,Data/curated/Clean/detect_solar_dust_clean_Imgclean_397_0.jpg,Clean,Clean,clean,detect_solar_dust,train
83714a29ef38,Data/curated/Clean/detect_solar_dust_clean_Imgclean_398_0.jpg,Clean,Clean,clean,detect_solar_dust,val
018643be2897,Data/curated/Clean/detect_solar_dust_clean_Imgclean_399_0.jpg,Clean,Clean,clean,detect_solar_dust,train
b9ea9613da20,Data/curated/Clean/detect_solar_dust_clean_Imgclean_39_0.jpg,Clean,Clean,clean,detect_solar_dust,train
152614725494,Data/curated/Clean/detect_solar_dust_clean_Imgclean_3_0.jpg,Clean,Clean,clean,detect_solar_dust,test
e0c48b93735e,Data/curated/Clean/detect_solar_dust_clean_Imgclean_400_0.jpg,Clean,Clean,clean,detect_solar_dust,val
b39b7b26dd60,Data/curated/Clean/detect_solar_dust_clean_Imgclean_402_0.jpg,Clean,Clean,clean,detect_solar_dust,train
a56f60029647,Data/curated/Clean/detect_solar_dust_clean_Imgclean_403_0.jpg,Clean,Clean,clean,detect_solar_dust,train
8d0b26cdee0f,Data/curated/Clean/detect_solar_dust_clean_Imgclean_404_0.jpg,Clean,Clean,clean,detect_solar_dust,train
223ff32d51d1,Data/curated/Clean/detect_solar_dust_clean_Imgclean_405_0.jpg,Clean,Clean,clean,detect_solar_dust,val
98f6040c424b,Data/curated/Clean/detect_solar_dust_clean_Imgclean_406_0.jpg,Clean,Clean,clean,detect_solar_dust,val
4e6a2c43cc2e,Data/curated/Clean/detect_solar_dust_clean_Imgclean_407_0.jpg,Clean,Clean,clean,detect_solar_dust,train
a9d7fa7e84aa,Data/curated/Clean/detect_solar_dust_clean_Imgclean_408_0.jpg,Clean,Clean,clean,detect_solar_dust,train
4c79d348a01b,Data/curated/Clean/detect_solar_dust_clean_Imgclean_409_0.jpg,Clean,Clean,clean,detect_solar_dust,train
5c2dad6c2b87,Data/curated/Clean/detect_solar_dust_clean_Imgclean_411_0.jpg,Clean,Clean,clean,detect_solar_dust,train
14b3fd923cd4,Data/curated/Clean/detect_solar_dust_clean_Imgclean_414_0.jpg,Clean,Clean,clean,detect_solar_dust,val
5ca612d38dea,Data/curated/Clean/detect_solar_dust_clean_Imgclean_416_0.jpg,Clean,Clean,clean,detect_solar_dust,val
79021e366b72,Data/curated/Clean/detect_solar_dust_clean_Imgclean_417_0.jpg,Clean,Clean,clean,detect_solar_dust,test
84d717a148ac,Data/curated/Clean/detect_solar_dust_clean_Imgclean_418_0.jpg,Clean,Clean,clean,detect_solar_dust,train
23e90929bdf2,Data/curated/Clean/detect_solar_dust_clean_Imgclean_41_0.jpg,Clean,Clean,clean,detect_solar_dust,test
2e462bb38672,Data/curated/Clean/detect_solar_dust_clean_Imgclean_421_0.jpg,Clean,Clean,clean,detect_solar_dust,val
325d86394996,Data/curated/Clean/detect_solar_dust_clean_Imgclean_422_0.jpg,Clean,Clean,clean,detect_solar_dust,train
0e24250fa8db,Data/curated/Clean/detect_solar_dust_clean_Imgclean_424_0.jpg,Clean,Clean,clean,detect_solar_dust,train
c585ed0948ea,Data/curated/Clean/detect_solar_dust_clean_Imgclean_425_0.jpg,Clean,Clean,clean,detect_solar_dust,val
26a283e940af,Data/curated/Clean/detect_solar_dust_clean_Imgclean_426_0.jpg,Clean,Clean,clean,detect_solar_dust,train
e488c8d2dd1d,Data/curated/Clean/detect_solar_dust_clean_Imgclean_427_0.jpg,Clean,Clean,clean,detect_solar_dust,train
0230aa76f766,Data/curated/Clean/detect_solar_dust_clean_Imgclean_428_0.jpg,Clean,Clean,clean,detect_solar_dust,train
85dcd7999893,Data/curated/Clean/detect_solar_dust_clean_Imgclean_429_0.jpg,Clean,Clean,clean,detect_solar_dust,val
e6b1d4148336,Data/curated/Clean/detect_solar_dust_clean_Imgclean_42_0.jpg,Clean,Clean,clean,detect_solar_dust,train
2f6669f76734,Data/curated/Clean/detect_solar_dust_clean_Imgclean_430_0.jpg,Clean,Clean,clean,detect_solar_dust,train
1a2bab192a47,Data/curated/Clean/detect_solar_dust_clean_Imgclean_431_0.jpg,Clean,Clean,clean,detect_solar_dust,train
2487852ae94f,Data/curated/Clean/detect_solar_dust_clean_Imgclean_432_0.jpg,Clean,Clean,clean,detect_solar_dust,val
9f122b65de80,Data/curated/Clean/detect_solar_dust_clean_Imgclean_434_0.jpg,Clean,Clean,clean,detect_solar_dust,val
850045998967,Data/curated/Clean/detect_solar_dust_clean_Imgclean_435_0.jpg,Clean,Clean,clean,detect_solar_dust,train
b727fb0b17bf,Data/curated/Clean/detect_solar_dust_clean_Imgclean_436_0.jpg,Clean,Clean,clean,detect_solar_dust,train
fa8fced12b1b,Data/curated/Clean/detect_solar_dust_clean_Imgclean_437_0.jpg,Clean,Clean,clean,detect_solar_dust,train
40835550f389,Data/curated/Clean/detect_solar_dust_clean_Imgclean_439_0.jpg,Clean,Clean,clean,detect_solar_dust,train
53439d241f68,Data/curated/Clean/detect_solar_dust_clean_Imgclean_43_0.jpg,Clean,Clean,clean,detect_solar_dust,train
96a197fcc03d,Data/curated/Clean/detect_solar_dust_clean_Imgclean_440_0.jpg,Clean,Clean,clean,detect_solar_dust,val
f81cd8c00bd1,Data/curated/Clean/detect_solar_dust_clean_Imgclean_441_0.jpg,Clean,Clean,clean,detect_solar_dust,train
5ad57bb929ff,Data/curated/Clean/detect_solar_dust_clean_Imgclean_442_0.jpg,Clean,Clean,clean,detect_solar_dust,test
728005deffde,Data/curated/Clean/detect_solar_dust_clean_Imgclean_443_0.jpg,Clean,Clean,clean,detect_solar_dust,val
2be1484662ce,Data/curated/Clean/detect_solar_dust_clean_Imgclean_444_0.jpg,Clean,Clean,clean,detect_solar_dust,train
96811190b413,Data/curated/Clean/detect_solar_dust_clean_Imgclean_445_0.jpg,Clean,Clean,clean,detect_solar_dust,train
c92398e57803,Data/curated/Clean/detect_solar_dust_clean_Imgclean_446_0.jpg,Clean,Clean,clean,detect_solar_dust,train
456260fd9a28,Data/curated/Clean/detect_solar_dust_clean_Imgclean_447_0.jpg,Clean,Clean,clean,detect_solar_dust,test
2811302a548a,Data/curated/Clean/detect_solar_dust_clean_Imgclean_448_0.jpg,Clean,Clean,clean,detect_solar_dust,train
ddd3af3de6d2,Data/curated/Clean/detect_solar_dust_clean_Imgclean_449_0.jpg,Clean,Clean,clean,detect_solar_dust,train
8f79adc0ca06,Data/curated/Clean/detect_solar_dust_clean_Imgclean_44_0.jpg,Clean,Clean,clean,detect_solar_dust,train
208118e1c727,Data/curated/Clean/detect_solar_dust_clean_Imgclean_450_0.jpg,Clean,Clean,clean,detect_solar_dust,train
3a1a1f4c140e,Data/curated/Clean/detect_solar_dust_clean_Imgclean_452_0.jpg,Clean,Clean,clean,detect_solar_dust,val
42da3ec0cabb,Data/curated/Clean/detect_solar_dust_clean_Imgclean_453_0.jpg,Clean,Clean,clean,detect_solar_dust,train
83107a5a7c81,Data/curated/Clean/detect_solar_dust_clean_Imgclean_454_0.jpg,Clean,Clean,clean,detect_solar_dust,test
925636a03d1b,Data/curated/Clean/detect_solar_dust_clean_Imgclean_455_0.jpg,Clean,Clean,clean,detect_solar_dust,test
f6cbf316c64a,Data/curated/Clean/detect_solar_dust_clean_Imgclean_456_0.jpg,Clean,Clean,clean,detect_solar_dust,train
8d4a3a65422a,Data/curated/Clean/detect_solar_dust_clean_Imgclean_457_0.jpg,Clean,Clean,clean,detect_solar_dust,train
011e12bf8d36,Data/curated/Clean/detect_solar_dust_clean_Imgclean_458_0.jpg,Clean,Clean,clean,detect_solar_dust,test
5c495c0c41d4,Data/curated/Clean/detect_solar_dust_clean_Imgclean_459_0.jpg,Clean,Clean,clean,detect_solar_dust,train
90c451a06ba5,Data/curated/Clean/detect_solar_dust_clean_Imgclean_45_0.jpg,Clean,Clean,clean,detect_solar_dust,test
483d92a46418,Data/curated/Clean/detect_solar_dust_clean_Imgclean_460_0.jpg,Clean,Clean,clean,detect_solar_dust,train
0373e9fa9a75,Data/curated/Clean/detect_solar_dust_clean_Imgclean_461_0.jpg,Clean,Clean,clean,detect_solar_dust,train
6cde7c3c013d,Data/curated/Clean/detect_solar_dust_clean_Imgclean_462_0.jpg,Clean,Clean,clean,detect_solar_dust,train
1e7c76a4a9b5,Data/curated/Clean/detect_solar_dust_clean_Imgclean_463_0.jpg,Clean,Clean,clean,detect_solar_dust,train
9dde5e26ee42,Data/curated/Clean/detect_solar_dust_clean_Imgclean_464_0.jpg,Clean,Clean,clean,detect_solar_dust,test
9036afc63d96,Data/curated/Clean/detect_solar_dust_clean_Imgclean_465_0.jpg,Clean,Clean,clean,detect_solar_dust,test
1d15217e4286,Data/curated/Clean/detect_solar_dust_clean_Imgclean_466_0.jpg,Clean,Clean,clean,detect_solar_dust,train
3deed17ea3d3,Data/curated/Clean/detect_solar_dust_clean_Imgclean_467_0.jpg,Clean,Clean,clean,detect_solar_dust,train
a185d45340f0,Data/curated/Clean/detect_solar_dust_clean_Imgclean_468_0.jpg,Clean,Clean,clean,detect_solar_dust,train
dc9b8a774fc3,Data/curated/Clean/detect_solar_dust_clean_Imgclean_469_0.jpg,Clean,Clean,clean,detect_solar_dust,train
35e904c0d0ec,Data/curated/Clean/detect_solar_dust_clean_Imgclean_46_0.jpg,Clean,Clean,clean,detect_solar_dust,train
8715c04702df,Data/curated/Clean/detect_solar_dust_clean_Imgclean_470_0.jpg,Clean,Clean,clean,detect_solar_dust,train
579f52ddd1c9,Data/curated/Clean/detect_solar_dust_clean_Imgclean_471_0.jpg,Clean,Clean,clean,detect_solar_dust,train
a581e9a03f0b,Data/curated/Clean/detect_solar_dust_clean_Imgclean_472_0.jpg,Clean,Clean,clean,detect_solar_dust,train
cd910d5b0e2a,Data/curated/Clean/detect_solar_dust_clean_Imgclean_473_0.jpg,Clean,Clean,clean,detect_solar_dust,test
32f9c0ac5391,Data/curated/Clean/detect_solar_dust_clean_Imgclean_475_0.jpg,Clean,Clean,clean,detect_solar_dust,val
b866e2daff96,Data/curated/Clean/detect_solar_dust_clean_Imgclean_476_0.jpg,Clean,Clean,clean,detect_solar_dust,test
2ce3b06953ca,Data/curated/Clean/detect_solar_dust_clean_Imgclean_477_0.jpg,Clean,Clean,clean,detect_solar_dust,val
7d9961f29ebc,Data/curated/Clean/detect_solar_dust_clean_Imgclean_478_0.jpg,Clean,Clean,clean,detect_solar_dust,val
e2adc1d8eca8,Data/curated/Clean/detect_solar_dust_clean_Imgclean_479_0.jpg,Clean,Clean,clean,detect_solar_dust,test
bacc755b7bf4,Data/curated/Clean/detect_solar_dust_clean_Imgclean_47_0.jpg,Clean,Clean,clean,detect_solar_dust,train
10699d56e399,Data/curated/Clean/detect_solar_dust_clean_Imgclean_480_0.jpg,Clean,Clean,clean,detect_solar_dust,train
a38dd9be2dc1,Data/curated/Clean/detect_solar_dust_clean_Imgclean_481_0.jpg,Clean,Clean,clean,detect_solar_dust,train
1dcda2d659eb,Data/curated/Clean/detect_solar_dust_clean_Imgclean_482_0.jpg,Clean,Clean,clean,detect_solar_dust,train
d43b06ffdbdb,Data/curated/Clean/detect_solar_dust_clean_Imgclean_483_0.jpg,Clean,Clean,clean,detect_solar_dust,train
34ccbe485f44,Data/curated/Clean/detect_solar_dust_clean_Imgclean_484_0.jpg,Clean,Clean,clean,detect_solar_dust,test
cddac6a0df45,Data/curated/Clean/detect_solar_dust_clean_Imgclean_485_0.jpg,Clean,Clean,clean,detect_solar_dust,test
1cb4e735eb0f,Data/curated/Clean/detect_solar_dust_clean_Imgclean_486_0.jpg,Clean,Clean,clean,detect_solar_dust,train
23babdcafe70,Data/curated/Clean/detect_solar_dust_clean_Imgclean_487_0.jpg,Clean,Clean,clean,detect_solar_dust,train
7137141d41f5,Data/curated/Clean/detect_solar_dust_clean_Imgclean_488_0.jpg,Clean,Clean,clean,detect_solar_dust,train
029f6e28b600,Data/curated/Clean/detect_solar_dust_clean_Imgclean_489_0.jpg,Clean,Clean,clean,detect_solar_dust,test
e6a5bd4da397,Data/curated/Clean/detect_solar_dust_clean_Imgclean_48_0.jpg,Clean,Clean,clean,detect_solar_dust,test
615c8e428ea9,Data/curated/Clean/detect_solar_dust_clean_Imgclean_490_0.jpg,Clean,Clean,clean,detect_solar_dust,train
6757a766125b,Data/curated/Clean/detect_solar_dust_clean_Imgclean_491_0.jpg,Clean,Clean,clean,detect_solar_dust,train
db8aef0fced8,Data/curated/Clean/detect_solar_dust_clean_Imgclean_492_0.jpg,Clean,Clean,clean,detect_solar_dust,test
508b43a2c2ae,Data/curated/Clean/detect_solar_dust_clean_Imgclean_493_0.jpg,Clean,Clean,clean,detect_solar_dust,val
f888cbdef8db,Data/curated/Clean/detect_solar_dust_clean_Imgclean_494_0.jpg,Clean,Clean,clean,detect_solar_dust,train
0f3ee4e4dbf6,Data/curated/Clean/detect_solar_dust_clean_Imgclean_495_0.jpg,Clean,Clean,clean,detect_solar_dust,train
5bdbad4e949b,Data/curated/Clean/detect_solar_dust_clean_Imgclean_496_0.jpg,Clean,Clean,clean,detect_solar_dust,val
fd3baffd567d,Data/curated/Clean/detect_solar_dust_clean_Imgclean_497_0.jpg,Clean,Clean,clean,detect_solar_dust,train
30780057b01d,Data/curated/Clean/detect_solar_dust_clean_Imgclean_498_0.jpg,Clean,Clean,clean,detect_solar_dust,train
33ccaa976ac3,Data/curated/Clean/detect_solar_dust_clean_Imgclean_49_0.jpg,Clean,Clean,clean,detect_solar_dust,train
613d91ebff15,Data/curated/Clean/detect_solar_dust_clean_Imgclean_4_0.jpg,Clean,Clean,clean,detect_solar_dust,train
06b4c1280954,Data/curated/Clean/detect_solar_dust_clean_Imgclean_500_0.jpg,Clean,Clean,clean,detect_solar_dust,val
2aecb01d23a2,Data/curated/Clean/detect_solar_dust_clean_Imgclean_501_0.jpg,Clean,Clean,clean,detect_solar_dust,train
ed4195485dbc,Data/curated/Clean/detect_solar_dust_clean_Imgclean_502_0.jpg,Clean,Clean,clean,detect_solar_dust,train
cff985666761,Data/curated/Clean/detect_solar_dust_clean_Imgclean_503_0.jpg,Clean,Clean,clean,detect_solar_dust,test
8e1252b695e3,Data/curated/Clean/detect_solar_dust_clean_Imgclean_504_0.jpg,Clean,Clean,clean,detect_solar_dust,train
b2d05ab2f3a4,Data/curated/Clean/detect_solar_dust_clean_Imgclean_506_0.jpg,Clean,Clean,clean,detect_solar_dust,val
dcd5e5724448,Data/curated/Clean/detect_solar_dust_clean_Imgclean_507_0.jpg,Clean,Clean,clean,detect_solar_dust,test
2b27ca1f157a,Data/curated/Clean/detect_solar_dust_clean_Imgclean_508_0.jpg,Clean,Clean,clean,detect_solar_dust,test
45e153ae7763,Data/curated/Clean/detect_solar_dust_clean_Imgclean_509_0.jpg,Clean,Clean,clean,detect_solar_dust,val
705cee8d1b6e,Data/curated/Clean/detect_solar_dust_clean_Imgclean_50_0.jpg,Clean,Clean,clean,detect_solar_dust,train
477c9f26890e,Data/curated/Clean/detect_solar_dust_clean_Imgclean_510_0.jpg,Clean,Clean,clean,detect_solar_dust,train
be183aef5bc8,Data/curated/Clean/detect_solar_dust_clean_Imgclean_511_0.jpg,Clean,Clean,clean,detect_solar_dust,test
1dcbfe95add1,Data/curated/Clean/detect_solar_dust_clean_Imgclean_512_0.jpg,Clean,Clean,clean,detect_solar_dust,train
f29168fa955a,Data/curated/Clean/detect_solar_dust_clean_Imgclean_513_0.jpg,Clean,Clean,clean,detect_solar_dust,train
edaf98c2229f,Data/curated/Clean/detect_solar_dust_clean_Imgclean_514_0.jpg,Clean,Clean,clean,detect_solar_dust,train
030acf30f318,Data/curated/Clean/detect_solar_dust_clean_Imgclean_515_0.jpg,Clean,Clean,clean,detect_solar_dust,train
941af881e268,Data/curated/Clean/detect_solar_dust_clean_Imgclean_516_0.jpg,Clean,Clean,clean,detect_solar_dust,train
ed6bd1f97891,Data/curated/Clean/detect_solar_dust_clean_Imgclean_517_0.jpg,Clean,Clean,clean,detect_solar_dust,val
3fe68689f4a0,Data/curated/Clean/detect_solar_dust_clean_Imgclean_518_0.jpg,Clean,Clean,clean,detect_solar_dust,train
901cd4988ea3,Data/curated/Clean/detect_solar_dust_clean_Imgclean_519_0.jpg,Clean,Clean,clean,detect_solar_dust,train
2ede705c8615,Data/curated/Clean/detect_solar_dust_clean_Imgclean_51_0.jpg,Clean,Clean,clean,detect_solar_dust,train
bc3cc0313f22,Data/curated/Clean/detect_solar_dust_clean_Imgclean_521_0.jpg,Clean,Clean,clean,detect_solar_dust,test
a42465cf9333,Data/curated/Clean/detect_solar_dust_clean_Imgclean_522_0.jpg,Clean,Clean,clean,detect_solar_dust,test
10ecc562a169,Data/curated/Clean/detect_solar_dust_clean_Imgclean_523_0.jpg,Clean,Clean,clean,detect_solar_dust,train
a2c2570e7f5b,Data/curated/Clean/detect_solar_dust_clean_Imgclean_524_0.jpg,Clean,Clean,clean,detect_solar_dust,test
979da2035600,Data/curated/Clean/detect_solar_dust_clean_Imgclean_525_0.jpg,Clean,Clean,clean,detect_solar_dust,train
64afae2980f1,Data/curated/Clean/detect_solar_dust_clean_Imgclean_526_0.jpg,Clean,Clean,clean,detect_solar_dust,train
6098f3d2b8ed,Data/curated/Clean/detect_solar_dust_clean_Imgclean_527_0.jpg,Clean,Clean,clean,detect_solar_dust,train
e822d57e60fe,Data/curated/Clean/detect_solar_dust_clean_Imgclean_528_0.jpg,Clean,Clean,clean,detect_solar_dust,val
0e2a754a51d5,Data/curated/Clean/detect_solar_dust_clean_Imgclean_529_0.jpg,Clean,Clean,clean,detect_solar_dust,train
4d373d242f59,Data/curated/Clean/detect_solar_dust_clean_Imgclean_52_0.jpg,Clean,Clean,clean,detect_solar_dust,train
d1677384fe72,Data/curated/Clean/detect_solar_dust_clean_Imgclean_530_0.jpg,Clean,Clean,clean,detect_solar_dust,train
7bf32e091564,Data/curated/Clean/detect_solar_dust_clean_Imgclean_532_0.jpg,Clean,Clean,clean,detect_solar_dust,train
b127fd3acf8d,Data/curated/Clean/detect_solar_dust_clean_Imgclean_533_0.jpg,Clean,Clean,clean,detect_solar_dust,val
d9dae2388c15,Data/curated/Clean/detect_solar_dust_clean_Imgclean_534_0.jpg,Clean,Clean,clean,detect_solar_dust,val
c490eca787cb,Data/curated/Clean/detect_solar_dust_clean_Imgclean_535_0.jpg,Clean,Clean,clean,detect_solar_dust,test
92d1d8c6dd84,Data/curated/Clean/detect_solar_dust_clean_Imgclean_536_0.jpg,Clean,Clean,clean,detect_solar_dust,train
8357768ea13d,Data/curated/Clean/detect_solar_dust_clean_Imgclean_537_0.jpg,Clean,Clean,clean,detect_solar_dust,test
9824c8550f77,Data/curated/Clean/detect_solar_dust_clean_Imgclean_538_0.jpg,Clean,Clean,clean,detect_solar_dust,test
16991f4e50c0,Data/curated/Clean/detect_solar_dust_clean_Imgclean_539_0.jpg,Clean,Clean,clean,detect_solar_dust,val
c838a7dd9400,Data/curated/Clean/detect_solar_dust_clean_Imgclean_53_0.jpg,Clean,Clean,clean,detect_solar_dust,train
e22a09c1dd04,Data/curated/Clean/detect_solar_dust_clean_Imgclean_540_0.jpg,Clean,Clean,clean,detect_solar_dust,train
b71906f94337,Data/curated/Clean/detect_solar_dust_clean_Imgclean_541_0.jpg,Clean,Clean,clean,detect_solar_dust,train
bb11f8ae8c98,Data/curated/Clean/detect_solar_dust_clean_Imgclean_542_0.jpg,Clean,Clean,clean,detect_solar_dust,train
a170815341b1,Data/curated/Clean/detect_solar_dust_clean_Imgclean_544_0.jpg,Clean,Clean,clean,detect_solar_dust,train
784d0f1cc396,Data/curated/Clean/detect_solar_dust_clean_Imgclean_545_0.jpg,Clean,Clean,clean,detect_solar_dust,train
0c340dc8c2bb,Data/curated/Clean/detect_solar_dust_clean_Imgclean_546_0.jpg,Clean,Clean,clean,detect_solar_dust,train
5705c8a49da6,Data/curated/Clean/detect_solar_dust_clean_Imgclean_547_0.jpg,Clean,Clean,clean,detect_solar_dust,train
862eefa70704,Data/curated/Clean/detect_solar_dust_clean_Imgclean_548_0.jpg,Clean,Clean,clean,detect_solar_dust,val
fc35b199df00,Data/curated/Clean/detect_solar_dust_clean_Imgclean_549_0.jpg,Clean,Clean,clean,detect_solar_dust,train
40f1a8db1009,Data/curated/Clean/detect_solar_dust_clean_Imgclean_54_0.jpg,Clean,Clean,clean,detect_solar_dust,train
4c92101aaca0,Data/curated/Clean/detect_solar_dust_clean_Imgclean_550_0.jpg,Clean,Clean,clean,detect_solar_dust,test
d61319fb9af0,Data/curated/Clean/detect_solar_dust_clean_Imgclean_551_0.jpg,Clean,Clean,clean,detect_solar_dust,train
fb6422855225,Data/curated/Clean/detect_solar_dust_clean_Imgclean_552_0.jpg,Clean,Clean,clean,detect_solar_dust,train
5624336fc247,Data/curated/Clean/detect_solar_dust_clean_Imgclean_554_0.jpg,Clean,Clean,clean,detect_solar_dust,train
e60dc4808f4d,Data/curated/Clean/detect_solar_dust_clean_Imgclean_555_0.jpg,Clean,Clean,clean,detect_solar_dust,train
27c6400257c4,Data/curated/Clean/detect_solar_dust_clean_Imgclean_556_0.jpg,Clean,Clean,clean,detect_solar_dust,train
665d23130204,Data/curated/Clean/detect_solar_dust_clean_Imgclean_557_0.jpg,Clean,Clean,clean,detect_solar_dust,val
eca14b54e2fe,Data/curated/Clean/detect_solar_dust_clean_Imgclean_558_0.jpg,Clean,Clean,clean,detect_solar_dust,train
a149019299ae,Data/curated/Clean/detect_solar_dust_clean_Imgclean_559_0.jpg,Clean,Clean,clean,detect_solar_dust,val
363b0ed604c2,Data/curated/Clean/detect_solar_dust_clean_Imgclean_560_0.jpg,Clean,Clean,clean,detect_solar_dust,test
379930812efb,Data/curated/Clean/detect_solar_dust_clean_Imgclean_561_0.jpg,Clean,Clean,clean,detect_solar_dust,train
b80bff19fac2,Data/curated/Clean/detect_solar_dust_clean_Imgclean_562_0.jpg,Clean,Clean,clean,detect_solar_dust,train
1f1f86b68e49,Data/curated/Clean/detect_solar_dust_clean_Imgclean_563_0.jpg,Clean,Clean,clean,detect_solar_dust,train
c922ecb663dc,Data/curated/Clean/detect_solar_dust_clean_Imgclean_564_0.jpg,Clean,Clean,clean,detect_solar_dust,val
2188a94068c2,Data/curated/Clean/detect_solar_dust_clean_Imgclean_565_0.jpg,Clean,Clean,clean,detect_solar_dust,train
981cb7954a86,Data/curated/Clean/detect_solar_dust_clean_Imgclean_566_0.jpg,Clean,Clean,clean,detect_solar_dust,train
af44aaa86c9a,Data/curated/Clean/detect_solar_dust_clean_Imgclean_567_0.jpg,Clean,Clean,clean,detect_solar_dust,train
4640f2508179,Data/curated/Clean/detect_solar_dust_clean_Imgclean_568_0.jpg,Clean,Clean,clean,detect_solar_dust,val
0480701d9a07,Data/curated/Clean/detect_solar_dust_clean_Imgclean_569_0.jpg,Clean,Clean,clean,detect_solar_dust,train
13dbcc88235d,Data/curated/Clean/detect_solar_dust_clean_Imgclean_56_0.jpg,Clean,Clean,clean,detect_solar_dust,train
0a3dfe39ebc7,Data/curated/Clean/detect_solar_dust_clean_Imgclean_570_0.jpg,Clean,Clean,clean,detect_solar_dust,test
097294afa2b4,Data/curated/Clean/detect_solar_dust_clean_Imgclean_571_0.jpg,Clean,Clean,clean,detect_solar_dust,test
34a25f75615f,Data/curated/Clean/detect_solar_dust_clean_Imgclean_572_0.jpg,Clean,Clean,clean,detect_solar_dust,train
727930b1d4d3,Data/curated/Clean/detect_solar_dust_clean_Imgclean_573_0.jpg,Clean,Clean,clean,detect_solar_dust,train
a87ecc4cee69,Data/curated/Clean/detect_solar_dust_clean_Imgclean_574_0.jpg,Clean,Clean,clean,detect_solar_dust,train
cb4847d30ab5,Data/curated/Clean/detect_solar_dust_clean_Imgclean_575_0.jpg,Clean,Clean,clean,detect_solar_dust,train
3fb838537319,Data/curated/Clean/detect_solar_dust_clean_Imgclean_576_0.jpg,Clean,Clean,clean,detect_solar_dust,train
8fdca51e2dcf,Data/curated/Clean/detect_solar_dust_clean_Imgclean_578_0.jpg,Clean,Clean,clean,detect_solar_dust,train
f360c7f539b0,Data/curated/Clean/detect_solar_dust_clean_Imgclean_579_0.jpg,Clean,Clean,clean,detect_solar_dust,train
4a346239f1a2,Data/curated/Clean/detect_solar_dust_clean_Imgclean_57_0.jpg,Clean,Clean,clean,detect_solar_dust,train
7944657fbf08,Data/curated/Clean/detect_solar_dust_clean_Imgclean_580_0.jpg,Clean,Clean,clean,detect_solar_dust,train
7a3079fafc93,Data/curated/Clean/detect_solar_dust_clean_Imgclean_581_0.jpg,Clean,Clean,clean,detect_solar_dust,train
d8b4f56193cd,Data/curated/Clean/detect_solar_dust_clean_Imgclean_582_0.jpg,Clean,Clean,clean,detect_solar_dust,train
ab9cfda80b18,Data/curated/Clean/detect_solar_dust_clean_Imgclean_583_0.jpg,Clean,Clean,clean,detect_solar_dust,train
33a25a364aba,Data/curated/Clean/detect_solar_dust_clean_Imgclean_584_0.jpg,Clean,Clean,clean,detect_solar_dust,val
cddb3349e6a3,Data/curated/Clean/detect_solar_dust_clean_Imgclean_585_0.jpg,Clean,Clean,clean,detect_solar_dust,val
94f9f901c304,Data/curated/Clean/detect_solar_dust_clean_Imgclean_586_0.jpg,Clean,Clean,clean,detect_solar_dust,train
be612a4a9559,Data/curated/Clean/detect_solar_dust_clean_Imgclean_588_0.jpg,Clean,Clean,clean,detect_solar_dust,train
d8f91b1e88f3,Data/curated/Clean/detect_solar_dust_clean_Imgclean_589_0.jpg,Clean,Clean,clean,detect_solar_dust,train
201ef70e0ac0,Data/curated/Clean/detect_solar_dust_clean_Imgclean_590_0.jpg,Clean,Clean,clean,detect_solar_dust,train
24fb295ee864,Data/curated/Clean/detect_solar_dust_clean_Imgclean_591_0.jpg,Clean,Clean,clean,detect_solar_dust,train
1af677744e0b,Data/curated/Clean/detect_solar_dust_clean_Imgclean_592_0.jpg,Clean,Clean,clean,detect_solar_dust,train
722b569529d5,Data/curated/Clean/detect_solar_dust_clean_Imgclean_593_0.jpg,Clean,Clean,clean,detect_solar_dust,train
386cede83af7,Data/curated/Clean/detect_solar_dust_clean_Imgclean_594_0.jpg,Clean,Clean,clean,detect_solar_dust,test
b4c16e32c83b,Data/curated/Clean/detect_solar_dust_clean_Imgclean_595_0.jpg,Clean,Clean,clean,detect_solar_dust,train
a45f9af48821,Data/curated/Clean/detect_solar_dust_clean_Imgclean_596_0.jpg,Clean,Clean,clean,detect_solar_dust,train
8eb37374f15e,Data/curated/Clean/detect_solar_dust_clean_Imgclean_597_0.jpg,Clean,Clean,clean,detect_solar_dust,train
1286071c66de,Data/curated/Clean/detect_solar_dust_clean_Imgclean_598_0.jpg,Clean,Clean,clean,detect_solar_dust,val
68cfc41809bf,Data/curated/Clean/detect_solar_dust_clean_Imgclean_599_0.jpg,Clean,Clean,clean,detect_solar_dust,train
51198ca9b416,Data/curated/Clean/detect_solar_dust_clean_Imgclean_600_0.jpg,Clean,Clean,clean,detect_solar_dust,train
afe105df587f,Data/curated/Clean/detect_solar_dust_clean_Imgclean_601_0.jpg,Clean,Clean,clean,detect_solar_dust,train
10c441129cf4,Data/curated/Clean/detect_solar_dust_clean_Imgclean_602_0.jpg,Clean,Clean,clean,detect_solar_dust,test
2cf92d6d7065,Data/curated/Clean/detect_solar_dust_clean_Imgclean_603_0.jpg,Clean,Clean,clean,detect_solar_dust,train
eebcf18e9b70,Data/curated/Clean/detect_solar_dust_clean_Imgclean_604_0.jpg,Clean,Clean,clean,detect_solar_dust,train
fba17d61cd8b,Data/curated/Clean/detect_solar_dust_clean_Imgclean_605_0.jpg,Clean,Clean,clean,detect_solar_dust,train
07479aefb55f,Data/curated/Clean/detect_solar_dust_clean_Imgclean_606_0.jpg,Clean,Clean,clean,detect_solar_dust,train
733579f15d68,Data/curated/Clean/detect_solar_dust_clean_Imgclean_608_0.jpg,Clean,Clean,clean,detect_solar_dust,train
f109e8abdd2c,Data/curated/Clean/detect_solar_dust_clean_Imgclean_609_0.jpg,Clean,Clean,clean,detect_solar_dust,train
169d1c394461,Data/curated/Clean/detect_solar_dust_clean_Imgclean_60_0.jpg,Clean,Clean,clean,detect_solar_dust,train
a2407e0bfb9b,Data/curated/Clean/detect_solar_dust_clean_Imgclean_610_0.jpg,Clean,Clean,clean,detect_solar_dust,train
ed77e35bb85d,Data/curated/Clean/detect_solar_dust_clean_Imgclean_611_0.jpg,Clean,Clean,clean,detect_solar_dust,train
bdb13e60b9e2,Data/curated/Clean/detect_solar_dust_clean_Imgclean_612_0.jpg,Clean,Clean,clean,detect_solar_dust,val
c7e1b856a449,Data/curated/Clean/detect_solar_dust_clean_Imgclean_613_0.jpg,Clean,Clean,clean,detect_solar_dust,train
b87cd7b34420,Data/curated/Clean/detect_solar_dust_clean_Imgclean_614_0.jpg,Clean,Clean,clean,detect_solar_dust,train
48c03e199a28,Data/curated/Clean/detect_solar_dust_clean_Imgclean_615_0.jpg,Clean,Clean,clean,detect_solar_dust,test
06478377c215,Data/curated/Clean/detect_solar_dust_clean_Imgclean_616_0.jpg,Clean,Clean,clean,detect_solar_dust,train
50e1d368f03e,Data/curated/Clean/detect_solar_dust_clean_Imgclean_617_0.jpg,Clean,Clean,clean,detect_solar_dust,val
5c150e441862,Data/curated/Clean/detect_solar_dust_clean_Imgclean_618_0.jpg,Clean,Clean,clean,detect_solar_dust,test
fa93d51516aa,Data/curated/Clean/detect_solar_dust_clean_Imgclean_619_0.jpg,Clean,Clean,clean,detect_solar_dust,test
6f720e3c1467,Data/curated/Clean/detect_solar_dust_clean_Imgclean_61_0.jpg,Clean,Clean,clean,detect_solar_dust,train
dcf9d415d6f0,Data/curated/Clean/detect_solar_dust_clean_Imgclean_620_0.jpg,Clean,Clean,clean,detect_solar_dust,train
776ac369e3b1,Data/curated/Clean/detect_solar_dust_clean_Imgclean_621_0.jpg,Clean,Clean,clean,detect_solar_dust,train
68eeef01b868,Data/curated/Clean/detect_solar_dust_clean_Imgclean_622_0.jpg,Clean,Clean,clean,detect_solar_dust,train
e71ddf2df445,Data/curated/Clean/detect_solar_dust_clean_Imgclean_623_0.jpg,Clean,Clean,clean,detect_solar_dust,train
742aea9e190f,Data/curated/Clean/detect_solar_dust_clean_Imgclean_624_0.jpg,Clean,Clean,clean,detect_solar_dust,train
de5fa34261ed,Data/curated/Clean/detect_solar_dust_clean_Imgclean_625_0.jpg,Clean,Clean,clean,detect_solar_dust,train
bfd2ff415867,Data/curated/Clean/detect_solar_dust_clean_Imgclean_626_0.jpg,Clean,Clean,clean,detect_solar_dust,train
1a67734691fc,Data/curated/Clean/detect_solar_dust_clean_Imgclean_627_0.jpg,Clean,Clean,clean,detect_solar_dust,train
671cc02ee379,Data/curated/Clean/detect_solar_dust_clean_Imgclean_628_0.jpg,Clean,Clean,clean,detect_solar_dust,test
a74ab3bf692e,Data/curated/Clean/detect_solar_dust_clean_Imgclean_629_0.jpg,Clean,Clean,clean,detect_solar_dust,test
1f067c8d50f0,Data/curated/Clean/detect_solar_dust_clean_Imgclean_62_0.jpg,Clean,Clean,clean,detect_solar_dust,train
9b14434125f6,Data/curated/Clean/detect_solar_dust_clean_Imgclean_630_0.jpg,Clean,Clean,clean,detect_solar_dust,train
5d389ba57193,Data/curated/Clean/detect_solar_dust_clean_Imgclean_631_0.jpg,Clean,Clean,clean,detect_solar_dust,train
ca08bca1a670,Data/curated/Clean/detect_solar_dust_clean_Imgclean_632_0.jpg,Clean,Clean,clean,detect_solar_dust,train
af70488272e3,Data/curated/Clean/detect_solar_dust_clean_Imgclean_633_0.jpg,Clean,Clean,clean,detect_solar_dust,train
8e86c55c3084,Data/curated/Clean/detect_solar_dust_clean_Imgclean_634_0.jpg,Clean,Clean,clean,detect_solar_dust,train
dc85c9f16082,Data/curated/Clean/detect_solar_dust_clean_Imgclean_635_0.jpg,Clean,Clean,clean,detect_solar_dust,train
21f96416f472,Data/curated/Clean/detect_solar_dust_clean_Imgclean_636_0.jpg,Clean,Clean,clean,detect_solar_dust,train
71b1743256d1,Data/curated/Clean/detect_solar_dust_clean_Imgclean_637_0.jpg,Clean,Clean,clean,detect_solar_dust,train
8760597f2e36,Data/curated/Clean/detect_solar_dust_clean_Imgclean_638_0.jpg,Clean,Clean,clean,detect_solar_dust,train
6883b7c27cf5,Data/curated/Clean/detect_solar_dust_clean_Imgclean_639_0.jpg,Clean,Clean,clean,detect_solar_dust,train
fa61f1da7fc8,Data/curated/Clean/detect_solar_dust_clean_Imgclean_63_0.jpg,Clean,Clean,clean,detect_solar_dust,train
b2b8dd3bfe08,Data/curated/Clean/detect_solar_dust_clean_Imgclean_640_0.jpg,Clean,Clean,clean,detect_solar_dust,val
9eef1607c83f,Data/curated/Clean/detect_solar_dust_clean_Imgclean_641_0.jpg,Clean,Clean,clean,detect_solar_dust,val
ae62ed43b0ae,Data/curated/Clean/detect_solar_dust_clean_Imgclean_642_0.jpg,Clean,Clean,clean,detect_solar_dust,train
7fbae8315238,Data/curated/Clean/detect_solar_dust_clean_Imgclean_643_0.jpg,Clean,Clean,clean,detect_solar_dust,test
8fac0f5dfa9a,Data/curated/Clean/detect_solar_dust_clean_Imgclean_644_0.jpg,Clean,Clean,clean,detect_solar_dust,train
412b311fb5bd,Data/curated/Clean/detect_solar_dust_clean_Imgclean_645_0.jpg,Clean,Clean,clean,detect_solar_dust,train
85c8eb4f7bc8,Data/curated/Clean/detect_solar_dust_clean_Imgclean_646_0.jpg,Clean,Clean,clean,detect_solar_dust,test
b5eeb8db1b03,Data/curated/Clean/detect_solar_dust_clean_Imgclean_647_0.jpg,Clean,Clean,clean,detect_solar_dust,val
8b0943c28d6a,Data/curated/Clean/detect_solar_dust_clean_Imgclean_648_0.jpg,Clean,Clean,clean,detect_solar_dust,val
e5e189f070f6,Data/curated/Clean/detect_solar_dust_clean_Imgclean_649_0.jpg,Clean,Clean,clean,detect_solar_dust,train
d363fdfa964a,Data/curated/Clean/detect_solar_dust_clean_Imgclean_64_0.jpg,Clean,Clean,clean,detect_solar_dust,train
3b6c3fe3eb50,Data/curated/Clean/detect_solar_dust_clean_Imgclean_650_0.jpg,Clean,Clean,clean,detect_solar_dust,test
c15acc3fd02c,Data/curated/Clean/detect_solar_dust_clean_Imgclean_651_0.jpg,Clean,Clean,clean,detect_solar_dust,train
620527d5d7a9,Data/curated/Clean/detect_solar_dust_clean_Imgclean_652_0.jpg,Clean,Clean,clean,detect_solar_dust,val
354d826e6d43,Data/curated/Clean/detect_solar_dust_clean_Imgclean_653_0.jpg,Clean,Clean,clean,detect_solar_dust,train
68fc1e5c0736,Data/curated/Clean/detect_solar_dust_clean_Imgclean_654_0.jpg,Clean,Clean,clean,detect_solar_dust,train
2c800a343f5b,Data/curated/Clean/detect_solar_dust_clean_Imgclean_655_0.jpg,Clean,Clean,clean,detect_solar_dust,train
4dbb134c71cd,Data/curated/Clean/detect_solar_dust_clean_Imgclean_656_0.jpg,Clean,Clean,clean,detect_solar_dust,train
03e95bcc687d,Data/curated/Clean/detect_solar_dust_clean_Imgclean_657_0.jpg,Clean,Clean,clean,detect_solar_dust,test
6690a733fed7,Data/curated/Clean/detect_solar_dust_clean_Imgclean_658_0.jpg,Clean,Clean,clean,detect_solar_dust,val
dddeb8c9e12e,Data/curated/Clean/detect_solar_dust_clean_Imgclean_659_0.jpg,Clean,Clean,clean,detect_solar_dust,train
279431399f5f,Data/curated/Clean/detect_solar_dust_clean_Imgclean_65_0.jpg,Clean,Clean,clean,detect_solar_dust,train
cfdb77171498,Data/curated/Clean/detect_solar_dust_clean_Imgclean_660_0.jpg,Clean,Clean,clean,detect_solar_dust,val
8d1c6ac3581c,Data/curated/Clean/detect_solar_dust_clean_Imgclean_661_0.jpg,Clean,Clean,clean,detect_solar_dust,train
7e36ddd57ad9,Data/curated/Clean/detect_solar_dust_clean_Imgclean_662_0.jpg,Clean,Clean,clean,detect_solar_dust,train
e9c4dde3382e,Data/curated/Clean/detect_solar_dust_clean_Imgclean_663_0.jpg,Clean,Clean,clean,detect_solar_dust,val
6fd117c25343,Data/curated/Clean/detect_solar_dust_clean_Imgclean_664_0.jpg,Clean,Clean,clean,detect_solar_dust,train
a93b95412681,Data/curated/Clean/detect_solar_dust_clean_Imgclean_665_0.jpg,Clean,Clean,clean,detect_solar_dust,val
3bd5574d110d,Data/curated/Clean/detect_solar_dust_clean_Imgclean_666_0.jpg,Clean,Clean,clean,detect_solar_dust,train
5c3595f31e47,Data/curated/Clean/detect_solar_dust_clean_Imgclean_667_0.jpg,Clean,Clean,clean,detect_solar_dust,train
c02512be06fb,Data/curated/Clean/detect_solar_dust_clean_Imgclean_668_0.jpg,Clean,Clean,clean,detect_solar_dust,train
025a1eb05212,Data/curated/Clean/detect_solar_dust_clean_Imgclean_669_0.jpg,Clean,Clean,clean,detect_solar_dust,train
c62ad571f523,Data/curated/Clean/detect_solar_dust_clean_Imgclean_670_0.jpg,Clean,Clean,clean,detect_solar_dust,train
01a2ffd99320,Data/curated/Clean/detect_solar_dust_clean_Imgclean_671_0.jpg,Clean,Clean,clean,detect_solar_dust,train
aa6e44ae9937,Data/curated/Clean/detect_solar_dust_clean_Imgclean_672_0.jpg,Clean,Clean,clean,detect_solar_dust,train
81014b2c1708,Data/curated/Clean/detect_solar_dust_clean_Imgclean_673_0.jpg,Clean,Clean,clean,detect_solar_dust,train
0788e69ac65a,Data/curated/Clean/detect_solar_dust_clean_Imgclean_674_0.jpg,Clean,Clean,clean,detect_solar_dust,train
55fd023cd6d4,Data/curated/Clean/detect_solar_dust_clean_Imgclean_675_0.jpg,Clean,Clean,clean,detect_solar_dust,val
01a4c4216f24,Data/curated/Clean/detect_solar_dust_clean_Imgclean_676_0.jpg,Clean,Clean,clean,detect_solar_dust,train
33b4b495675a,Data/curated/Clean/detect_solar_dust_clean_Imgclean_677_0.jpg,Clean,Clean,clean,detect_solar_dust,train
790bb61adc94,Data/curated/Clean/detect_solar_dust_clean_Imgclean_678_0.jpg,Clean,Clean,clean,detect_solar_dust,train
ab31a1fd9c2d,Data/curated/Clean/detect_solar_dust_clean_Imgclean_679_0.jpg,Clean,Clean,clean,detect_solar_dust,train
4aeb60ddaacd,Data/curated/Clean/detect_solar_dust_clean_Imgclean_67_0.jpg,Clean,Clean,clean,detect_solar_dust,train
3b37c26db160,Data/curated/Clean/detect_solar_dust_clean_Imgclean_680_0.jpg,Clean,Clean,clean,detect_solar_dust,train
f0ce671cb4fd,Data/curated/Clean/detect_solar_dust_clean_Imgclean_681_0.jpg,Clean,Clean,clean,detect_solar_dust,val
e4dea0db2024,Data/curated/Clean/detect_solar_dust_clean_Imgclean_682_0.jpg,Clean,Clean,clean,detect_solar_dust,train
56ca0c2d022b,Data/curated/Clean/detect_solar_dust_clean_Imgclean_683_0.jpg,Clean,Clean,clean,detect_solar_dust,val
7f2f505c83fe,Data/curated/Clean/detect_solar_dust_clean_Imgclean_684_0.jpg,Clean,Clean,clean,detect_solar_dust,val
0d958fff8d6c,Data/curated/Clean/detect_solar_dust_clean_Imgclean_685_0.jpg,Clean,Clean,clean,detect_solar_dust,train
cd9e9c457148,Data/curated/Clean/detect_solar_dust_clean_Imgclean_686_0.jpg,Clean,Clean,clean,detect_solar_dust,train
11aac516474e,Data/curated/Clean/detect_solar_dust_clean_Imgclean_687_0.jpg,Clean,Clean,clean,detect_solar_dust,test
c7ce4a959f43,Data/curated/Clean/detect_solar_dust_clean_Imgclean_688_0.jpg,Clean,Clean,clean,detect_solar_dust,test
9fa91e1d3358,Data/curated/Clean/detect_solar_dust_clean_Imgclean_689_0.jpg,Clean,Clean,clean,detect_solar_dust,val
c276c53d3d2b,Data/curated/Clean/detect_solar_dust_clean_Imgclean_68_0.jpg,Clean,Clean,clean,detect_solar_dust,train
e9f6d773cfee,Data/curated/Clean/detect_solar_dust_clean_Imgclean_690_0.jpg,Clean,Clean,clean,detect_solar_dust,train
0f3e06650f49,Data/curated/Clean/detect_solar_dust_clean_Imgclean_691_0.jpg,Clean,Clean,clean,detect_solar_dust,test
9574f92a978e,Data/curated/Clean/detect_solar_dust_clean_Imgclean_692_0.jpg,Clean,Clean,clean,detect_solar_dust,train
de222aee359c,Data/curated/Clean/detect_solar_dust_clean_Imgclean_693_0.jpg,Clean,Clean,clean,detect_solar_dust,train
171ddf14862b,Data/curated/Clean/detect_solar_dust_clean_Imgclean_694_0.jpg,Clean,Clean,clean,detect_solar_dust,train
656939182225,Data/curated/Clean/detect_solar_dust_clean_Imgclean_695_0.jpg,Clean,Clean,clean,detect_solar_dust,train
0ce228f0aa7a,Data/curated/Clean/detect_solar_dust_clean_Imgclean_696_0.jpg,Clean,Clean,clean,detect_solar_dust,train
6d45d40581ad,Data/curated/Clean/detect_solar_dust_clean_Imgclean_697_0.jpg,Clean,Clean,clean,detect_solar_dust,train
a1d4ac1c3030,Data/curated/Clean/detect_solar_dust_clean_Imgclean_698_0.jpg,Clean,Clean,clean,detect_solar_dust,test
d8c13186a30f,Data/curated/Clean/detect_solar_dust_clean_Imgclean_699_0.jpg,Clean,Clean,clean,detect_solar_dust,train
f843209e71bc,Data/curated/Clean/detect_solar_dust_clean_Imgclean_69_0.jpg,Clean,Clean,clean,detect_solar_dust,test
595622e081f3,Data/curated/Clean/detect_solar_dust_clean_Imgclean_6_0.jpg,Clean,Clean,clean,detect_solar_dust,train
6c5a5cc59fca,Data/curated/Clean/detect_solar_dust_clean_Imgclean_700_0.jpg,Clean,Clean,clean,detect_solar_dust,train
34b60a0d310f,Data/curated/Clean/detect_solar_dust_clean_Imgclean_701_0.jpg,Clean,Clean,clean,detect_solar_dust,train
6d655cc5482b,Data/curated/Clean/detect_solar_dust_clean_Imgclean_702_0.jpg,Clean,Clean,clean,detect_solar_dust,train
448790013bea,Data/curated/Clean/detect_solar_dust_clean_Imgclean_703_0.jpg,Clean,Clean,clean,detect_solar_dust,train
0dfca0f99d3d,Data/curated/Clean/detect_solar_dust_clean_Imgclean_704_0.jpg,Clean,Clean,clean,detect_solar_dust,train
ad653755c613,Data/curated/Clean/detect_solar_dust_clean_Imgclean_705_0.jpg,Clean,Clean,clean,detect_solar_dust,val
586dcc98b40f,Data/curated/Clean/detect_solar_dust_clean_Imgclean_706_0.jpg,Clean,Clean,clean,detect_solar_dust,train
e945931960f9,Data/curated/Clean/detect_solar_dust_clean_Imgclean_707_0.jpg,Clean,Clean,clean,detect_solar_dust,train
d08135a05c15,Data/curated/Clean/detect_solar_dust_clean_Imgclean_708_0.jpg,Clean,Clean,clean,detect_solar_dust,val
38f4a6e8b46e,Data/curated/Clean/detect_solar_dust_clean_Imgclean_709_0.jpg,Clean,Clean,clean,detect_solar_dust,test
f766c20e60d3,Data/curated/Clean/detect_solar_dust_clean_Imgclean_710_0.jpg,Clean,Clean,clean,detect_solar_dust,train
185abaa2cb71,Data/curated/Clean/detect_solar_dust_clean_Imgclean_711_0.jpg,Clean,Clean,clean,detect_solar_dust,val
532f2bfa6729,Data/curated/Clean/detect_solar_dust_clean_Imgclean_712_0.jpg,Clean,Clean,clean,detect_solar_dust,train
cc4a453d32e8,Data/curated/Clean/detect_solar_dust_clean_Imgclean_713_0.jpg,Clean,Clean,clean,detect_solar_dust,test
e1d9b3a638f2,Data/curated/Clean/detect_solar_dust_clean_Imgclean_714_0.jpg,Clean,Clean,clean,detect_solar_dust,train
3791597bc726,Data/curated/Clean/detect_solar_dust_clean_Imgclean_716_0.jpg,Clean,Clean,clean,detect_solar_dust,train
6561cd094a55,Data/curated/Clean/detect_solar_dust_clean_Imgclean_717_0.jpg,Clean,Clean,clean,detect_solar_dust,test
90359352c29f,Data/curated/Clean/detect_solar_dust_clean_Imgclean_718_0.jpg,Clean,Clean,clean,detect_solar_dust,train
b8d1643f5c21,Data/curated/Clean/detect_solar_dust_clean_Imgclean_719_0.jpg,Clean,Clean,clean,detect_solar_dust,train
40f8808a8098,Data/curated/Clean/detect_solar_dust_clean_Imgclean_71_0.jpg,Clean,Clean,clean,detect_solar_dust,train
5fe51752fcca,Data/curated/Clean/detect_solar_dust_clean_Imgclean_720_0.jpg,Clean,Clean,clean,detect_solar_dust,val
cd88dc010678,Data/curated/Clean/detect_solar_dust_clean_Imgclean_721_0.jpg,Clean,Clean,clean,detect_solar_dust,train
d41923f0e932,Data/curated/Clean/detect_solar_dust_clean_Imgclean_722_0.jpg,Clean,Clean,clean,detect_solar_dust,test
f830bbb522a8,Data/curated/Clean/detect_solar_dust_clean_Imgclean_723_0.jpg,Clean,Clean,clean,detect_solar_dust,train
53f715e40cf5,Data/curated/Clean/detect_solar_dust_clean_Imgclean_724_0.jpg,Clean,Clean,clean,detect_solar_dust,train
1784fda8fda9,Data/curated/Clean/detect_solar_dust_clean_Imgclean_725_0.jpg,Clean,Clean,clean,detect_solar_dust,train
e837231e36fb,Data/curated/Clean/detect_solar_dust_clean_Imgclean_726_0.jpg,Clean,Clean,clean,detect_solar_dust,test
ef1d88abde09,Data/curated/Clean/detect_solar_dust_clean_Imgclean_727_0.jpg,Clean,Clean,clean,detect_solar_dust,val
8d3e6846fb9c,Data/curated/Clean/detect_solar_dust_clean_Imgclean_728_0.jpg,Clean,Clean,clean,detect_solar_dust,train
9c8ff691e09d,Data/curated/Clean/detect_solar_dust_clean_Imgclean_729_0.jpg,Clean,Clean,clean,detect_solar_dust,train
217f21b88be9,Data/curated/Clean/detect_solar_dust_clean_Imgclean_72_0.jpg,Clean,Clean,clean,detect_solar_dust,train
d270b498a8a8,Data/curated/Clean/detect_solar_dust_clean_Imgclean_730_0.jpg,Clean,Clean,clean,detect_solar_dust,train
c2148eaab8cc,Data/curated/Clean/detect_solar_dust_clean_Imgclean_731_0.jpg,Clean,Clean,clean,detect_solar_dust,train
784325901af1,Data/curated/Clean/detect_solar_dust_clean_Imgclean_732_0.jpg,Clean,Clean,clean,detect_solar_dust,test
69ef05e7c530,Data/curated/Clean/detect_solar_dust_clean_Imgclean_733_0.jpg,Clean,Clean,clean,detect_solar_dust,train
a4d718918259,Data/curated/Clean/detect_solar_dust_clean_Imgclean_734_0.jpg,Clean,Clean,clean,detect_solar_dust,val
6d8155ce5105,Data/curated/Clean/detect_solar_dust_clean_Imgclean_735_0.jpg,Clean,Clean,clean,detect_solar_dust,val
1982c618a304,Data/curated/Clean/detect_solar_dust_clean_Imgclean_737_0.jpg,Clean,Clean,clean,detect_solar_dust,train
795dc08edbbd,Data/curated/Clean/detect_solar_dust_clean_Imgclean_738_0.jpg,Clean,Clean,clean,detect_solar_dust,train
8c12eeacc91e,Data/curated/Clean/detect_solar_dust_clean_Imgclean_739_0.jpg,Clean,Clean,clean,detect_solar_dust,train
5416d16b69b1,Data/curated/Clean/detect_solar_dust_clean_Imgclean_73_0.jpg,Clean,Clean,clean,detect_solar_dust,train
db10e32d2c10,Data/curated/Clean/detect_solar_dust_clean_Imgclean_740_0.jpg,Clean,Clean,clean,detect_solar_dust,val
531aabebd7a8,Data/curated/Clean/detect_solar_dust_clean_Imgclean_741_0.jpg,Clean,Clean,clean,detect_solar_dust,val
326bc97befb9,Data/curated/Clean/detect_solar_dust_clean_Imgclean_742_0.jpg,Clean,Clean,clean,detect_solar_dust,train
a20210ec1b1e,Data/curated/Clean/detect_solar_dust_clean_Imgclean_743_0.jpg,Clean,Clean,clean,detect_solar_dust,train
b7fe4f9cea7a,Data/curated/Clean/detect_solar_dust_clean_Imgclean_744_0.jpg,Clean,Clean,clean,detect_solar_dust,test
4d17234304fc,Data/curated/Clean/detect_solar_dust_clean_Imgclean_745_0.jpg,Clean,Clean,clean,detect_solar_dust,train
d19cf97872ec,Data/curated/Clean/detect_solar_dust_clean_Imgclean_746_0.jpg,Clean,Clean,clean,detect_solar_dust,train
83931dca8211,Data/curated/Clean/detect_solar_dust_clean_Imgclean_747_0.jpg,Clean,Clean,clean,detect_solar_dust,train
799a929e2a1d,Data/curated/Clean/detect_solar_dust_clean_Imgclean_748_0.jpg,Clean,Clean,clean,detect_solar_dust,val
781e45f94eef,Data/curated/Clean/detect_solar_dust_clean_Imgclean_749_0.jpg,Clean,Clean,clean,detect_solar_dust,train
299ec4ca9683,Data/curated/Clean/detect_solar_dust_clean_Imgclean_74_0.jpg,Clean,Clean,clean,detect_solar_dust,train
0c6baeb131d2,Data/curated/Clean/detect_solar_dust_clean_Imgclean_750_0.jpg,Clean,Clean,clean,detect_solar_dust,val
3f11d0166092,Data/curated/Clean/detect_solar_dust_clean_Imgclean_751_0.jpg,Clean,Clean,clean,detect_solar_dust,train
f343a556ae52,Data/curated/Clean/detect_solar_dust_clean_Imgclean_752_0.jpg,Clean,Clean,clean,detect_solar_dust,train
fb3deb2ed28a,Data/curated/Clean/detect_solar_dust_clean_Imgclean_753_0.jpg,Clean,Clean,clean,detect_solar_dust,train
a060ee29df89,Data/curated/Clean/detect_solar_dust_clean_Imgclean_754_0.jpg,Clean,Clean,clean,detect_solar_dust,train
919205aea35a,Data/curated/Clean/detect_solar_dust_clean_Imgclean_755_0.jpg,Clean,Clean,clean,detect_solar_dust,test
4d8be32472d0,Data/curated/Clean/detect_solar_dust_clean_Imgclean_756_0.jpg,Clean,Clean,clean,detect_solar_dust,train
4dd1a6d2a62d,Data/curated/Clean/detect_solar_dust_clean_Imgclean_757_0.jpg,Clean,Clean,clean,detect_solar_dust,test
0ed1cee538fb,Data/curated/Clean/detect_solar_dust_clean_Imgclean_758_0.jpg,Clean,Clean,clean,detect_solar_dust,train
a677ecdf6097,Data/curated/Clean/detect_solar_dust_clean_Imgclean_759_0.jpg,Clean,Clean,clean,detect_solar_dust,train
95d58e9ad68f,Data/curated/Clean/detect_solar_dust_clean_Imgclean_75_0.jpg,Clean,Clean,clean,detect_solar_dust,train
d7baca8c4614,Data/curated/Clean/detect_solar_dust_clean_Imgclean_760_0.jpg,Clean,Clean,clean,detect_solar_dust,train
f7980b69fdac,Data/curated/Clean/detect_solar_dust_clean_Imgclean_762_0.jpg,Clean,Clean,clean,detect_solar_dust,train
51d116286a29,Data/curated/Clean/detect_solar_dust_clean_Imgclean_763_0.jpg,Clean,Clean,clean,detect_solar_dust,train
f700ce351410,Data/curated/Clean/detect_solar_dust_clean_Imgclean_764_0.jpg,Clean,Clean,clean,detect_solar_dust,train
85c26d2ae8a4,Data/curated/Clean/detect_solar_dust_clean_Imgclean_765_0.jpg,Clean,Clean,clean,detect_solar_dust,train
1164fcbd5f21,Data/curated/Clean/detect_solar_dust_clean_Imgclean_766_0.jpg,Clean,Clean,clean,detect_solar_dust,train
33b08e3d1906,Data/curated/Clean/detect_solar_dust_clean_Imgclean_767_0.jpg,Clean,Clean,clean,detect_solar_dust,train
2debd86337ab,Data/curated/Clean/detect_solar_dust_clean_Imgclean_768_0.jpg,Clean,Clean,clean,detect_solar_dust,val
eff5e4686db5,Data/curated/Clean/detect_solar_dust_clean_Imgclean_769_0.jpg,Clean,Clean,clean,detect_solar_dust,test
bfb264971a76,Data/curated/Clean/detect_solar_dust_clean_Imgclean_76_0.jpg,Clean,Clean,clean,detect_solar_dust,train
ea5823729463,Data/curated/Clean/detect_solar_dust_clean_Imgclean_770_0.jpg,Clean,Clean,clean,detect_solar_dust,train
38855bac677c,Data/curated/Clean/detect_solar_dust_clean_Imgclean_772_0.jpg,Clean,Clean,clean,detect_solar_dust,val
719b5e5c307d,Data/curated/Clean/detect_solar_dust_clean_Imgclean_773_0.jpg,Clean,Clean,clean,detect_solar_dust,test
1c4d112709aa,Data/curated/Clean/detect_solar_dust_clean_Imgclean_774_0.jpg,Clean,Clean,clean,detect_solar_dust,test
22e2aa4641d8,Data/curated/Clean/detect_solar_dust_clean_Imgclean_775_0.jpg,Clean,Clean,clean,detect_solar_dust,train
6256270f64f6,Data/curated/Clean/detect_solar_dust_clean_Imgclean_776_0.jpg,Clean,Clean,clean,detect_solar_dust,test
4b7c325ffe2a,Data/curated/Clean/detect_solar_dust_clean_Imgclean_778_0.jpg,Clean,Clean,clean,detect_solar_dust,test
4ba607225329,Data/curated/Clean/detect_solar_dust_clean_Imgclean_779_0.jpg,Clean,Clean,clean,detect_solar_dust,train
9b090289b678,Data/curated/Clean/detect_solar_dust_clean_Imgclean_77_0.jpg,Clean,Clean,clean,detect_solar_dust,train
af5f44c421d3,Data/curated/Clean/detect_solar_dust_clean_Imgclean_780_0.jpg,Clean,Clean,clean,detect_solar_dust,test
6eb19760e94a,Data/curated/Clean/detect_solar_dust_clean_Imgclean_781_0.jpg,Clean,Clean,clean,detect_solar_dust,train
bb0ec0751544,Data/curated/Clean/detect_solar_dust_clean_Imgclean_782_0.jpg,Clean,Clean,clean,detect_solar_dust,train
ec0185f35947,Data/curated/Clean/detect_solar_dust_clean_Imgclean_783_0.jpg,Clean,Clean,clean,detect_solar_dust,train
005126612145,Data/curated/Clean/detect_solar_dust_clean_Imgclean_784_0.jpg,Clean,Clean,clean,detect_solar_dust,val
4f66f152b2a7,Data/curated/Clean/detect_solar_dust_clean_Imgclean_785_0.jpg,Clean,Clean,clean,detect_solar_dust,val
c0b81c32ccb8,Data/curated/Clean/detect_solar_dust_clean_Imgclean_786_0.jpg,Clean,Clean,clean,detect_solar_dust,train
edb6ad5232a1,Data/curated/Clean/detect_solar_dust_clean_Imgclean_787_0.jpg,Clean,Clean,clean,detect_solar_dust,val
73f1fe36ad75,Data/curated/Clean/detect_solar_dust_clean_Imgclean_788_0.jpg,Clean,Clean,clean,detect_solar_dust,val
24dc54294d52,Data/curated/Clean/detect_solar_dust_clean_Imgclean_789_0.jpg,Clean,Clean,clean,detect_solar_dust,test
116588b43430,Data/curated/Clean/detect_solar_dust_clean_Imgclean_78_0.jpg,Clean,Clean,clean,detect_solar_dust,train
e41d3003a80f,Data/curated/Clean/detect_solar_dust_clean_Imgclean_790_0.jpg,Clean,Clean,clean,detect_solar_dust,train
c205bc656522,Data/curated/Clean/detect_solar_dust_clean_Imgclean_791_0.jpg,Clean,Clean,clean,detect_solar_dust,train
ca474ed1ecd9,Data/curated/Clean/detect_solar_dust_clean_Imgclean_792_0.jpg,Clean,Clean,clean,detect_solar_dust,train
af0f73181ca3,Data/curated/Clean/detect_solar_dust_clean_Imgclean_793_0.jpg,Clean,Clean,clean,detect_solar_dust,train
a238889b2c24,Data/curated/Clean/detect_solar_dust_clean_Imgclean_794_0.jpg,Clean,Clean,clean,detect_solar_dust,train
605a81eb863a,Data/curated/Clean/detect_solar_dust_clean_Imgclean_795_0.jpg,Clean,Clean,clean,detect_solar_dust,train
ceaee66af53f,Data/curated/Clean/detect_solar_dust_clean_Imgclean_796_0.jpg,Clean,Clean,clean,detect_solar_dust,train
cfa5ecd58ecc,Data/curated/Clean/detect_solar_dust_clean_Imgclean_797_0.jpg,Clean,Clean,clean,detect_solar_dust,train
0c79e97bac37,Data/curated/Clean/detect_solar_dust_clean_Imgclean_798_0.jpg,Clean,Clean,clean,detect_solar_dust,train
cca8b4b06864,Data/curated/Clean/detect_solar_dust_clean_Imgclean_799_0.jpg,Clean,Clean,clean,detect_solar_dust,train
4a17dc4038f3,Data/curated/Clean/detect_solar_dust_clean_Imgclean_79_0.jpg,Clean,Clean,clean,detect_solar_dust,val
ab74fa8bfbec,Data/curated/Clean/detect_solar_dust_clean_Imgclean_7_0.jpg,Clean,Clean,clean,detect_solar_dust,train
8a03f35f510b,Data/curated/Clean/detect_solar_dust_clean_Imgclean_801_0.jpg,Clean,Clean,clean,detect_solar_dust,test
dee45d26df3d,Data/curated/Clean/detect_solar_dust_clean_Imgclean_802_0.jpg,Clean,Clean,clean,detect_solar_dust,train
34c8cfaa786b,Data/curated/Clean/detect_solar_dust_clean_Imgclean_803_0.jpg,Clean,Clean,clean,detect_solar_dust,train
e24d0c9a3eda,Data/curated/Clean/detect_solar_dust_clean_Imgclean_805_0.jpg,Clean,Clean,clean,detect_solar_dust,train
4b205d0de2b4,Data/curated/Clean/detect_solar_dust_clean_Imgclean_806_0.jpg,Clean,Clean,clean,detect_solar_dust,train
21745b409a79,Data/curated/Clean/detect_solar_dust_clean_Imgclean_807_0.jpg,Clean,Clean,clean,detect_solar_dust,test
bdbb367f31df,Data/curated/Clean/detect_solar_dust_clean_Imgclean_808_0.jpg,Clean,Clean,clean,detect_solar_dust,train
f5dd59c25004,Data/curated/Clean/detect_solar_dust_clean_Imgclean_809_0.jpg,Clean,Clean,clean,detect_solar_dust,val
34a45fcbe1c8,Data/curated/Clean/detect_solar_dust_clean_Imgclean_80_0.jpg,Clean,Clean,clean,detect_solar_dust,train
cac0f6ac96b5,Data/curated/Clean/detect_solar_dust_clean_Imgclean_810_0.jpg,Clean,Clean,clean,detect_solar_dust,val
c7f1c6f96185,Data/curated/Clean/detect_solar_dust_clean_Imgclean_811_0.jpg,Clean,Clean,clean,detect_solar_dust,train
596edfc561c8,Data/curated/Clean/detect_solar_dust_clean_Imgclean_812_0.jpg,Clean,Clean,clean,detect_solar_dust,val
c2caad0b82b8,Data/curated/Clean/detect_solar_dust_clean_Imgclean_813_0.jpg,Clean,Clean,clean,detect_solar_dust,train
0d274a4e1052,Data/curated/Clean/detect_solar_dust_clean_Imgclean_814_0.jpg,Clean,Clean,clean,detect_solar_dust,train
73496d245c31,Data/curated/Clean/detect_solar_dust_clean_Imgclean_815_0.jpg,Clean,Clean,clean,detect_solar_dust,train
4ae0c50e397f,Data/curated/Clean/detect_solar_dust_clean_Imgclean_817_0.jpg,Clean,Clean,clean,detect_solar_dust,train
7de6eaebab04,Data/curated/Clean/detect_solar_dust_clean_Imgclean_818_0.jpg,Clean,Clean,clean,detect_solar_dust,val
0f61e28ecd22,Data/curated/Clean/detect_solar_dust_clean_Imgclean_819_0.jpg,Clean,Clean,clean,detect_solar_dust,train
cd02093777f7,Data/curated/Clean/detect_solar_dust_clean_Imgclean_820_0.jpg,Clean,Clean,clean,detect_solar_dust,train
cb49bca7928b,Data/curated/Clean/detect_solar_dust_clean_Imgclean_821_0.jpg,Clean,Clean,clean,detect_solar_dust,train
8538bf2291fd,Data/curated/Clean/detect_solar_dust_clean_Imgclean_822_0.jpg,Clean,Clean,clean,detect_solar_dust,train
55b89b725869,Data/curated/Clean/detect_solar_dust_clean_Imgclean_823_0.jpg,Clean,Clean,clean,detect_solar_dust,train
14f230bb0536,Data/curated/Clean/detect_solar_dust_clean_Imgclean_824_0.jpg,Clean,Clean,clean,detect_solar_dust,train
a18eb3c3ee98,Data/curated/Clean/detect_solar_dust_clean_Imgclean_825_0.jpg,Clean,Clean,clean,detect_solar_dust,train
85d245bcfc7e,Data/curated/Clean/detect_solar_dust_clean_Imgclean_826_0.jpg,Clean,Clean,clean,detect_solar_dust,train
8ffbb0b058fd,Data/curated/Clean/detect_solar_dust_clean_Imgclean_828_0.jpg,Clean,Clean,clean,detect_solar_dust,val
6a583f343a73,Data/curated/Clean/detect_solar_dust_clean_Imgclean_829_0.jpg,Clean,Clean,clean,detect_solar_dust,train
e302719c9d10,Data/curated/Clean/detect_solar_dust_clean_Imgclean_82_0.jpg,Clean,Clean,clean,detect_solar_dust,test
2a4682f5f646,Data/curated/Clean/detect_solar_dust_clean_Imgclean_830_0.jpg,Clean,Clean,clean,detect_solar_dust,val
d8cc6d896992,Data/curated/Clean/detect_solar_dust_clean_Imgclean_831_0.jpg,Clean,Clean,clean,detect_solar_dust,train
96a556cbd892,Data/curated/Clean/detect_solar_dust_clean_Imgclean_832_0.jpg,Clean,Clean,clean,detect_solar_dust,train
dd12845a6476,Data/curated/Clean/detect_solar_dust_clean_Imgclean_833_0.jpg,Clean,Clean,clean,detect_solar_dust,train
c39a626a0ec2,Data/curated/Clean/detect_solar_dust_clean_Imgclean_834_0.jpg,Clean,Clean,clean,detect_solar_dust,train
154ffbc4b2f1,Data/curated/Clean/detect_solar_dust_clean_Imgclean_835_0.jpg,Clean,Clean,clean,detect_solar_dust,train
8857fc7e9feb,Data/curated/Clean/detect_solar_dust_clean_Imgclean_837_0.jpg,Clean,Clean,clean,detect_solar_dust,train
ac3ba3257338,Data/curated/Clean/detect_solar_dust_clean_Imgclean_838_0.jpg,Clean,Clean,clean,detect_solar_dust,test
23b561e32af8,Data/curated/Clean/detect_solar_dust_clean_Imgclean_839_0.jpg,Clean,Clean,clean,detect_solar_dust,val
6fe32cdba8ab,Data/curated/Clean/detect_solar_dust_clean_Imgclean_83_0.jpg,Clean,Clean,clean,detect_solar_dust,train
8c5366d851d8,Data/curated/Clean/detect_solar_dust_clean_Imgclean_840_0.jpg,Clean,Clean,clean,detect_solar_dust,train
fcdc8fa64e3b,Data/curated/Clean/detect_solar_dust_clean_Imgclean_841_0.jpg,Clean,Clean,clean,detect_solar_dust,train
b7646e463833,Data/curated/Clean/detect_solar_dust_clean_Imgclean_842_0.jpg,Clean,Clean,clean,detect_solar_dust,val
70ba5668d3a9,Data/curated/Clean/detect_solar_dust_clean_Imgclean_843_0.jpg,Clean,Clean,clean,detect_solar_dust,train
14388859fd54,Data/curated/Clean/detect_solar_dust_clean_Imgclean_844_0.jpg,Clean,Clean,clean,detect_solar_dust,train
9e36f6b19682,Data/curated/Clean/detect_solar_dust_clean_Imgclean_845_0.jpg,Clean,Clean,clean,detect_solar_dust,val
0a3a8aa57fee,Data/curated/Clean/detect_solar_dust_clean_Imgclean_846_0.jpg,Clean,Clean,clean,detect_solar_dust,val
e4319b99b266,Data/curated/Clean/detect_solar_dust_clean_Imgclean_847_0.jpg,Clean,Clean,clean,detect_solar_dust,train
afc2c6543952,Data/curated/Clean/detect_solar_dust_clean_Imgclean_848_0.jpg,Clean,Clean,clean,detect_solar_dust,train
54543747aa1b,Data/curated/Clean/detect_solar_dust_clean_Imgclean_849_0.jpg,Clean,Clean,clean,detect_solar_dust,train
69793d778385,Data/curated/Clean/detect_solar_dust_clean_Imgclean_84_0.jpg,Clean,Clean,clean,detect_solar_dust,train
3de4e6c9d1f0,Data/curated/Clean/detect_solar_dust_clean_Imgclean_850_0.jpg,Clean,Clean,clean,detect_solar_dust,train
dcfa278d6c09,Data/curated/Clean/detect_solar_dust_clean_Imgclean_851_0.jpg,Clean,Clean,clean,detect_solar_dust,train
67410bec4bf8,Data/curated/Clean/detect_solar_dust_clean_Imgclean_852_0.jpg,Clean,Clean,clean,detect_solar_dust,train
6337efc93b4f,Data/curated/Clean/detect_solar_dust_clean_Imgclean_853_0.jpg,Clean,Clean,clean,detect_solar_dust,train
12ac711732b3,Data/curated/Clean/detect_solar_dust_clean_Imgclean_854_0.jpg,Clean,Clean,clean,detect_solar_dust,train
3b61dfa00896,Data/curated/Clean/detect_solar_dust_clean_Imgclean_855_0.jpg,Clean,Clean,clean,detect_solar_dust,train
97dadd88bedf,Data/curated/Clean/detect_solar_dust_clean_Imgclean_856_0.jpg,Clean,Clean,clean,detect_solar_dust,train
b246083dfc16,Data/curated/Clean/detect_solar_dust_clean_Imgclean_857_0.jpg,Clean,Clean,clean,detect_solar_dust,train
1c08b314b4c6,Data/curated/Clean/detect_solar_dust_clean_Imgclean_858_0.jpg,Clean,Clean,clean,detect_solar_dust,train
be80c0847140,Data/curated/Clean/detect_solar_dust_clean_Imgclean_859_0.jpg,Clean,Clean,clean,detect_solar_dust,train
35a362a7e712,Data/curated/Clean/detect_solar_dust_clean_Imgclean_860_0.jpg,Clean,Clean,clean,detect_solar_dust,train
9c0e9600fdd0,Data/curated/Clean/detect_solar_dust_clean_Imgclean_861_0.jpg,Clean,Clean,clean,detect_solar_dust,train
f9bd5af23407,Data/curated/Clean/detect_solar_dust_clean_Imgclean_862_0.jpg,Clean,Clean,clean,detect_solar_dust,train
edc93d2a2ba5,Data/curated/Clean/detect_solar_dust_clean_Imgclean_863_0.jpg,Clean,Clean,clean,detect_solar_dust,test
f4dfe17841b7,Data/curated/Clean/detect_solar_dust_clean_Imgclean_864_0.jpg,Clean,Clean,clean,detect_solar_dust,test
881e0f7e280a,Data/curated/Clean/detect_solar_dust_clean_Imgclean_865_0.jpg,Clean,Clean,clean,detect_solar_dust,val
aaf0a24993d6,Data/curated/Clean/detect_solar_dust_clean_Imgclean_866_0.jpg,Clean,Clean,clean,detect_solar_dust,test
b18f949a6ac4,Data/curated/Clean/detect_solar_dust_clean_Imgclean_867_0.jpg,Clean,Clean,clean,detect_solar_dust,train
fc57f5af65c6,Data/curated/Clean/detect_solar_dust_clean_Imgclean_868_0.jpg,Clean,Clean,clean,detect_solar_dust,train
aafa47245a53,Data/curated/Clean/detect_solar_dust_clean_Imgclean_869_0.jpg,Clean,Clean,clean,detect_solar_dust,val
c59d1db3e6ec,Data/curated/Clean/detect_solar_dust_clean_Imgclean_86_0.jpg,Clean,Clean,clean,detect_solar_dust,train
3de9bc078591,Data/curated/Clean/detect_solar_dust_clean_Imgclean_870_0.jpg,Clean,Clean,clean,detect_solar_dust,train
52d9ada6c8c2,Data/curated/Clean/detect_solar_dust_clean_Imgclean_871_0.jpg,Clean,Clean,clean,detect_solar_dust,test
e1da490d0850,Data/curated/Clean/detect_solar_dust_clean_Imgclean_872_0.jpg,Clean,Clean,clean,detect_solar_dust,train
fea74e330248,Data/curated/Clean/detect_solar_dust_clean_Imgclean_873_0.jpg,Clean,Clean,clean,detect_solar_dust,train
25aa31d39026,Data/curated/Clean/detect_solar_dust_clean_Imgclean_874_0.jpg,Clean,Clean,clean,detect_solar_dust,train
ed081290817a,Data/curated/Clean/detect_solar_dust_clean_Imgclean_875_0.jpg,Clean,Clean,clean,detect_solar_dust,train
bc9ac69179f9,Data/curated/Clean/detect_solar_dust_clean_Imgclean_876_0.jpg,Clean,Clean,clean,detect_solar_dust,train
ce896f8dded0,Data/curated/Clean/detect_solar_dust_clean_Imgclean_877_0.jpg,Clean,Clean,clean,detect_solar_dust,val
05a35f383dfe,Data/curated/Clean/detect_solar_dust_clean_Imgclean_878_0.jpg,Clean,Clean,clean,detect_solar_dust,train
f138da440fa5,Data/curated/Clean/detect_solar_dust_clean_Imgclean_879_0.jpg,Clean,Clean,clean,detect_solar_dust,train
203330414060,Data/curated/Clean/detect_solar_dust_clean_Imgclean_87_0.jpg,Clean,Clean,clean,detect_solar_dust,train
1088dd65a38f,Data/curated/Clean/detect_solar_dust_clean_Imgclean_880_0.jpg,Clean,Clean,clean,detect_solar_dust,train
1b9464dd40c7,Data/curated/Clean/detect_solar_dust_clean_Imgclean_881_0.jpg,Clean,Clean,clean,detect_solar_dust,val
39143a832b1c,Data/curated/Clean/detect_solar_dust_clean_Imgclean_882_0.jpg,Clean,Clean,clean,detect_solar_dust,test
61a8330a8e4b,Data/curated/Clean/detect_solar_dust_clean_Imgclean_883_0.jpg,Clean,Clean,clean,detect_solar_dust,val
c3b1e6bc2c28,Data/curated/Clean/detect_solar_dust_clean_Imgclean_884_0.jpg,Clean,Clean,clean,detect_solar_dust,train
7ef0689bd3b4,Data/curated/Clean/detect_solar_dust_clean_Imgclean_885_0.jpg,Clean,Clean,clean,detect_solar_dust,train
1392c3dca15f,Data/curated/Clean/detect_solar_dust_clean_Imgclean_886_0.jpg,Clean,Clean,clean,detect_solar_dust,train
fcf090c10adf,Data/curated/Clean/detect_solar_dust_clean_Imgclean_887_0.jpg,Clean,Clean,clean,detect_solar_dust,test
a7540525a0e6,Data/curated/Clean/detect_solar_dust_clean_Imgclean_888_0.jpg,Clean,Clean,clean,detect_solar_dust,train
ad2cddd3d3e0,Data/curated/Clean/detect_solar_dust_clean_Imgclean_889_0.jpg,Clean,Clean,clean,detect_solar_dust,train
e7cf83c94c9e,Data/curated/Clean/detect_solar_dust_clean_Imgclean_88_0.jpg,Clean,Clean,clean,detect_solar_dust,test
6bbcbdefaf85,Data/curated/Clean/detect_solar_dust_clean_Imgclean_891_0.jpg,Clean,Clean,clean,detect_solar_dust,train
45e559da0fed,Data/curated/Clean/detect_solar_dust_clean_Imgclean_892_0.jpg,Clean,Clean,clean,detect_solar_dust,train
1511a5f3e0dd,Data/curated/Clean/detect_solar_dust_clean_Imgclean_893_0.jpg,Clean,Clean,clean,detect_solar_dust,train
0e64f5d81d1f,Data/curated/Clean/detect_solar_dust_clean_Imgclean_894_0.jpg,Clean,Clean,clean,detect_solar_dust,train
109eef67bf35,Data/curated/Clean/detect_solar_dust_clean_Imgclean_895_0.jpg,Clean,Clean,clean,detect_solar_dust,train
dc1a0181d41b,Data/curated/Clean/detect_solar_dust_clean_Imgclean_896_0.jpg,Clean,Clean,clean,detect_solar_dust,train
dd2cef0a3e81,Data/curated/Clean/detect_solar_dust_clean_Imgclean_897_0.jpg,Clean,Clean,clean,detect_solar_dust,test
14f3ccf93cb5,Data/curated/Clean/detect_solar_dust_clean_Imgclean_898_0.jpg,Clean,Clean,clean,detect_solar_dust,train
42fdd6f57c43,Data/curated/Clean/detect_solar_dust_clean_Imgclean_899_0.jpg,Clean,Clean,clean,detect_solar_dust,train
c82bf4cf8db6,Data/curated/Clean/detect_solar_dust_clean_Imgclean_89_0.jpg,Clean,Clean,clean,detect_solar_dust,val
b3b37cfca5e6,Data/curated/Clean/detect_solar_dust_clean_Imgclean_8_0.jpg,Clean,Clean,clean,detect_solar_dust,train
48917d4e4508,Data/curated/Clean/detect_solar_dust_clean_Imgclean_900_0.jpg,Clean,Clean,clean,detect_solar_dust,train
e0183a5bc509,Data/curated/Clean/detect_solar_dust_clean_Imgclean_901_0.jpg,Clean,Clean,clean,detect_solar_dust,train
b9f07ab83ae1,Data/curated/Clean/detect_solar_dust_clean_Imgclean_902_0.jpg,Clean,Clean,clean,detect_solar_dust,train
78e871b484f5,Data/curated/Clean/detect_solar_dust_clean_Imgclean_903_0.jpg,Clean,Clean,clean,detect_solar_dust,train
ea4b24d63305,Data/curated/Clean/detect_solar_dust_clean_Imgclean_904_0.jpg,Clean,Clean,clean,detect_solar_dust,train
5d2f39410ca8,Data/curated/Clean/detect_solar_dust_clean_Imgclean_905_0.jpg,Clean,Clean,clean,detect_solar_dust,train
928abb225b15,Data/curated/Clean/detect_solar_dust_clean_Imgclean_906_0.jpg,Clean,Clean,clean,detect_solar_dust,train
5eb5c3906837,Data/curated/Clean/detect_solar_dust_clean_Imgclean_907_0.jpg,Clean,Clean,clean,detect_solar_dust,train
7c03a33d9170,Data/curated/Clean/detect_solar_dust_clean_Imgclean_908_0.jpg,Clean,Clean,clean,detect_solar_dust,train
377fae7adfd7,Data/curated/Clean/detect_solar_dust_clean_Imgclean_909_0.jpg,Clean,Clean,clean,detect_solar_dust,train
a89f8800f328,Data/curated/Clean/detect_solar_dust_clean_Imgclean_90_0.jpg,Clean,Clean,clean,detect_solar_dust,train
bb77cd705434,Data/curated/Clean/detect_solar_dust_clean_Imgclean_910_0.jpg,Clean,Clean,clean,detect_solar_dust,train
6ad69f6a628c,Data/curated/Clean/detect_solar_dust_clean_Imgclean_911_0.jpg,Clean,Clean,clean,detect_solar_dust,val
86f9fe8a3941,Data/curated/Clean/detect_solar_dust_clean_Imgclean_912_0.jpg,Clean,Clean,clean,detect_solar_dust,train
0a5abcb079af,Data/curated/Clean/detect_solar_dust_clean_Imgclean_913_0.jpg,Clean,Clean,clean,detect_solar_dust,test
fc87d136e7de,Data/curated/Clean/detect_solar_dust_clean_Imgclean_914_0.jpg,Clean,Clean,clean,detect_solar_dust,train
2f36bf271640,Data/curated/Clean/detect_solar_dust_clean_Imgclean_915_0.jpg,Clean,Clean,clean,detect_solar_dust,val
b972b29a4b2b,Data/curated/Clean/detect_solar_dust_clean_Imgclean_916_0.jpg,Clean,Clean,clean,detect_solar_dust,val
559c97b5c0b2,Data/curated/Clean/detect_solar_dust_clean_Imgclean_917_0.jpg,Clean,Clean,clean,detect_solar_dust,val
8c2c6f1cf175,Data/curated/Clean/detect_solar_dust_clean_Imgclean_918_0.jpg,Clean,Clean,clean,detect_solar_dust,train
b627edcbb90c,Data/curated/Clean/detect_solar_dust_clean_Imgclean_919_0.jpg,Clean,Clean,clean,detect_solar_dust,val
6c797ae041a2,Data/curated/Clean/detect_solar_dust_clean_Imgclean_91_0.jpg,Clean,Clean,clean,detect_solar_dust,train
2e5b24473544,Data/curated/Clean/detect_solar_dust_clean_Imgclean_920_0.jpg,Clean,Clean,clean,detect_solar_dust,train
88f7d48094cc,Data/curated/Clean/detect_solar_dust_clean_Imgclean_921_0.jpg,Clean,Clean,clean,detect_solar_dust,val
cf9341ce00d9,Data/curated/Clean/detect_solar_dust_clean_Imgclean_922_0.jpg,Clean,Clean,clean,detect_solar_dust,train
0d6f2c47010a,Data/curated/Clean/detect_solar_dust_clean_Imgclean_923_0.jpg,Clean,Clean,clean,detect_solar_dust,test
d1098cc25a10,Data/curated/Clean/detect_solar_dust_clean_Imgclean_924_0.jpg,Clean,Clean,clean,detect_solar_dust,val
f4245e84df3e,Data/curated/Clean/detect_solar_dust_clean_Imgclean_925_0.jpg,Clean,Clean,clean,detect_solar_dust,train
07fd06f11071,Data/curated/Clean/detect_solar_dust_clean_Imgclean_926_0.jpg,Clean,Clean,clean,detect_solar_dust,train
b7c0ea9de9b0,Data/curated/Clean/detect_solar_dust_clean_Imgclean_927_0.jpg,Clean,Clean,clean,detect_solar_dust,train
b3bcf5e9ede7,Data/curated/Clean/detect_solar_dust_clean_Imgclean_928_0.jpg,Clean,Clean,clean,detect_solar_dust,train
9b3a136d0d82,Data/curated/Clean/detect_solar_dust_clean_Imgclean_929_0.jpg,Clean,Clean,clean,detect_solar_dust,train
95bba4b1eadc,Data/curated/Clean/detect_solar_dust_clean_Imgclean_92_0.jpg,Clean,Clean,clean,detect_solar_dust,train
f59820ed18d4,Data/curated/Clean/detect_solar_dust_clean_Imgclean_930_0.jpg,Clean,Clean,clean,detect_solar_dust,test
1bf935b782c5,Data/curated/Clean/detect_solar_dust_clean_Imgclean_931_0.jpg,Clean,Clean,clean,detect_solar_dust,train
cea863810cd9,Data/curated/Clean/detect_solar_dust_clean_Imgclean_932_0.jpg,Clean,Clean,clean,detect_solar_dust,test
80cf89f8e71a,Data/curated/Clean/detect_solar_dust_clean_Imgclean_933_0.jpg,Clean,Clean,clean,detect_solar_dust,train
f2cd8a99252b,Data/curated/Clean/detect_solar_dust_clean_Imgclean_934_0.jpg,Clean,Clean,clean,detect_solar_dust,train
268f85bf5b56,Data/curated/Clean/detect_solar_dust_clean_Imgclean_935_0.jpg,Clean,Clean,clean,detect_solar_dust,train
c57d9a55c61e,Data/curated/Clean/detect_solar_dust_clean_Imgclean_936_0.jpg,Clean,Clean,clean,detect_solar_dust,train
0469899b9ffc,Data/curated/Clean/detect_solar_dust_clean_Imgclean_937_0.jpg,Clean,Clean,clean,detect_solar_dust,train
e0a16e7834ff,Data/curated/Clean/detect_solar_dust_clean_Imgclean_938_0.jpg,Clean,Clean,clean,detect_solar_dust,train
a14bc8ea688c,Data/curated/Clean/detect_solar_dust_clean_Imgclean_939_0.jpg,Clean,Clean,clean,detect_solar_dust,train
964d90cdcfa1,Data/curated/Clean/detect_solar_dust_clean_Imgclean_93_0.jpg,Clean,Clean,clean,detect_solar_dust,val
7d311cee665b,Data/curated/Clean/detect_solar_dust_clean_Imgclean_940_0.jpg,Clean,Clean,clean,detect_solar_dust,train
d8c294454d3b,Data/curated/Clean/detect_solar_dust_clean_Imgclean_941_0.jpg,Clean,Clean,clean,detect_solar_dust,test
f821b6f875bf,Data/curated/Clean/detect_solar_dust_clean_Imgclean_942_0.jpg,Clean,Clean,clean,detect_solar_dust,train
992993069d1a,Data/curated/Clean/detect_solar_dust_clean_Imgclean_943_0.jpg,Clean,Clean,clean,detect_solar_dust,test
0b5adbbf794e,Data/curated/Clean/detect_solar_dust_clean_Imgclean_944_0.jpg,Clean,Clean,clean,detect_solar_dust,train
a51163a9aa90,Data/curated/Clean/detect_solar_dust_clean_Imgclean_945_0.jpg,Clean,Clean,clean,detect_solar_dust,train
8d2e2668048a,Data/curated/Clean/detect_solar_dust_clean_Imgclean_946_0.jpg,Clean,Clean,clean,detect_solar_dust,test
ba372b0f51ab,Data/curated/Clean/detect_solar_dust_clean_Imgclean_947_0.jpg,Clean,Clean,clean,detect_solar_dust,train
89a71f41a886,Data/curated/Clean/detect_solar_dust_clean_Imgclean_948_0.jpg,Clean,Clean,clean,detect_solar_dust,train
41b421bfab58,Data/curated/Clean/detect_solar_dust_clean_Imgclean_949_0.jpg,Clean,Clean,clean,detect_solar_dust,train
f693c00d08b2,Data/curated/Clean/detect_solar_dust_clean_Imgclean_94_0.jpg,Clean,Clean,clean,detect_solar_dust,train
1a966ebd0cdd,Data/curated/Clean/detect_solar_dust_clean_Imgclean_950_0.jpg,Clean,Clean,clean,detect_solar_dust,test
aaa23a798290,Data/curated/Clean/detect_solar_dust_clean_Imgclean_951_0.jpg,Clean,Clean,clean,detect_solar_dust,train
0b79d824af08,Data/curated/Clean/detect_solar_dust_clean_Imgclean_952_0.jpg,Clean,Clean,clean,detect_solar_dust,train
bc33a61995e0,Data/curated/Clean/detect_solar_dust_clean_Imgclean_953_0.jpg,Clean,Clean,clean,detect_solar_dust,train
4405c8962cf3,Data/curated/Clean/detect_solar_dust_clean_Imgclean_954_0.jpg,Clean,Clean,clean,detect_solar_dust,train
1f75e96b5019,Data/curated/Clean/detect_solar_dust_clean_Imgclean_955_0.jpg,Clean,Clean,clean,detect_solar_dust,train
a7853a9c631b,Data/curated/Clean/detect_solar_dust_clean_Imgclean_956_0.jpg,Clean,Clean,clean,detect_solar_dust,train
1f9b7c278501,Data/curated/Clean/detect_solar_dust_clean_Imgclean_957_0.jpg,Clean,Clean,clean,detect_solar_dust,test
5732787327c9,Data/curated/Clean/detect_solar_dust_clean_Imgclean_958_0.jpg,Clean,Clean,clean,detect_solar_dust,train
b11852b8002e,Data/curated/Clean/detect_solar_dust_clean_Imgclean_959_0.jpg,Clean,Clean,clean,detect_solar_dust,train
cf70e47151fc,Data/curated/Clean/detect_solar_dust_clean_Imgclean_95_0.jpg,Clean,Clean,clean,detect_solar_dust,train
2f195fa539e5,Data/curated/Clean/detect_solar_dust_clean_Imgclean_960_0.jpg,Clean,Clean,clean,detect_solar_dust,train
10bfd0cacbe7,Data/curated/Clean/detect_solar_dust_clean_Imgclean_961_0.jpg,Clean,Clean,clean,detect_solar_dust,test
0ed69d5163c0,Data/curated/Clean/detect_solar_dust_clean_Imgclean_962_0.jpg,Clean,Clean,clean,detect_solar_dust,test
43304b97814c,Data/curated/Clean/detect_solar_dust_clean_Imgclean_963_0.jpg,Clean,Clean,clean,detect_solar_dust,train
97ab9dca110d,Data/curated/Clean/detect_solar_dust_clean_Imgclean_964_0.jpg,Clean,Clean,clean,detect_solar_dust,test
d3d7615be0cc,Data/curated/Clean/detect_solar_dust_clean_Imgclean_965_0.jpg,Clean,Clean,clean,detect_solar_dust,test
d3beb12f2819,Data/curated/Clean/detect_solar_dust_clean_Imgclean_966_0.jpg,Clean,Clean,clean,detect_solar_dust,val
a7e3c2293c0f,Data/curated/Clean/detect_solar_dust_clean_Imgclean_967_0.jpg,Clean,Clean,clean,detect_solar_dust,test
92ceabb7b003,Data/curated/Clean/detect_solar_dust_clean_Imgclean_968_0.jpg,Clean,Clean,clean,detect_solar_dust,val
c1dfecdfd74d,Data/curated/Clean/detect_solar_dust_clean_Imgclean_969_0.jpg,Clean,Clean,clean,detect_solar_dust,test
44c3a86c1e87,Data/curated/Clean/detect_solar_dust_clean_Imgclean_970_0.jpg,Clean,Clean,clean,detect_solar_dust,train
1468ff71c8b6,Data/curated/Clean/detect_solar_dust_clean_Imgclean_971_0.jpg,Clean,Clean,clean,detect_solar_dust,train
46abc54c6094,Data/curated/Clean/detect_solar_dust_clean_Imgclean_972_0.jpg,Clean,Clean,clean,detect_solar_dust,train
7098a5772667,Data/curated/Clean/detect_solar_dust_clean_Imgclean_973_0.jpg,Clean,Clean,clean,detect_solar_dust,train
e1513aff2ebb,Data/curated/Clean/detect_solar_dust_clean_Imgclean_974_0.jpg,Clean,Clean,clean,detect_solar_dust,train
9770c8d2dd94,Data/curated/Clean/detect_solar_dust_clean_Imgclean_975_0.jpg,Clean,Clean,clean,detect_solar_dust,train
329791b0502a,Data/curated/Clean/detect_solar_dust_clean_Imgclean_976_0.jpg,Clean,Clean,clean,detect_solar_dust,test
41eb90deada3,Data/curated/Clean/detect_solar_dust_clean_Imgclean_977_0.jpg,Clean,Clean,clean,detect_solar_dust,train
6893a1307e57,Data/curated/Clean/detect_solar_dust_clean_Imgclean_978_0.jpg,Clean,Clean,clean,detect_solar_dust,train
0705a1d64a72,Data/curated/Clean/detect_solar_dust_clean_Imgclean_979_0.jpg,Clean,Clean,clean,detect_solar_dust,train
4c5aab6f2edd,Data/curated/Clean/detect_solar_dust_clean_Imgclean_97_0.jpg,Clean,Clean,clean,detect_solar_dust,train
a936a5211818,Data/curated/Clean/detect_solar_dust_clean_Imgclean_980_0.jpg,Clean,Clean,clean,detect_solar_dust,test
c3662381a50e,Data/curated/Clean/detect_solar_dust_clean_Imgclean_981_0.jpg,Clean,Clean,clean,detect_solar_dust,train
f485fdb98c54,Data/curated/Clean/detect_solar_dust_clean_Imgclean_982_0.jpg,Clean,Clean,clean,detect_solar_dust,val
5a1a4a3452b3,Data/curated/Clean/detect_solar_dust_clean_Imgclean_983_0.jpg,Clean,Clean,clean,detect_solar_dust,train
317acefd2bbe,Data/curated/Clean/detect_solar_dust_clean_Imgclean_984_0.jpg,Clean,Clean,clean,detect_solar_dust,train
bb8dafe3b143,Data/curated/Clean/detect_solar_dust_clean_Imgclean_985_0.jpg,Clean,Clean,clean,detect_solar_dust,val
998573361b39,Data/curated/Clean/detect_solar_dust_clean_Imgclean_986_0.jpg,Clean,Clean,clean,detect_solar_dust,test
82b80511b5f7,Data/curated/Clean/detect_solar_dust_clean_Imgclean_987_0.jpg,Clean,Clean,clean,detect_solar_dust,val
1fa2eb926918,Data/curated/Clean/detect_solar_dust_clean_Imgclean_988_0.jpg,Clean,Clean,clean,detect_solar_dust,train
cacf5db3c41f,Data/curated/Clean/detect_solar_dust_clean_Imgclean_989_0.jpg,Clean,Clean,clean,detect_solar_dust,train
b91c7baae66c,Data/curated/Clean/detect_solar_dust_clean_Imgclean_98_0.jpg,Clean,Clean,clean,detect_solar_dust,train
7c8c3210a66d,Data/curated/Clean/detect_solar_dust_clean_Imgclean_990_0.jpg,Clean,Clean,clean,detect_solar_dust,train
ccecdcd9e8b2,Data/curated/Clean/detect_solar_dust_clean_Imgclean_991_0.jpg,Clean,Clean,clean,detect_solar_dust,train
fc76e739e0bc,Data/curated/Clean/detect_solar_dust_clean_Imgclean_992_0.jpg,Clean,Clean,clean,detect_solar_dust,train
d1240217d9f7,Data/curated/Clean/detect_solar_dust_clean_Imgclean_993_0.jpg,Clean,Clean,clean,detect_solar_dust,train
79d48c96fe7e,Data/curated/Clean/detect_solar_dust_clean_Imgclean_995_0.jpg,Clean,Clean,clean,detect_solar_dust,val
c64f3a0edb90,Data/curated/Clean/detect_solar_dust_clean_Imgclean_996_0.jpg,Clean,Clean,clean,detect_solar_dust,train
acca5e6086d4,Data/curated/Clean/detect_solar_dust_clean_Imgclean_997_0.jpg,Clean,Clean,clean,detect_solar_dust,test
3c3baed51513,Data/curated/Clean/detect_solar_dust_clean_Imgclean_998_0.jpg,Clean,Clean,clean,detect_solar_dust,train
7f3324aeb6cb,Data/curated/Clean/detect_solar_dust_clean_Imgclean_999_0.jpg,Clean,Clean,clean,detect_solar_dust,train
d8a67c1e62f8,Data/curated/Clean/detect_solar_dust_clean_Imgclean_99_0.jpg,Clean,Clean,clean,detect_solar_dust,train
0ad8bd0f477d,Data/curated/Clean/detect_solar_dust_clean_Imgclean_9_0.jpg,Clean,Clean,clean,detect_solar_dust,train
0fa79b119646,Data/curated/Clean/faulty_solar_panel_clean_Clean (1).jpeg,Clean,Clean,clean,faulty_solar_panel,train
940795f2a361,Data/curated/Clean/faulty_solar_panel_clean_Clean (10).JPG,Clean,Clean,clean,faulty_solar_panel,train
5ba2be486b02,Data/curated/Clean/faulty_solar_panel_clean_Clean (11).jpg,Clean,Clean,clean,faulty_solar_panel,train
d28f5b5b0193,Data/curated/Clean/faulty_solar_panel_clean_Clean (116).jpg,Clean,Clean,clean,faulty_solar_panel,test
d8487f0d0c37,Data/curated/Clean/faulty_solar_panel_clean_Clean (117).jpg,Clean,Clean,clean,faulty_solar_panel,train
0e452baae19d,Data/curated/Clean/faulty_solar_panel_clean_Clean (118).jpg,Clean,Clean,clean,faulty_solar_panel,val
d8a7dc6bfb7d,Data/curated/Clean/faulty_solar_panel_clean_Clean (119).jpg,Clean,Clean,clean,faulty_solar_panel,val
3c4e9ddcd14b,Data/curated/Clean/faulty_solar_panel_clean_Clean (12).jpg,Clean,Clean,clean,faulty_solar_panel,train
82b82e1f6cac,Data/curated/Clean/faulty_solar_panel_clean_Clean (120).jpg,Clean,Clean,clean,faulty_solar_panel,train
7c447d66fd49,Data/curated/Clean/faulty_solar_panel_clean_Clean (121).jpg,Clean,Clean,clean,faulty_solar_panel,test
f43846f1ad1d,Data/curated/Clean/faulty_solar_panel_clean_Clean (122).jpg,Clean,Clean,clean,faulty_solar_panel,val
fd617fb3efcc,Data/curated/Clean/faulty_solar_panel_clean_Clean (123).jpg,Clean,Clean,clean,faulty_solar_panel,val
a9434d899425,Data/curated/Clean/faulty_solar_panel_clean_Clean (124).jpg,Clean,Clean,clean,faulty_solar_panel,train
bf8135dc0598,Data/curated/Clean/faulty_solar_panel_clean_Clean (125).jpg,Clean,Clean,clean,faulty_solar_panel,train
cf99aee05993,Data/curated/Clean/faulty_solar_panel_clean_Clean (126).jpg,Clean,Clean,clean,faulty_solar_panel,test
96ad263a7ee7,Data/curated/Clean/faulty_solar_panel_clean_Clean (127).jpg,Clean,Clean,clean,faulty_solar_panel,train
a0b424ee1375,Data/curated/Clean/faulty_solar_panel_clean_Clean (128).jpg,Clean,Clean,clean,faulty_solar_panel,train
3c2dac5eb53b,Data/curated/Clean/faulty_solar_panel_clean_Clean (129).jpg,Clean,Clean,clean,faulty_solar_panel,train
106b551756fd,Data/curated/Clean/faulty_solar_panel_clean_Clean (13).jpg,Clean,Clean,clean,faulty_solar_panel,train
4484e6a22434,Data/curated/Clean/faulty_solar_panel_clean_Clean (130).jpg,Clean,Clean,clean,faulty_solar_panel,train
a068235c7b42,Data/curated/Clean/faulty_solar_panel_clean_Clean (131).jpg,Clean,Clean,clean,faulty_solar_panel,test
7c3a517503bc,Data/curated/Clean/faulty_solar_panel_clean_Clean (133).jpg,Clean,Clean,clean,faulty_solar_panel,train
fafa72345e87,Data/curated/Clean/faulty_solar_panel_clean_Clean (134).jpg,Clean,Clean,clean,faulty_solar_panel,train
3dc5669de76d,Data/curated/Clean/faulty_solar_panel_clean_Clean (135).JPG,Clean,Clean,clean,faulty_solar_panel,test
f11961e85cb5,Data/curated/Clean/faulty_solar_panel_clean_Clean (136).JPG,Clean,Clean,clean,faulty_solar_panel,val
66d4c7cd5a77,Data/curated/Clean/faulty_solar_panel_clean_Clean (137).jpg,Clean,Clean,clean,faulty_solar_panel,test
ffefc4fb5814,Data/curated/Clean/faulty_solar_panel_clean_Clean (138).jpg,Clean,Clean,clean,faulty_solar_panel,val
e68ca89f3489,Data/curated/Clean/faulty_solar_panel_clean_Clean (139).JPG,Clean,Clean,clean,faulty_solar_panel,test
585436302516,Data/curated/Clean/faulty_solar_panel_clean_Clean (14).jpg,Clean,Clean,clean,faulty_solar_panel,train
4940e5c8f859,Data/curated/Clean/faulty_solar_panel_clean_Clean (140).JPG,Clean,Clean,clean,faulty_solar_panel,train
3a3f26a36738,Data/curated/Clean/faulty_solar_panel_clean_Clean (142).jpg,Clean,Clean,clean,faulty_solar_panel,train
6b322b546c8b,Data/curated/Clean/faulty_solar_panel_clean_Clean (143).jpg,Clean,Clean,clean,faulty_solar_panel,train
d8037032f5e3,Data/curated/Clean/faulty_solar_panel_clean_Clean (144).jpg,Clean,Clean,clean,faulty_solar_panel,val
bc55e25ffc4c,Data/curated/Clean/faulty_solar_panel_clean_Clean (145).jpg,Clean,Clean,clean,faulty_solar_panel,test
1ec1d827c87c,Data/curated/Clean/faulty_solar_panel_clean_Clean (146).jpg,Clean,Clean,clean,faulty_solar_panel,train
539c2a84829a,Data/curated/Clean/faulty_solar_panel_clean_Clean (148).jpg,Clean,Clean,clean,faulty_solar_panel,train
75b84b788ea5,Data/curated/Clean/faulty_solar_panel_clean_Clean (149).jpg,Clean,Clean,clean,faulty_solar_panel,train
c680a76c8e05,Data/curated/Clean/faulty_solar_panel_clean_Clean (15).JPG,Clean,Clean,clean,faulty_solar_panel,train
8aa1f84d0f65,Data/curated/Clean/faulty_solar_panel_clean_Clean (150).jpg,Clean,Clean,clean,faulty_solar_panel,val
096e8469beec,Data/curated/Clean/faulty_solar_panel_clean_Clean (151).jpg,Clean,Clean,clean,faulty_solar_panel,train
b7aac1b8c6e6,Data/curated/Clean/faulty_solar_panel_clean_Clean (152).jpg,Clean,Clean,clean,faulty_solar_panel,train
dba16189324e,Data/curated/Clean/faulty_solar_panel_clean_Clean (153).jpg,Clean,Clean,clean,faulty_solar_panel,val
879851ca4408,Data/curated/Clean/faulty_solar_panel_clean_Clean (154).jpg,Clean,Clean,clean,faulty_solar_panel,train
1af3b5ddd6ba,Data/curated/Clean/faulty_solar_panel_clean_Clean (155).jpg,Clean,Clean,clean,faulty_solar_panel,train
b631f17fe3b5,Data/curated/Clean/faulty_solar_panel_clean_Clean (156).jpg,Clean,Clean,clean,faulty_solar_panel,train
4b4891d068f1,Data/curated/Clean/faulty_solar_panel_clean_Clean (158).jpg,Clean,Clean,clean,faulty_solar_panel,train
adfbb89c0b57,Data/curated/Clean/faulty_solar_panel_clean_Clean (159).jpg,Clean,Clean,clean,faulty_solar_panel,train
24e8906efbba,Data/curated/Clean/faulty_solar_panel_clean_Clean (16).JPG,Clean,Clean,clean,faulty_solar_panel,val
a899aa671575,Data/curated/Clean/faulty_solar_panel_clean_Clean (160).jpg,Clean,Clean,clean,faulty_solar_panel,train
4c9bc0a6f5f5,Data/curated/Clean/faulty_solar_panel_clean_Clean (162).jpg,Clean,Clean,clean,faulty_solar_panel,train
802bd0cf9455,Data/curated/Clean/faulty_solar_panel_clean_Clean (163).jpg,Clean,Clean,clean,faulty_solar_panel,train
5a3e008c9ca8,Data/curated/Clean/faulty_solar_panel_clean_Clean (164).jpg,Clean,Clean,clean,faulty_solar_panel,val
3ea4b1f59474,Data/curated/Clean/faulty_solar_panel_clean_Clean (165).jpg,Clean,Clean,clean,faulty_solar_panel,train
2e7fe3aedc84,Data/curated/Clean/faulty_solar_panel_clean_Clean (166).jpg,Clean,Clean,clean,faulty_solar_panel,train
157b0a63aef3,Data/curated/Clean/faulty_solar_panel_clean_Clean (167).jpg,Clean,Clean,clean,faulty_solar_panel,train
1b1b9814061e,Data/curated/Clean/faulty_solar_panel_clean_Clean (168).jpg,Clean,Clean,clean,faulty_solar_panel,train
8be0c3e9dab7,Data/curated/Clean/faulty_solar_panel_clean_Clean (169).jpg,Clean,Clean,clean,faulty_solar_panel,train
016b50a4fb76,Data/curated/Clean/faulty_solar_panel_clean_Clean (17).jpg,Clean,Clean,clean,faulty_solar_panel,train
91c9869afd98,Data/curated/Clean/faulty_solar_panel_clean_Clean (170).jpg,Clean,Clean,clean,faulty_solar_panel,train
7b62b6b714d0,Data/curated/Clean/faulty_solar_panel_clean_Clean (172).jpg,Clean,Clean,clean,faulty_solar_panel,train
ce8cf50f78e3,Data/curated/Clean/faulty_solar_panel_clean_Clean (173).jpg,Clean,Clean,clean,faulty_solar_panel,train
b5ef3d652447,Data/curated/Clean/faulty_solar_panel_clean_Clean (174).jpg,Clean,Clean,clean,faulty_solar_panel,train
9a2e3cafeb2e,Data/curated/Clean/faulty_solar_panel_clean_Clean (175).jpg,Clean,Clean,clean,faulty_solar_panel,train
94c26513f9e9,Data/curated/Clean/faulty_solar_panel_clean_Clean (176).jpg,Clean,Clean,clean,faulty_solar_panel,train
412cf41fbf0f,Data/curated/Clean/faulty_solar_panel_clean_Clean (177).jpg,Clean,Clean,clean,faulty_solar_panel,train
94b596d7453e,Data/curated/Clean/faulty_solar_panel_clean_Clean (179).jpg,Clean,Clean,clean,faulty_solar_panel,train
83f408cbc64b,Data/curated/Clean/faulty_solar_panel_clean_Clean (18).jpg,Clean,Clean,clean,faulty_solar_panel,train
e17b8181c7e7,Data/curated/Clean/faulty_solar_panel_clean_Clean (180).jpg,Clean,Clean,clean,faulty_solar_panel,train
a4c4f9718e97,Data/curated/Clean/faulty_solar_panel_clean_Clean (181).jpg,Clean,Clean,clean,faulty_solar_panel,train
3ed86aeb6c71,Data/curated/Clean/faulty_solar_panel_clean_Clean (182).jpg,Clean,Clean,clean,faulty_solar_panel,train
92d45978a608,Data/curated/Clean/faulty_solar_panel_clean_Clean (184).jpg,Clean,Clean,clean,faulty_solar_panel,train
7295de3d6277,Data/curated/Clean/faulty_solar_panel_clean_Clean (185).jpg,Clean,Clean,clean,faulty_solar_panel,val
09512d60a50f,Data/curated/Clean/faulty_solar_panel_clean_Clean (186).jpg,Clean,Clean,clean,faulty_solar_panel,train
e08270d78613,Data/curated/Clean/faulty_solar_panel_clean_Clean (187).jpg,Clean,Clean,clean,faulty_solar_panel,test
1fbe07be3b09,Data/curated/Clean/faulty_solar_panel_clean_Clean (189).jpg,Clean,Clean,clean,faulty_solar_panel,train
5abbffbc444c,Data/curated/Clean/faulty_solar_panel_clean_Clean (191).jpg,Clean,Clean,clean,faulty_solar_panel,train
178e21e9bc76,Data/curated/Clean/faulty_solar_panel_clean_Clean (192).jpg,Clean,Clean,clean,faulty_solar_panel,val
f7cc24a77dd7,Data/curated/Clean/faulty_solar_panel_clean_Clean (193).png,Clean,Clean,clean,faulty_solar_panel,val
464e588ceeed,Data/curated/Clean/faulty_solar_panel_clean_Clean (2).jpg,Clean,Clean,clean,faulty_solar_panel,train
4d90d9171f62,Data/curated/Clean/faulty_solar_panel_clean_Clean (3).jpg,Clean,Clean,clean,faulty_solar_panel,train
43cd071e692b,Data/curated/Clean/faulty_solar_panel_clean_Clean (310).jpg,Clean,Clean,clean,faulty_solar_panel,train
3b8cb9f0310b,Data/curated/Clean/faulty_solar_panel_clean_Clean (4).jpg,Clean,Clean,clean,faulty_solar_panel,train
e26af6066ccf,Data/curated/Clean/faulty_solar_panel_clean_Clean (5).jpg,Clean,Clean,clean,faulty_solar_panel,train
3f76bbda6e72,Data/curated/Clean/faulty_solar_panel_clean_Clean (7).jpg,Clean,Clean,clean,faulty_solar_panel,val
d2c05b81efbb,Data/curated/Clean/faulty_solar_panel_clean_Clean (8).jpg,Clean,Clean,clean,faulty_solar_panel,test
0e212e6fc7c7,Data/curated/Clean/faulty_solar_panel_clean_Clean (9).jpg,Clean,Clean,clean,faulty_solar_panel,val
f21b50111443,Data/curated/Clean/solnet_001_clean_20210917_151218.jpg,Clean,Clean,clean,solnet_001,train
9576a80688d8,Data/curated/Clean/solnet_001_clean_20210917_151251.jpg,Clean,Clean,clean,solnet_001,train
99efe489d263,Data/curated/Clean/solnet_001_clean_20210917_151334(1).jpg,Clean,Clean,clean,solnet_001,train
89d0447d0219,Data/curated/Clean/solnet_001_clean_20210917_151349.jpg,Clean,Clean,clean,solnet_001,train
22fdf02ce23f,Data/curated/Clean/solnet_001_clean_20210917_151404.jpg,Clean,Clean,clean,solnet_001,train
91f0a0f54aca,Data/curated/Clean/solnet_001_clean_20210917_151405.jpg,Clean,Clean,clean,solnet_001,train
3e13a72a7c3e,Data/curated/Clean/solnet_001_clean_20210917_151412.jpg,Clean,Clean,clean,solnet_001,train
ffdcc3ac8bd5,Data/curated/Clean/solnet_001_clean_20210917_151442.jpg,Clean,Clean,clean,solnet_001,train
230216ad6a16,Data/curated/Clean/solnet_001_clean_20210917_151458.jpg,Clean,Clean,clean,solnet_001,val
2c9435e8a33c,Data/curated/Clean/solnet_001_clean_20210917_151500.jpg,Clean,Clean,clean,solnet_001,test
0955f50fbec1,Data/curated/Clean/solnet_001_clean_20210917_151511.jpg,Clean,Clean,clean,solnet_001,train
1f9478ed1d1e,Data/curated/Clean/solnet_001_clean_20210917_151528.jpg,Clean,Clean,clean,solnet_001,train
9acb703899a7,Data/curated/Clean/solnet_001_clean_20210917_151541.jpg,Clean,Clean,clean,solnet_001,test
822143b1078f,Data/curated/Clean/solnet_001_clean_20210917_151602.jpg,Clean,Clean,clean,solnet_001,train
3bce0187f06f,Data/curated/Clean/solnet_001_clean_20210917_151603.jpg,Clean,Clean,clean,solnet_001,train
8bda61a1f11b,Data/curated/Clean/solnet_001_clean_20210917_151615.jpg,Clean,Clean,clean,solnet_001,train
d07d50020d23,Data/curated/Clean/solnet_001_clean_20210917_152059.jpg,Clean,Clean,clean,solnet_001,train
10902ebdfc95,Data/curated/Clean/solnet_001_clean_20210917_152100.jpg,Clean,Clean,clean,solnet_001,test
569d3df53da1,Data/curated/Clean/solnet_001_clean_20210917_152103.jpg,Clean,Clean,clean,solnet_001,train
5ca0056745aa,Data/curated/Clean/solnet_001_clean_20210917_152120.jpg,Clean,Clean,clean,solnet_001,val
779df18963c6,Data/curated/Clean/solnet_001_clean_20210919_151006.jpg,Clean,Clean,clean,solnet_001,train
7a1d7d04cdb7,Data/curated/Clean/solnet_001_clean_20210919_151058.jpg,Clean,Clean,clean,solnet_001,test
d31fb258ce90,Data/curated/Clean/solnet_001_clean_20210919_151100.jpg,Clean,Clean,clean,solnet_001,train
ede94997905a,Data/curated/Clean/solnet_001_clean_20210919_151101.jpg,Clean,Clean,clean,solnet_001,train
95b1bce8d865,Data/curated/Clean/solnet_001_clean_20210919_151141.jpg,Clean,Clean,clean,solnet_001,val
436c8d6b4553,Data/curated/Clean/solnet_001_clean_20210919_151142.jpg,Clean,Clean,clean,solnet_001,test
4008950dd5ba,Data/curated/Clean/solnet_001_clean_20210919_151144.jpg,Clean,Clean,clean,solnet_001,test
74adb91b34f4,Data/curated/Clean/solnet_001_clean_20210919_151157.jpg,Clean,Clean,clean,solnet_001,train
73116e7503b6,Data/curated/Clean/solnet_001_clean_20210919_151251.jpg,Clean,Clean,clean,solnet_001,train
eb86bcfd0aa8,Data/curated/Clean/solnet_001_clean_20210919_151255.jpg,Clean,Clean,clean,solnet_001,test
ed86b20088fd,Data/curated/Clean/solnet_001_clean_20210919_151258.jpg,Clean,Clean,clean,solnet_001,train
a8f62d5fee5d,Data/curated/Clean/solnet_001_clean_20210919_151309.jpg,Clean,Clean,clean,solnet_001,train
23c171045fff,Data/curated/Clean/solnet_001_clean_20210919_151313.jpg,Clean,Clean,clean,solnet_001,train
cb90f54ae577,Data/curated/Clean/solnet_001_clean_20210919_151319.jpg,Clean,Clean,clean,solnet_001,test
6a5646c9244d,Data/curated/Clean/solnet_001_clean_20210919_151322.jpg,Clean,Clean,clean,solnet_001,train
9fe07f8d730b,Data/curated/Clean/solnet_001_clean_20210919_151323(0).jpg,Clean,Clean,clean,solnet_001,train
8caa97ce566c,Data/curated/Clean/solnet_001_clean_20210919_151328.jpg,Clean,Clean,clean,solnet_001,train
f18ae4512117,Data/curated/Clean/solnet_001_clean_20210919_151330(0).jpg,Clean,Clean,clean,solnet_001,test
86b806b7afe8,Data/curated/Clean/solnet_001_clean_20210919_151332.jpg,Clean,Clean,clean,solnet_001,train
1b09ca23876f,Data/curated/Clean/solnet_001_clean_20210919_151333(0).jpg,Clean,Clean,clean,solnet_001,val
2d1c51335c04,Data/curated/Clean/solnet_001_clean_20210919_151632.jpg,Clean,Clean,clean,solnet_001,train
6c0af7dfcd8e,Data/curated/Clean/solnet_001_clean_20210919_151633.jpg,Clean,Clean,clean,solnet_001,test
3efbff05f3f4,Data/curated/Clean/solnet_001_clean_20210919_151742.jpg,Clean,Clean,clean,solnet_001,train
0d97ec518d8d,Data/curated/Clean/solnet_001_clean_20210919_151959.jpg,Clean,Clean,clean,solnet_001,train
1cfbe9b804c9,Data/curated/Clean/solnet_001_clean_20210920_171423.jpg,Clean,Clean,clean,solnet_001,train
4b688d1fda82,Data/curated/Clean/solnet_001_clean_20210920_171433.jpg,Clean,Clean,clean,solnet_001,train
40434cf280d3,Data/curated/Clean/solnet_001_clean_20210920_171456.jpg,Clean,Clean,clean,solnet_001,train
9b242d86eaea,Data/curated/Clean/solnet_001_clean_20210920_171556.jpg,Clean,Clean,clean,solnet_001,train
7abee49d054f,Data/curated/Clean/solnet_001_clean_20210920_171559.jpg,Clean,Clean,clean,solnet_001,train
35c5f07db8f3,Data/curated/Clean/solnet_001_clean_20210920_171720.jpg,Clean,Clean,clean,solnet_001,train
583da071134a,Data/curated/Clean/solnet_001_clean_20210920_171729.jpg,Clean,Clean,clean,solnet_001,train
485ae6544ab8,Data/curated/Clean/solnet_001_clean_20210920_171733.jpg,Clean,Clean,clean,solnet_001,train
37d6f2a23c48,Data/curated/Clean/solnet_001_clean_20210922_094827(0).jpg,Clean,Clean,clean,solnet_001,train
e2fae75ea232,Data/curated/Clean/solnet_001_clean_20210922_094831.jpg,Clean,Clean,clean,solnet_001,train
c00b39207de3,Data/curated/Clean/solnet_001_clean_20210922_094837.jpg,Clean,Clean,clean,solnet_001,train
594fbe7535cd,Data/curated/Clean/solnet_001_clean_20210922_094838.jpg,Clean,Clean,clean,solnet_001,val
074da012cc5c,Data/curated/Clean/solnet_001_clean_20210922_095039_9_11zon_24_11zon_11_11zon_14_11zon_14_11zon.jpg,Clean,Clean,clean,solnet_001,train
e37cd44578c5,Data/curated/Clean/solnet_001_clean_20210922_095040_10_11zon_11_11zon_20_11zon_4_11zon_4_11zon.jpg,Clean,Clean,clean,solnet_001,train
5eb6c33da56d,Data/curated/Clean/solnet_001_clean_20210922_095112.jpg,Clean,Clean,clean,solnet_001,train
2311d6f36c58,Data/curated/Clean/solnet_001_clean_20210922_095128.jpg,Clean,Clean,clean,solnet_001,train
c79dad76136b,Data/curated/Clean/solnet_001_clean_20210922_095130.jpg,Clean,Clean,clean,solnet_001,train
c54b94f6979e,Data/curated/Clean/solnet_001_clean_20210922_095136.jpg,Clean,Clean,clean,solnet_001,val
f52f1f421ef2,Data/curated/Clean/solnet_001_clean_20210922_095142.jpg,Clean,Clean,clean,solnet_001,train
aebc121cef20,Data/curated/Clean/solnet_001_clean_20210922_095152.jpg,Clean,Clean,clean,solnet_001,test
4469522a38ca,Data/curated/Clean/solnet_001_clean_20210922_095203.jpg,Clean,Clean,clean,solnet_001,test
b829dae02997,Data/curated/Clean/solnet_001_clean_20210922_095204.jpg,Clean,Clean,clean,solnet_001,train
e391a0ea9d55,Data/curated/Clean/solnet_001_clean_20210922_095215.jpg,Clean,Clean,clean,solnet_001,train
79c2669c08d3,Data/curated/Clean/solnet_001_clean_20210922_095218.jpg,Clean,Clean,clean,solnet_001,train
023d11a78265,Data/curated/Clean/solnet_001_clean_20210922_095225.jpg,Clean,Clean,clean,solnet_001,train
0dbf1ded50ab,Data/curated/Clean/solnet_001_clean_20210922_095226.jpg,Clean,Clean,clean,solnet_001,train
dbf87912a1a0,Data/curated/Clean/solnet_001_clean_20210922_095231.jpg,Clean,Clean,clean,solnet_001,test
00de8af90af9,Data/curated/Clean/solnet_001_clean_20210922_095234.jpg,Clean,Clean,clean,solnet_001,val
ab317f58f5fc,Data/curated/Clean/solnet_001_clean_20210922_095236(0).jpg,Clean,Clean,clean,solnet_001,train
c9e6d6cb65cf,Data/curated/Clean/solnet_001_clean_20210922_095250.jpg,Clean,Clean,clean,solnet_001,train
ecaa09cf327c,Data/curated/Clean/solnet_001_clean_20210922_095251.jpg,Clean,Clean,clean,solnet_001,train
4241f2e77e44,Data/curated/Clean/solnet_001_clean_20210922_095255.jpg,Clean,Clean,clean,solnet_001,train
d864e0713ee8,Data/curated/Clean/solnet_001_clean_20210922_095406.jpg,Clean,Clean,clean,solnet_001,train
ec64fbe9a0d2,Data/curated/Clean/solnet_002_clean_20210917_151404_2_11zon_4_11zon.jpg,Clean,Clean,clean,solnet_002,train
7a1088d5243b,Data/curated/Clean/solnet_002_clean_20210917_151419_15_11zon_2_11zon.jpg,Clean,Clean,clean,solnet_002,train
d682f39f455a,Data/curated/Clean/solnet_002_clean_20210917_151457_4_11zon_27_11zon.jpg,Clean,Clean,clean,solnet_002,train
fa06bca4c2fb,Data/curated/Clean/solnet_002_clean_20210917_151502_5_11zon_25_11zon.jpg,Clean,Clean,clean,solnet_002,train
a2cac7364971,Data/curated/Clean/solnet_002_clean_20210917_151527_1_11zon_14_11zon.jpg,Clean,Clean,clean,solnet_002,train
a7b6279f7126,Data/curated/Clean/solnet_002_clean_20210917_151542(0)_11_11zon.jpg,Clean,Clean,clean,solnet_002,test
935607a88101,Data/curated/Clean/solnet_002_clean_20210917_151542_12_11zon_20_11zon.jpg,Clean,Clean,clean,solnet_002,train
d993f7143c5f,Data/curated/Clean/solnet_002_clean_20210917_152112_5_11zon_5_11zon.jpg,Clean,Clean,clean,solnet_002,train
fd8751c332a6,Data/curated/Clean/solnet_002_clean_20210917_152210_10_11zon_30_11zon_20_11zon_16_11zon_17_11zon.jpg,Clean,Clean,clean,solnet_002,train
a3633f5c7640,Data/curated/Clean/solnet_002_clean_20210917_152212_1_11zon_7_11zon.jpg,Clean,Clean,clean,solnet_002,train
f24718f6ef20,Data/curated/Clean/solnet_002_clean_20210919_151006_14_11zon.jpg,Clean,Clean,clean,solnet_002,train
312112afab89,Data/curated/Clean/solnet_002_clean_20210919_151102_1_11zon.jpg,Clean,Clean,clean,solnet_002,train
371bed27d63a,Data/curated/Clean/solnet_002_clean_20210919_151109_2_11zon.jpg,Clean,Clean,clean,solnet_002,train
29bae6ca576c,Data/curated/Clean/solnet_002_clean_20210919_151110_3_11zon_18_11zon_37_11zon.jpg,Clean,Clean,clean,solnet_002,train
1cb0d9c266f6,Data/curated/Clean/solnet_002_clean_20210919_151141_10_11zon_25_11zon_47_11zon.jpg,Clean,Clean,clean,solnet_002,train
325084e76399,Data/curated/Clean/solnet_002_clean_20210919_151141_10_11zon_45_11zon.jpg,Clean,Clean,clean,solnet_002,val
f37f98b70e91,Data/curated/Clean/solnet_002_clean_20210919_151158_15_11zon.jpg,Clean,Clean,clean,solnet_002,train
46d882a28510,Data/curated/Clean/solnet_002_clean_20210919_151202_17_11zon.jpg,Clean,Clean,clean,solnet_002,train
59884aa95991,Data/curated/Clean/solnet_002_clean_20210919_151255_4_11zon_34_11zon_32_11zon_36_11zon_22_11zon.jpg,Clean,Clean,clean,solnet_002,train
ad51ee1e5e02,Data/curated/Clean/solnet_002_clean_20210919_151308_6_11zon_28_11zon.jpg,Clean,Clean,clean,solnet_002,train
f308d4026182,Data/curated/Clean/solnet_002_clean_20210919_151308_6_11zon_8_11zon_19_11zon_37_11zon.jpg,Clean,Clean,clean,solnet_002,train
c9a0d15c030e,Data/curated/Clean/solnet_002_clean_20210919_151309_7_11zon_27_11zon.jpg,Clean,Clean,clean,solnet_002,train
c8ea78a67fba,Data/curated/Clean/solnet_002_clean_20210919_151311_5_11zon_42_11zon.jpg,Clean,Clean,clean,solnet_002,train
8ec1e9778111,Data/curated/Clean/solnet_002_clean_20210919_151323(0)_17_11zon.jpg,Clean,Clean,clean,solnet_002,test
648334ec654c,Data/curated/Clean/solnet_002_clean_20210919_151332_6_11zon_18_11zon.jpg,Clean,Clean,clean,solnet_002,train
f7cea7b8140a,Data/curated/Clean/solnet_002_clean_20210919_151333_8_11zon.jpg,Clean,Clean,clean,solnet_002,test
6661f19b5050,Data/curated/Clean/solnet_002_clean_20210919_151335_11_11zon.jpg,Clean,Clean,clean,solnet_002,train
778880881825,Data/curated/Clean/solnet_002_clean_20210919_151344_9_11zon_9_11zon.jpg,Clean,Clean,clean,solnet_002,train
01063b0e8a8f,Data/curated/Clean/solnet_002_clean_20210919_151347_16_11zon_23_11zon_44_11zon.jpg,Clean,Clean,clean,solnet_002,test
7c73e024bab0,Data/curated/Clean/solnet_002_clean_20210919_151632_4_11zon_39_11zon.jpg,Clean,Clean,clean,solnet_002,train
819b1beea9f6,Data/curated/Clean/solnet_002_clean_20210919_151715_7_11zon.jpg,Clean,Clean,clean,solnet_002,train
0500d8d22565,Data/curated/Clean/solnet_002_clean_20210919_151720_9_11zon.jpg,Clean,Clean,clean,solnet_002,train
f82d3c2d453e,Data/curated/Clean/solnet_002_clean_20210919_152000_14_11zon_26_11zon.jpg,Clean,Clean,clean,solnet_002,test
7ffbc7b6f5ee,Data/curated/Clean/solnet_002_clean_20210920_171550_6_11zon.jpg,Clean,Clean,clean,solnet_002,train
679e319e7f21,Data/curated/Clean/solnet_002_clean_20210922_094723.jpg,Clean,Clean,clean,solnet_002,train
99c4aeb19fe5,Data/curated/Clean/solnet_002_clean_20210922_094729.jpg,Clean,Clean,clean,solnet_002,train
3d441046ca4f,Data/curated/Clean/solnet_002_clean_20210922_094734_8_11zon_45_11zon.jpg,Clean,Clean,clean,solnet_002,train
11151992a033,Data/curated/Clean/solnet_002_clean_20210922_094741.jpg,Clean,Clean,clean,solnet_002,train
c6f9141bfeb6,Data/curated/Clean/solnet_002_clean_20210922_094747(0).jpg,Clean,Clean,clean,solnet_002,val
4820fd3d74a9,Data/curated/Clean/solnet_002_clean_20210922_094756.jpg,Clean,Clean,clean,solnet_002,test
d1ba32710a69,Data/curated/Clean/solnet_002_clean_20210922_094759(0).jpg,Clean,Clean,clean,solnet_002,train
c3edab83284a,Data/curated/Clean/solnet_002_clean_20210922_094801(0)_7_11zon.jpg,Clean,Clean,clean,solnet_002,test
b8f05759a74c,Data/curated/Clean/solnet_002_clean_20210922_094803.jpg,Clean,Clean,clean,solnet_002,train
eb1e392c2ebc,Data/curated/Clean/solnet_002_clean_20210922_094803_10_11zon.jpg,Clean,Clean,clean,solnet_002,train
27bd94c1971e,Data/curated/Clean/solnet_002_clean_20210922_094804.jpg,Clean,Clean,clean,solnet_002,train
7a7965817df2,Data/curated/Clean/solnet_002_clean_20210922_094805_13_11zon_11_11zon.jpg,Clean,Clean,clean,solnet_002,train
674acd0af534,Data/curated/Clean/solnet_002_clean_20210922_094809.jpg,Clean,Clean,clean,solnet_002,train
fbfc7fd33b54,Data/curated/Clean/solnet_002_clean_20210922_094816_4_11zon.jpg,Clean,Clean,clean,solnet_002,test
b1221629d027,Data/curated/Clean/solnet_002_clean_20210922_094817.jpg,Clean,Clean,clean,solnet_002,train
ff41b1ffeaa6,Data/curated/Clean/solnet_002_clean_20210922_094817_6_11zon.jpg,Clean,Clean,clean,solnet_002,test
a935a6ae8b48,Data/curated/Clean/solnet_002_clean_20210922_094818.jpg,Clean,Clean,clean,solnet_002,train
1a610cc12d9d,Data/curated/Clean/solnet_002_clean_20210922_094818_7_11zon_31_11zon_48_11zon.jpg,Clean,Clean,clean,solnet_002,train
70e2aaa942a1,Data/curated/Clean/solnet_002_clean_20210922_094820.jpg,Clean,Clean,clean,solnet_002,train
254814974a21,Data/curated/Clean/solnet_002_clean_20210922_094821(0)_10_11zon.jpg,Clean,Clean,clean,solnet_002,train
d2f2eab84e82,Data/curated/Clean/solnet_002_clean_20210922_094821.jpg,Clean,Clean,clean,solnet_002,train
ada5361aede7,Data/curated/Clean/solnet_002_clean_20210922_094824(0)_14_11zon_15_11zon.jpg,Clean,Clean,clean,solnet_002,train
c5fe79496c3f,Data/curated/Clean/solnet_002_clean_20210922_094828.jpg,Clean,Clean,clean,solnet_002,test
1ec7a83102e2,Data/curated/Clean/solnet_002_clean_20210922_094830(0)_2_11zon_16_11zon_39_11zon.jpg,Clean,Clean,clean,solnet_002,val
018d0ed98bba,Data/curated/Clean/solnet_002_clean_20210922_094832(0)_5_11zon.jpg,Clean,Clean,clean,solnet_002,train
9aae2aa0b8e4,Data/curated/Clean/solnet_002_clean_20210922_094832.jpg,Clean,Clean,clean,solnet_002,val
3560ea314b89,Data/curated/Clean/solnet_002_clean_20210922_094833_1_11zon.jpg,Clean,Clean,clean,solnet_002,test
b8257fae2f36,Data/curated/Clean/solnet_002_clean_20210922_094836.jpg,Clean,Clean,clean,solnet_002,train
c572becacfeb,Data/curated/Clean/solnet_002_clean_20210922_094836_11_11zon.jpg,Clean,Clean,clean,solnet_002,train
db3995fb30bd,Data/curated/Clean/solnet_002_clean_20210922_094837(0)_12_11zon_5_11zon.jpg,Clean,Clean,clean,solnet_002,val
1052f65a7ee1,Data/curated/Clean/solnet_002_clean_20210922_094842(0).jpg,Clean,Clean,clean,solnet_002,val
1eaa2e5353ee,Data/curated/Clean/solnet_002_clean_20210922_094843.jpg,Clean,Clean,clean,solnet_002,train
9f7222f028c6,Data/curated/Clean/solnet_002_clean_20210922_094854_1_11zon.jpg,Clean,Clean,clean,solnet_002,train
da2ffcaeec49,Data/curated/Clean/solnet_002_clean_20210922_094855.jpg,Clean,Clean,clean,solnet_002,val
a3e852e48c45,Data/curated/Clean/solnet_002_clean_20210922_094911.jpg,Clean,Clean,clean,solnet_002,train
61236d4e7c2b,Data/curated/Clean/solnet_002_clean_20210922_094915(0).jpg,Clean,Clean,clean,solnet_002,train
bd0458628c3e,Data/curated/Clean/solnet_002_clean_20210922_094918.jpg,Clean,Clean,clean,solnet_002,train
33e0bcfb49b4,Data/curated/Clean/solnet_002_clean_20210922_094926(0).jpg,Clean,Clean,clean,solnet_002,train
3d6aa3c69b2d,Data/curated/Clean/solnet_002_clean_20210922_094929.jpg,Clean,Clean,clean,solnet_002,train
d2af607a3126,Data/curated/Clean/solnet_002_clean_20210922_094930_9_11zon.jpg,Clean,Clean,clean,solnet_002,val
2410291b2dcd,Data/curated/Clean/solnet_002_clean_20210922_094931.jpg,Clean,Clean,clean,solnet_002,test
863484ddfa0d,Data/curated/Clean/solnet_002_clean_20210922_094939.jpg,Clean,Clean,clean,solnet_002,train
1b19fb847e6b,Data/curated/Clean/solnet_002_clean_20210922_094948.jpg,Clean,Clean,clean,solnet_002,val
4bea64ceec70,Data/curated/Clean/solnet_002_clean_20210922_094950_13_11zon.jpg,Clean,Clean,clean,solnet_002,train
af37b7484b68,Data/curated/Clean/solnet_002_clean_20210922_095005_2_11zon_28_11zon_31_11zon_19_11zon.jpg,Clean,Clean,clean,solnet_002,train
6dd7c00c4a5f,Data/curated/Clean/solnet_002_clean_20210922_095011.jpg,Clean,Clean,clean,solnet_002,test
42b8c89f2c16,Data/curated/Clean/solnet_002_clean_20210922_095013.jpg,Clean,Clean,clean,solnet_002,train
82c2a8bf2fa8,Data/curated/Clean/solnet_002_clean_20210922_095015.jpg,Clean,Clean,clean,solnet_002,test
66a77ea33ecc,Data/curated/Clean/solnet_002_clean_20210922_095020.jpg,Clean,Clean,clean,solnet_002,train
4b04284abf1e,Data/curated/Clean/solnet_002_clean_20210922_095028.jpg,Clean,Clean,clean,solnet_002,train
10d24bb2578c,Data/curated/Clean/solnet_002_clean_20210922_095028_5_11zon_14_11zon.jpg,Clean,Clean,clean,solnet_002,train
04f5458ce29e,Data/curated/Clean/solnet_002_clean_20210922_095036_7_11zon_20_11zon_32_11zon_9_11zon_10_11zon.jpg,Clean,Clean,clean,solnet_002,train
a60e1dfbac46,Data/curated/Clean/solnet_002_clean_20210922_095039.jpg,Clean,Clean,clean,solnet_002,val
8e82532ac802,Data/curated/Clean/solnet_002_clean_20210922_095040.jpg,Clean,Clean,clean,solnet_002,train
d2771a09b8db,Data/curated/Clean/solnet_002_clean_20210922_095046.jpg,Clean,Clean,clean,solnet_002,test
5c5a2799b43c,Data/curated/Clean/solnet_002_clean_20210922_095048.jpg,Clean,Clean,clean,solnet_002,train
43e7dd983e62,Data/curated/Clean/solnet_002_clean_20210922_095049.jpg,Clean,Clean,clean,solnet_002,train
0a3b0eaccf41,Data/curated/Clean/solnet_002_clean_20210922_095057.jpg,Clean,Clean,clean,solnet_002,test
3d804c730111,Data/curated/Clean/solnet_002_clean_20210922_095139.jpg,Clean,Clean,clean,solnet_002,train
8596a1270676,Data/curated/Clean/solnet_002_clean_20210922_095152_3_11zon_12_11zon.jpg,Clean,Clean,clean,solnet_002,train
92e1e8434428,Data/curated/Clean/solnet_002_clean_20210922_095154_5_11zon.jpg,Clean,Clean,clean,solnet_002,train
dd9a4fe05232,Data/curated/Clean/solnet_002_clean_20210922_095200_10_11zon_30_11zon.jpg,Clean,Clean,clean,solnet_002,train
4e0b5ffd1940,Data/curated/Clean/solnet_002_clean_20210922_095207_16_11zon_40_11zon_21_11zon_25_11zon.jpg,Clean,Clean,clean,solnet_002,train
7bca9b946146,Data/curated/Clean/solnet_002_clean_20210922_095226_10_11zon_27_11zon_35_11zon.jpg,Clean,Clean,clean,solnet_002,val
e20cc8d505f2,Data/curated/Clean/solnet_002_clean_20210923_163150_7_11zon_5_11zon.jpg,Clean,Clean,clean,solnet_002,test
170558e3d05c,Data/curated/Clean/solnet_002_clean_20210923_163151_8_11zon_2_11zon.jpg,Clean,Clean,clean,solnet_002,test
8b0d0d038cf6,Data/curated/Clean/solnet_002_clean_20210923_163156_1_11zon_29_11zon.jpg,Clean,Clean,clean,solnet_002,train
ce6054dfa2df,Data/curated/Clean/solnet_002_clean_20210923_163211_5_11zon.jpg,Clean,Clean,clean,solnet_002,val
33384c9fdb66,Data/curated/Clean/solnet_002_clean_20210923_163213_6_11zon_15_11zon.jpg,Clean,Clean,clean,solnet_002,train
aa95e3864794,Data/curated/Clean/solnet_002_clean_20210923_163225_7_11zon_29_11zon.jpg,Clean,Clean,clean,solnet_002,train
cac553643253,Data/curated/Clean/solnet_002_clean_20210923_163226_8_11zon.jpg,Clean,Clean,clean,solnet_002,test
b8e958b011e0,Data/curated/Clean/solnet_002_clean_20210923_163229_2_11zon.jpg,Clean,Clean,clean,solnet_002,train
e769c99fc9e9,Data/curated/Clean/solnet_002_clean_20210923_163247(0)_1_11zon.jpg,Clean,Clean,clean,solnet_002,train
0859b3bb1a6f,Data/curated/Clean/solnet_002_clean_20210923_163304_8_11zon.jpg,Clean,Clean,clean,solnet_002,train
443ad019d7a8,Data/curated/Clean/solnet_002_clean_20210923_163321_5_11zon.jpg,Clean,Clean,clean,solnet_002,test
1bdb3882ee5b,Data/curated/Clean/solnet_002_clean_20210923_163329_6_11zon.jpg,Clean,Clean,clean,solnet_002,train
17432d7777aa,Data/curated/Clean/solnet_002_clean_20210923_163407_7_11zon.jpg,Clean,Clean,clean,solnet_002,val
1b30a6a1ba4e,Data/curated/Clean/solnet_002_clean_20210923_163523_7_11zon_4_11zon.jpg,Clean,Clean,clean,solnet_002,test
5b1bd7ec1d8b,Data/curated/Clean/solnet_002_clean_20210923_163524_8_11zon_2_11zon.jpg,Clean,Clean,clean,solnet_002,train
233b61b6be83,Data/curated/Dusty/detect_solar_dust_dirty_Imgdirty_1000_1.jpg,Dusty,Dusty,dirty,detect_solar_dust,train
54a50aaa3f64,Data/curated/Dusty/detect_solar_dust_dirty_Imgdirty_1001_1.jpg,Dusty,Dusty,dirty,detect_solar_dust,val
122a12dc26af,Data/curated/Dusty/detect_solar_dust_dirty_Imgdirty_1002_1.jpg,Dusty,Dusty,dirty,detect_solar_dust,val
a3f883474e5d,Data/curated/Dusty/detect_solar_dust_dirty_Imgdirty_1004_1.jpg,Dusty,Dusty,dirty,detect_solar_dust,val
f0e81bbdd2b8,Data/curated/Dusty/detect_solar_dust_dirty_Imgdirty_1005_1.jpg,Dusty,Dusty,dirty,detect_solar_dust,train
1548a7fbb25d,Data/curated/Dusty/detect_solar_dust_dirty_Imgdirty_1006_1.jpg,Dusty,Dusty,dirty,detect_solar_dust,train
6ab27455a350,Data/curated/Dusty/detect_solar_dust_dirty_Imgdirty_1007_1.jpg,Dusty,Dusty,dirty,detect_solar_dust,val
6346e4ba8502,Data/curated/Dusty/detect_solar_dust_dirty_Imgdirty_1008_1.jpg,Dusty,Dusty,dirty,detect_solar_dust,train
abb4f6838640,Data/curated/Dusty/detect_solar_dust_dirty_Imgdirty_1009_1.jpg,Dusty,Dusty,dirty,detect_solar_dust,train
304446b8c947,Data/curated/Dusty/detect_solar_dust_dirty_Imgdirty_100_1.jpg,Dusty,Dusty,dirty,detect_solar_dust,train
02ba5541abea,Data/curated/Dusty/detect_solar_dust_dirty_Imgdirty_1010_1.jpg,Dusty,Dusty,dirty,detect_solar_dust,train
adc8eecdaba7,Data/curated/Dusty/detect_solar_dust_dirty_Imgdirty_1011_1.jpg,Dusty,Dusty,dirty,detect_solar_dust,train
d1b777d29ab8,Data/curated/Dusty/detect_solar_dust_dirty_Imgdirty_1012_1.jpg,Dusty,Dusty,dirty,detect_solar_dust,train
cb7918280f68,Data/curated/Dusty/detect_solar_dust_dirty_Imgdirty_1013_1.jpg,Dusty,Dusty,dirty,detect_solar_dust,train
8acde2692beb,Data/curated/Dusty/detect_solar_dust_dirty_Imgdirty_1014_1.jpg,Dusty,Dusty,dirty,detect_solar_dust,test
d21177d4f5ba,Data/curated/Dusty/detect_solar_dust_dirty_Imgdirty_1015_1.jpg,Dusty,Dusty,dirty,detect_solar_dust,train
6389d6d070cc,Data/curated/Dusty/detect_solar_dust_dirty_Imgdirty_1016_1.jpg,Dusty,Dusty,dirty,detect_solar_dust,train
c97db51b99e8,Data/curated/Dusty/detect_solar_dust_dirty_Imgdirty_1017_1.jpg,Dusty,Dusty,dirty,detect_solar_dust,test
f00c3558ee90,Data/curated/Dusty/detect_solar_dust_dirty_Imgdirty_1018_1.jpg,Dusty,Dusty,dirty,detect_solar_dust,train
257c033799a4,Data/curated/Dusty/detect_solar_dust_dirty_Imgdirty_1019_1.jpg,Dusty,Dusty,dirty,detect_solar_dust,val
3ef3b41edd5f,Data/curated/Dusty/detect_solar_dust_dirty_Imgdirty_101_1.jpg,Dusty,Dusty,dirty,detect_solar_dust,val
055865d4a108,Data/curated/Dusty/detect_solar_dust_dirty_Imgdirty_1020_1.jpg,Dusty,Dusty,dirty,detect_solar_dust,train
b7e706061f31,Data/curated/Dusty/detect_solar_dust_dirty_Imgdirty_1021_1.jpg,Dusty,Dusty,dirty,detect_solar_dust,train
cc9d9af40e98,Data/curated/Dusty/detect_solar_dust_dirty_Imgdirty_1022_1.jpg,Dusty,Dusty,dirty,detect_solar_dust,test
2f7ede4cbd30,Data/curated/Dusty/detect_solar_dust_dirty_Imgdirty_1023_1.jpg,Dusty,Dusty,dirty,detect_solar_dust,train
a2e61dc911d0,Data/curated/Dusty/detect_solar_dust_dirty_Imgdirty_1024_1.jpg,Dusty,Dusty,dirty,detect_solar_dust,train
f380f8f8a44f,Data/curated/Dusty/detect_solar_dust_dirty_Imgdirty_1025_1.jpg,Dusty,Dusty,dirty,detect_solar_dust,train
f4380de70a0b,Data/curated/Dusty/detect_solar_dust_dirty_Imgdirty_1026_1.jpg,Dusty,Dusty,dirty,detect_solar_dust,train
be70007979a9,Data/curated/Dusty/detect_solar_dust_dirty_Imgdirty_1027_1.jpg,Dusty,Dusty,dirty,detect_solar_dust,train
b392fa6fedd5,Data/curated/Dusty/detect_solar_dust_dirty_Imgdirty_1028_1.jpg,Dusty,Dusty,dirty,detect_solar_dust,train
c28587dbff43,Data/curated/Dusty/detect_solar_dust_dirty_Imgdirty_1029_1.jpg,Dusty,Dusty,dirty,detect_solar_dust,val
9e54312f4994,Data/curated/Dusty/detect_solar_dust_dirty_Imgdirty_102_1.jpg,Dusty,Dusty,dirty,detect_solar_dust,test
ccf342f2b02f,Data/curated/Dusty/detect_solar_dust_dirty_Imgdirty_1030_1.jpg,Dusty,Dusty,dirty,detect_solar_dust,train
c5197eff2e24,Data/curated/Dusty/detect_solar_dust_dirty_Imgdirty_1031_1.jpg,Dusty,Dusty,dirty,detect_solar_dust,train
78e7b7e2a97f,Data/curated/Dusty/detect_solar_dust_dirty_Imgdirty_1032_1.jpg,Dusty,Dusty,dirty,detect_solar_dust,test
aa22a361596d,Data/curated/Dusty/detect_solar_dust_dirty_Imgdirty_1034_1.jpg,Dusty,Dusty,dirty,detect_solar_dust,train
3427fa6d8cfd,Data/curated/Dusty/detect_solar_dust_dirty_Imgdirty_1035_1.jpg,Dusty,Dusty,dirty,detect_solar_dust,val
0e80fb64c98f,Data/curated/Dusty/detect_solar_dust_dirty_Imgdirty_1037_1.jpg,Dusty,Dusty,dirty,detect_solar_dust,val
7ee6c01f2200,Data/curated/Dusty/detect_solar_dust_dirty_Imgdirty_1038_1.jpg,Dusty,Dusty,dirty,detect_solar_dust,test
fa607d264d80,Data/curated/Dusty/detect_solar_dust_dirty_Imgdirty_1039_1.jpg,Dusty,Dusty,dirty,detect_solar_dust,train
2cd593b40d6c,Data/curated/Dusty/detect_solar_dust_dirty_Imgdirty_103_1.jpg,Dusty,Dusty,dirty,detect_solar_dust,train
c8aa699f9ffe,Data/curated/Dusty/detect_solar_dust_dirty_Imgdirty_1040_1.jpg,Dusty,Dusty,dirty,detect_solar_dust,train
1569972f8f54,Data/curated/Dusty/detect_solar_dust_dirty_Imgdirty_1041_1.jpg,Dusty,Dusty,dirty,detect_solar_dust,val
c867361c8862,Data/curated/Dusty/detect_solar_dust_dirty_Imgdirty_1042_1.jpg,Dusty,Dusty,dirty,detect_solar_dust,train
46d870a15d68,Data/curated/Dusty/detect_solar_dust_dirty_Imgdirty_1043_1.jpg,Dusty,Dusty,dirty,detect_solar_dust,val
7eef26854245,Data/curated/Dusty/detect_solar_dust_dirty_Imgdirty_1044_1.jpg,Dusty,Dusty,dirty,detect_solar_dust,train
c8d1e4c5a8e1,Data/curated/Dusty/detect_solar_dust_dirty_Imgdirty_1046_1.jpg,Dusty,Dusty,dirty,detect_solar_dust,train
43cf00bca05d,Data/curated/Dusty/detect_solar_dust_dirty_Imgdirty_1047_1.jpg,Dusty,Dusty,dirty,detect_solar_dust,train
85c9962e8cf0,Data/curated/Dusty/detect_solar_dust_dirty_Imgdirty_1048_1.jpg,Dusty,Dusty,dirty,detect_solar_dust,train
8de1cffe01ac,Data/curated/Dusty/detect_solar_dust_dirty_Imgdirty_104_1.jpg,Dusty,Dusty,dirty,detect_solar_dust,test
ad78ea3610d9,Data/curated/Dusty/detect_solar_dust_dirty_Imgdirty_1050_1.jpg,Dusty,Dusty,dirty,detect_solar_dust,train
334f8155efe8,Data/curated/Dusty/detect_solar_dust_dirty_Imgdirty_1051_1.jpg,Dusty,Dusty,dirty,detect_solar_dust,train
8bc2b3f9de1f,Data/curated/Dusty/detect_solar_dust_dirty_Imgdirty_1053_1.jpg,Dusty,Dusty,dirty,detect_solar_dust,train
f014fd7579c5,Data/curated/Dusty/detect_solar_dust_dirty_Imgdirty_1054_1.jpg,Dusty,Dusty,dirty,detect_solar_dust,train
9e846a770d94,Data/curated/Dusty/detect_solar_dust_dirty_Imgdirty_1055_1.jpg,Dusty,Dusty,dirty,detect_solar_dust,test
d3e3ba179af0,Data/curated/Dusty/detect_solar_dust_dirty_Imgdirty_1056_1.jpg,Dusty,Dusty,dirty,detect_solar_dust,train
e1c35b7f781a,Data/curated/Dusty/detect_solar_dust_dirty_Imgdirty_1057_1.jpg,Dusty,Dusty,dirty,detect_solar_dust,test
fd05ec017f62,Data/curated/Dusty/detect_solar_dust_dirty_Imgdirty_1058_1.jpg,Dusty,Dusty,dirty,detect_solar_dust,train
5a138b940300,Data/curated/Dusty/detect_solar_dust_dirty_Imgdirty_1059_1.jpg,Dusty,Dusty,dirty,detect_solar_dust,train
e95ea81b210e,Data/curated/Dusty/detect_solar_dust_dirty_Imgdirty_105_1.jpg,Dusty,Dusty,dirty,detect_solar_dust,test
1d970536e342,Data/curated/Dusty/detect_solar_dust_dirty_Imgdirty_1060_1.jpg,Dusty,Dusty,dirty,detect_solar_dust,train
e36f0004fd21,Data/curated/Dusty/detect_solar_dust_dirty_Imgdirty_1061_1.jpg,Dusty,Dusty,dirty,detect_solar_dust,train
6330312a3ed4,Data/curated/Dusty/detect_solar_dust_dirty_Imgdirty_1062_1.jpg,Dusty,Dusty,dirty,detect_solar_dust,train
5e557d5d61b5,Data/curated/Dusty/detect_solar_dust_dirty_Imgdirty_1063_1.jpg,Dusty,Dusty,dirty,detect_solar_dust,train
6110ebde4ca0,Data/curated/Dusty/detect_solar_dust_dirty_Imgdirty_1064_1.jpg,Dusty,Dusty,dirty,detect_solar_dust,train
1f2c4098e5ed,Data/curated/Dusty/detect_solar_dust_dirty_Imgdirty_1065_1.jpg,Dusty,Dusty,dirty,detect_solar_dust,val
2d4a0846531c,Data/curated/Dusty/detect_solar_dust_dirty_Imgdirty_1066_1.jpg,Dusty,Dusty,dirty,detect_solar_dust,val
93ae8a2adf6d,Data/curated/Dusty/detect_solar_dust_dirty_Imgdirty_1067_1.jpg,Dusty,Dusty,dirty,detect_solar_dust,train
0209413052c4,Data/curated/Dusty/detect_solar_dust_dirty_Imgdirty_1068_1.jpg,Dusty,Dusty,dirty,detect_solar_dust,test
ae0ce7c04bdf,Data/curated/Dusty/detect_solar_dust_dirty_Imgdirty_106_1.jpg,Dusty,Dusty,dirty,detect_solar_dust,val
5a46b76abd71,Data/curated/Dusty/detect_solar_dust_dirty_Imgdirty_107_1.jpg,Dusty,Dusty,dirty,detect_solar_dust,train
fb476bd32c12,Data/curated/Dusty/detect_solar_dust_dirty_Imgdirty_108_1.jpg,Dusty,Dusty,dirty,detect_solar_dust,train
738312a867e3,Data/curated/Dusty/detect_solar_dust_dirty_Imgdirty_109_1.jpg,Dusty,Dusty,dirty,detect_solar_dust,train
7dc2a9f70119,Data/curated/Dusty/detect_solar_dust_dirty_Imgdirty_10_1.jpg,Dusty,Dusty,dirty,detect_solar_dust,test
250dfb4c675a,Data/curated/Dusty/detect_solar_dust_dirty_Imgdirty_110_1.jpg,Dusty,Dusty,dirty,detect_solar_dust,train
c835e0dd76c4,Data/curated/Dusty/detect_solar_dust_dirty_Imgdirty_111_1.jpg,Dusty,Dusty,dirty,detect_solar_dust,train
ce392d7db85e,Data/curated/Dusty/detect_solar_dust_dirty_Imgdirty_112_1.jpg,Dusty,Dusty,dirty,detect_solar_dust,test
d84cba9eb6c8,Data/curated/Dusty/detect_solar_dust_dirty_Imgdirty_113_1.jpg,Dusty,Dusty,dirty,detect_solar_dust,val
4fa3e71f8d7c,Data/curated/Dusty/detect_solar_dust_dirty_Imgdirty_114_1.jpg,Dusty,Dusty,dirty,detect_solar_dust,val
0fc4d2fd9887,Data/curated/Dusty/detect_solar_dust_dirty_Imgdirty_115_1.jpg,Dusty,Dusty,dirty,detect_solar_dust,test
71ffdd830faa,Data/curated/Dusty/detect_solar_dust_dirty_Imgdirty_116_1.jpg,Dusty,Dusty,dirty,detect_solar_dust,train
a19ef11f3596,Data/curated/Dusty/detect_solar_dust_dirty_Imgdirty_118_1.jpg,Dusty,Dusty,dirty,detect_solar_dust,train
20537af16e0c,Data/curated/Dusty/detect_solar_dust_dirty_Imgdirty_119_1.jpg,Dusty,Dusty,dirty,detect_solar_dust,train
8c2dd4a42414,Data/curated/Dusty/detect_solar_dust_dirty_Imgdirty_11_1.jpg,Dusty,Dusty,dirty,detect_solar_dust,train
a37ae81c783b,Data/curated/Dusty/detect_solar_dust_dirty_Imgdirty_120_1.jpg,Dusty,Dusty,dirty,detect_solar_dust,val
dd45bb153b31,Data/curated/Dusty/detect_solar_dust_dirty_Imgdirty_121_1.jpg,Dusty,Dusty,dirty,detect_solar_dust,train
1541035ae122,Data/curated/Dusty/detect_solar_dust_dirty_Imgdirty_122_1.jpg,Dusty,Dusty,dirty,detect_solar_dust,val
ae03af2b5da8,Data/curated/Dusty/detect_solar_dust_dirty_Imgdirty_123_1.jpg,Dusty,Dusty,dirty,detect_solar_dust,test
d28bc5ee910c,Data/curated/Dusty/detect_solar_dust_dirty_Imgdirty_124_1.jpg,Dusty,Dusty,dirty,detect_solar_dust,train
df5e72298f21,Data/curated/Dusty/detect_solar_dust_dirty_Imgdirty_125_1.jpg,Dusty,Dusty,dirty,detect_solar_dust,val
5a8ae3c9cea4,Data/curated/Dusty/detect_solar_dust_dirty_Imgdirty_126_1.jpg,Dusty,Dusty,dirty,detect_solar_dust,train
a403cc1732f0,Data/curated/Dusty/detect_solar_dust_dirty_Imgdirty_128_1.jpg,Dusty,Dusty,dirty,detect_solar_dust,train
abd7793c286b,Data/curated/Dusty/detect_solar_dust_dirty_Imgdirty_129_1.jpg,Dusty,Dusty,dirty,detect_solar_dust,train
e8be4ff026d7,Data/curated/Dusty/detect_solar_dust_dirty_Imgdirty_12_1.jpg,Dusty,Dusty,dirty,detect_solar_dust,val
bd33c4a5b7a0,Data/curated/Dusty/detect_solar_dust_dirty_Imgdirty_130_1.jpg,Dusty,Dusty,dirty,detect_solar_dust,train
1ec9f0323474,Data/curated/Dusty/detect_solar_dust_dirty_Imgdirty_131_1.jpg,Dusty,Dusty,dirty,detect_solar_dust,test
d7a8efd3b124,Data/curated/Dusty/detect_solar_dust_dirty_Imgdirty_132_1.jpg,Dusty,Dusty,dirty,detect_solar_dust,train
ece523352b68,Data/curated/Dusty/detect_solar_dust_dirty_Imgdirty_133_1.jpg,Dusty,Dusty,dirty,detect_solar_dust,train
d31d59264a3d,Data/curated/Dusty/detect_solar_dust_dirty_Imgdirty_134_1.jpg,Dusty,Dusty,dirty,detect_solar_dust,train
0e558e89e491,Data/curated/Dusty/detect_solar_dust_dirty_Imgdirty_135_1.jpg,Dusty,Dusty,dirty,detect_solar_dust,test
ba1c609ba315,Data/curated/Dusty/detect_solar_dust_dirty_Imgdirty_136_1.jpg,Dusty,Dusty,dirty,detect_solar_dust,train
e2a7ac754be2,Data/curated/Dusty/detect_solar_dust_dirty_Imgdirty_137_1.jpg,Dusty,Dusty,dirty,detect_solar_dust,val
f4ff0c7dbe78,Data/curated/Dusty/detect_solar_dust_dirty_Imgdirty_138_1.jpg,Dusty,Dusty,dirty,detect_solar_dust,train
004a4e8500e6,Data/curated/Dusty/detect_solar_dust_dirty_Imgdirty_139_1.jpg,Dusty,Dusty,dirty,detect_solar_dust,train
189badff887f,Data/curated/Dusty/detect_solar_dust_dirty_Imgdirty_140_1.jpg,Dusty,Dusty,dirty,detect_solar_dust,train
abfbf484be56,Data/curated/Dusty/detect_solar_dust_dirty_Imgdirty_141_1.jpg,Dusty,Dusty,dirty,detect_solar_dust,train
6c6c70655a99,Data/curated/Dusty/detect_solar_dust_dirty_Imgdirty_142_1.jpg,Dusty,Dusty,dirty,detect_solar_dust,val
ffb20b676db0,Data/curated/Dusty/detect_solar_dust_dirty_Imgdirty_143_1.jpg,Dusty,Dusty,dirty,detect_solar_dust,train
76382d15021b,Data/curated/Dusty/detect_solar_dust_dirty_Imgdirty_144_1.jpg,Dusty,Dusty,dirty,detect_solar_dust,train
89a025659566,Data/curated/Dusty/detect_solar_dust_dirty_Imgdirty_145_1.jpg,Dusty,Dusty,dirty,detect_solar_dust,train
df757e422c8c,Data/curated/Dusty/detect_solar_dust_dirty_Imgdirty_146_1.jpg,Dusty,Dusty,dirty,detect_solar_dust,train
695fa78d8996,Data/curated/Dusty/detect_solar_dust_dirty_Imgdirty_147_1.jpg,Dusty,Dusty,dirty,detect_solar_dust,train
2d37227f4894,Data/curated/Dusty/detect_solar_dust_dirty_Imgdirty_148_1.jpg,Dusty,Dusty,dirty,detect_solar_dust,test
813d4bebcf89,Data/curated/Dusty/detect_solar_dust_dirty_Imgdirty_14_1.jpg,Dusty,Dusty,dirty,detect_solar_dust,val
8d69822b5cd3,Data/curated/Dusty/detect_solar_dust_dirty_Imgdirty_150_1.jpg,Dusty,Dusty,dirty,detect_solar_dust,test
a0a6e81ae279,Data/curated/Dusty/detect_solar_dust_dirty_Imgdirty_151_1.jpg,Dusty,Dusty,dirty,detect_solar_dust,test
f4963aa360ab,Data/curated/Dusty/detect_solar_dust_dirty_Imgdirty_152_1.jpg,Dusty,Dusty,dirty,detect_solar_dust,train
453c30e87b87,Data/curated/Dusty/detect_solar_dust_dirty_Imgdirty_153_1.jpg,Dusty,Dusty,dirty,detect_solar_dust,train
10365c359eed,Data/curated/Dusty/detect_solar_dust_dirty_Imgdirty_154_1.jpg,Dusty,Dusty,dirty,detect_solar_dust,train
27ac6501cfbb,Data/curated/Dusty/detect_solar_dust_dirty_Imgdirty_156_1.jpg,Dusty,Dusty,dirty,detect_solar_dust,train
8b6798a83b52,Data/curated/Dusty/detect_solar_dust_dirty_Imgdirty_157_1.jpg,Dusty,Dusty,dirty,detect_solar_dust,train
a47c2bfbfa43,Data/curated/Dusty/detect_solar_dust_dirty_Imgdirty_158_1.jpg,Dusty,Dusty,dirty,detect_solar_dust,val
8f85ad7b05cb,Data/curated/Dusty/detect_solar_dust_dirty_Imgdirty_159_1.jpg,Dusty,Dusty,dirty,detect_solar_dust,train
26f07f734f03,Data/curated/Dusty/detect_solar_dust_dirty_Imgdirty_15_1.jpg,Dusty,Dusty,dirty,detect_solar_dust,train
0fb3854f346d,Data/curated/Dusty/detect_solar_dust_dirty_Imgdirty_160_1.jpg,Dusty,Dusty,dirty,detect_solar_dust,train
31530634e5c9,Data/curated/Dusty/detect_solar_dust_dirty_Imgdirty_162_1.jpg,Dusty,Dusty,dirty,detect_solar_dust,val
bedbb33aff93,Data/curated/Dusty/detect_solar_dust_dirty_Imgdirty_163_1.jpg,Dusty,Dusty,dirty,detect_solar_dust,train
26255f15a9c3,Data/curated/Dusty/detect_solar_dust_dirty_Imgdirty_164_1.jpg,Dusty,Dusty,dirty,detect_solar_dust,train
b1cfbbbe6eba,Data/curated/Dusty/detect_solar_dust_dirty_Imgdirty_165_1.jpg,Dusty,Dusty,dirty,detect_solar_dust,train
1478448fd74b,Data/curated/Dusty/detect_solar_dust_dirty_Imgdirty_166_1.jpg,Dusty,Dusty,dirty,detect_solar_dust,train
b928328a6571,Data/curated/Dusty/detect_solar_dust_dirty_Imgdirty_167_1.jpg,Dusty,Dusty,dirty,detect_solar_dust,val
6410cce2eff2,Data/curated/Dusty/detect_solar_dust_dirty_Imgdirty_168_1.jpg,Dusty,Dusty,dirty,detect_solar_dust,val
f2aed4c87498,Data/curated/Dusty/detect_solar_dust_dirty_Imgdirty_169_1.jpg,Dusty,Dusty,dirty,detect_solar_dust,train
21ba9f10ea19,Data/curated/Dusty/detect_solar_dust_dirty_Imgdirty_16_1.jpg,Dusty,Dusty,dirty,detect_solar_dust,val
5dd89f36d54d,Data/curated/Dusty/detect_solar_dust_dirty_Imgdirty_170_1.jpg,Dusty,Dusty,dirty,detect_solar_dust,train
88e1d0d6da52,Data/curated/Dusty/detect_solar_dust_dirty_Imgdirty_172_1.jpg,Dusty,Dusty,dirty,detect_solar_dust,train
61f006b4bfe8,Data/curated/Dusty/detect_solar_dust_dirty_Imgdirty_173_1.jpg,Dusty,Dusty,dirty,detect_solar_dust,val
76a00f1fb44a,Data/curated/Dusty/detect_solar_dust_dirty_Imgdirty_174_1.jpg,Dusty,Dusty,dirty,detect_solar_dust,train
26cbe230d783,Data/curated/Dusty/detect_solar_dust_dirty_Imgdirty_175_1.jpg,Dusty,Dusty,dirty,detect_solar_dust,train
05cd68e28941,Data/curated/Dusty/detect_solar_dust_dirty_Imgdirty_176_1.jpg,Dusty,Dusty,dirty,detect_solar_dust,train
93bda9419039,Data/curated/Dusty/detect_solar_dust_dirty_Imgdirty_177_1.jpg,Dusty,Dusty,dirty,detect_solar_dust,train
d46c77b59767,Data/curated/Dusty/detect_solar_dust_dirty_Imgdirty_178_1.jpg,Dusty,Dusty,dirty,detect_solar_dust,train
9626f216165e,Data/curated/Dusty/detect_solar_dust_dirty_Imgdirty_179_1.jpg,Dusty,Dusty,dirty,detect_solar_dust,train
2378b7500d8a,Data/curated/Dusty/detect_solar_dust_dirty_Imgdirty_17_1.jpg,Dusty,Dusty,dirty,detect_solar_dust,val
04cecdb81391,Data/curated/Dusty/detect_solar_dust_dirty_Imgdirty_180_1.jpg,Dusty,Dusty,dirty,detect_solar_dust,test
e1ff90c8fd49,Data/curated/Dusty/detect_solar_dust_dirty_Imgdirty_181_1.jpg,Dusty,Dusty,dirty,detect_solar_dust,val
f4aefae95b79,Data/curated/Dusty/detect_solar_dust_dirty_Imgdirty_182_1.jpg,Dusty,Dusty,dirty,detect_solar_dust,train
e861f0245301,Data/curated/Dusty/detect_solar_dust_dirty_Imgdirty_183_1.jpg,Dusty,Dusty,dirty,detect_solar_dust,test
5a746948a269,Data/curated/Dusty/detect_solar_dust_dirty_Imgdirty_184_1.jpg,Dusty,Dusty,dirty,detect_solar_dust,train
5649aeb853eb,Data/curated/Dusty/detect_solar_dust_dirty_Imgdirty_185_1.jpg,Dusty,Dusty,dirty,detect_solar_dust,train
8193e52dc070,Data/curated/Dusty/detect_solar_dust_dirty_Imgdirty_186_1.jpg,Dusty,Dusty,dirty,detect_solar_dust,train
903ef0a2a76e,Data/curated/Dusty/detect_solar_dust_dirty_Imgdirty_187_1.jpg,Dusty,Dusty,dirty,detect_solar_dust,train
18c7e389dcd4,Data/curated/Dusty/detect_solar_dust_dirty_Imgdirty_188_1.jpg,Dusty,Dusty,dirty,detect_solar_dust,train
8a0d6dbce47b,Data/curated/Dusty/detect_solar_dust_dirty_Imgdirty_189_1.jpg,Dusty,Dusty,dirty,detect_solar_dust,train
7a10d688477a,Data/curated/Dusty/detect_solar_dust_dirty_Imgdirty_18_1.jpg,Dusty,Dusty,dirty,detect_solar_dust,test
9796e547243f,Data/curated/Dusty/detect_solar_dust_dirty_Imgdirty_190_1.jpg,Dusty,Dusty,dirty,detect_solar_dust,train
5c792129b1eb,Data/curated/Dusty/detect_solar_dust_dirty_Imgdirty_191_1.jpg,Dusty,Dusty,dirty,detect_solar_dust,val
4acf85a0d688,Data/curated/Dusty/detect_solar_dust_dirty_Imgdirty_192_1.jpg,Dusty,Dusty,dirty,detect_solar_dust,train
281782e7d553,Data/curated/Dusty/detect_solar_dust_dirty_Imgdirty_193_1.jpg,Dusty,Dusty,dirty,detect_solar_dust,val
2fcc325b808f,Data/curated/Dusty/detect_solar_dust_dirty_Imgdirty_194_1.jpg,Dusty,Dusty,dirty,detect_solar_dust,train
4709dbb5d52a,Data/curated/Dusty/detect_solar_dust_dirty_Imgdirty_195_1.jpg,Dusty,Dusty,dirty,detect_solar_dust,train
e79e030de085,Data/curated/Dusty/detect_solar_dust_dirty_Imgdirty_196_1.jpg,Dusty,Dusty,dirty,detect_solar_dust,test
4afdb8c8a8b7,Data/curated/Dusty/detect_solar_dust_dirty_Imgdirty_198_1.jpg,Dusty,Dusty,dirty,detect_solar_dust,train
f1d7601a4cb3,Data/curated/Dusty/detect_solar_dust_dirty_Imgdirty_199_1.jpg,Dusty,Dusty,dirty,detect_solar_dust,train
1647e0da15f3,Data/curated/Dusty/detect_solar_dust_dirty_Imgdirty_1_1.jpg,Dusty,Dusty,dirty,detect_solar_dust,train
558921e7b376,Data/curated/Dusty/detect_solar_dust_dirty_Imgdirty_201_1.jpg,Dusty,Dusty,dirty,detect_solar_dust,train
4979fc7faf53,Data/curated/Dusty/detect_solar_dust_dirty_Imgdirty_202_1.jpg,Dusty,Dusty,dirty,detect_solar_dust,train
f0c806ca90d4,Data/curated/Dusty/detect_solar_dust_dirty_Imgdirty_203_1.jpg,Dusty,Dusty,dirty,detect_solar_dust,train
334b75ec6b9e,Data/curated/Dusty/detect_solar_dust_dirty_Imgdirty_204_1.jpg,Dusty,Dusty,dirty,detect_solar_dust,test
3140f1e44dfc,Data/curated/Dusty/detect_solar_dust_dirty_Imgdirty_205_1.jpg,Dusty,Dusty,dirty,detect_solar_dust,train
65ba4f2f965f,Data/curated/Dusty/detect_solar_dust_dirty_Imgdirty_206_1.jpg,Dusty,Dusty,dirty,detect_solar_dust,train
00c9d7af4f99,Data/curated/Dusty/detect_solar_dust_dirty_Imgdirty_207_1.jpg,Dusty,Dusty,dirty,detect_solar_dust,val
535792ff467d,Data/curated/Dusty/detect_solar_dust_dirty_Imgdirty_208_1.jpg,Dusty,Dusty,dirty,detect_solar_dust,train
af0b1fcf3ee7,Data/curated/Dusty/detect_solar_dust_dirty_Imgdirty_209_1.jpg,Dusty,Dusty,dirty,detect_solar_dust,train
ecaf4e596e2b,Data/curated/Dusty/detect_solar_dust_dirty_Imgdirty_20_1.jpg,Dusty,Dusty,dirty,detect_solar_dust,train
d60b77e82f85,Data/curated/Dusty/detect_solar_dust_dirty_Imgdirty_210_1.jpg,Dusty,Dusty,dirty,detect_solar_dust,train
0eaa6e944e3b,Data/curated/Dusty/detect_solar_dust_dirty_Imgdirty_211_1.jpg,Dusty,Dusty,dirty,detect_solar_dust,val
3ceb27d4c588,Data/curated/Dusty/detect_solar_dust_dirty_Imgdirty_212_1.jpg,Dusty,Dusty,dirty,detect_solar_dust,train
69e9c410f4f8,Data/curated/Dusty/detect_solar_dust_dirty_Imgdirty_213_1.jpg,Dusty,Dusty,dirty,detect_solar_dust,val
8cd66019072b,Data/curated/Dusty/detect_solar_dust_dirty_Imgdirty_214_1.jpg,Dusty,Dusty,dirty,detect_solar_dust,train
1fc459e27414,Data/curated/Dusty/detect_solar_dust_dirty_Imgdirty_215_1.jpg,Dusty,Dusty,dirty,detect_solar_dust,train
bd754da34c39,Data/curated/Dusty/detect_solar_dust_dirty_Imgdirty_216_1.jpg,Dusty,Dusty,dirty,detect_solar_dust,train
9c2d9b5c3284,Data/curated/Dusty/detect_solar_dust_dirty_Imgdirty_217_1.jpg,Dusty,Dusty,dirty,detect_solar_dust,train
a3d0f47ec1f8,Data/curated/Dusty/detect_solar_dust_dirty_Imgdirty_218_1.jpg,Dusty,Dusty,dirty,detect_solar_dust,train
7f97d95c7ffa,Data/curated/Dusty/detect_solar_dust_dirty_Imgdirty_219_1.jpg,Dusty,Dusty,dirty,detect_solar_dust,train
b6a64c47520f,Data/curated/Dusty/detect_solar_dust_dirty_Imgdirty_220_1.jpg,Dusty,Dusty,dirty,detect_solar_dust,test
78408ea36f8a,Data/curated/Dusty/detect_solar_dust_dirty_Imgdirty_221_1.jpg,Dusty,Dusty,dirty,detect_solar_dust,test
07e431681110,Data/curated/Dusty/detect_solar_dust_dirty_Imgdirty_222_1.jpg,Dusty,Dusty,dirty,detect_solar_dust,train
6246ac5897c4,Data/curated/Dusty/detect_solar_dust_dirty_Imgdirty_223_1.jpg,Dusty,Dusty,dirty,detect_solar_dust,train
e694dc3597ec,Data/curated/Dusty/detect_solar_dust_dirty_Imgdirty_224_1.jpg,Dusty,Dusty,dirty,detect_solar_dust,train
08cf9baa326c,Data/curated/Dusty/detect_solar_dust_dirty_Imgdirty_225_1.jpg,Dusty,Dusty,dirty,detect_solar_dust,train
f55b9cbbfe7b,Data/curated/Dusty/detect_solar_dust_dirty_Imgdirty_226_1.jpg,Dusty,Dusty,dirty,detect_solar_dust,test
cc3b81f5d238,Data/curated/Dusty/detect_solar_dust_dirty_Imgdirty_227_1.jpg,Dusty,Dusty,dirty,detect_solar_dust,test
616431ab4d51,Data/curated/Dusty/detect_solar_dust_dirty_Imgdirty_228_1.jpg,Dusty,Dusty,dirty,detect_solar_dust,train
a2c0ec1169fe,Data/curated/Dusty/detect_solar_dust_dirty_Imgdirty_229_1.jpg,Dusty,Dusty,dirty,detect_solar_dust,test
7e0b6b45a870,Data/curated/Dusty/detect_solar_dust_dirty_Imgdirty_230_1.jpg,Dusty,Dusty,dirty,detect_solar_dust,train
7250e1c199ff,Data/curated/Dusty/detect_solar_dust_dirty_Imgdirty_231_1.jpg,Dusty,Dusty,dirty,detect_solar_dust,train
75700a2813e0,Data/curated/Dusty/detect_solar_dust_dirty_Imgdirty_232_1.jpg,Dusty,Dusty,dirty,detect_solar_dust,val
18c9b49e6d79,Data/curated/Dusty/detect_solar_dust_dirty_Imgdirty_233_1.jpg,Dusty,Dusty,dirty,detect_solar_dust,train
520fbf89adec,Data/curated/Dusty/detect_solar_dust_dirty_Imgdirty_234_1.jpg,Dusty,Dusty,dirty,detect_solar_dust,train
88e5f30efe0c,Data/curated/Dusty/detect_solar_dust_dirty_Imgdirty_235_1.jpg,Dusty,Dusty,dirty,detect_solar_dust,train
1f1f52bdad7f,Data/curated/Dusty/detect_solar_dust_dirty_Imgdirty_236_1.jpg,Dusty,Dusty,dirty,detect_solar_dust,val
cac34ae25635,Data/curated/Dusty/detect_solar_dust_dirty_Imgdirty_237_1.jpg,Dusty,Dusty,dirty,detect_solar_dust,train
352ce3399377,Data/curated/Dusty/detect_solar_dust_dirty_Imgdirty_238_1.jpg,Dusty,Dusty,dirty,detect_solar_dust,val
f3ed7838d759,Data/curated/Dusty/detect_solar_dust_dirty_Imgdirty_239_1.jpg,Dusty,Dusty,dirty,detect_solar_dust,test
87dd0f055d77,Data/curated/Dusty/detect_solar_dust_dirty_Imgdirty_23_1.jpg,Dusty,Dusty,dirty,detect_solar_dust,test
2cdab6b4c677,Data/curated/Dusty/detect_solar_dust_dirty_Imgdirty_240_1.jpg,Dusty,Dusty,dirty,detect_solar_dust,train
de80df973e91,Data/curated/Dusty/detect_solar_dust_dirty_Imgdirty_241_1.jpg,Dusty,Dusty,dirty,detect_solar_dust,train
bd378bbdf97b,Data/curated/Dusty/detect_solar_dust_dirty_Imgdirty_242_1.jpg,Dusty,Dusty,dirty,detect_solar_dust,train
cfb2284e76e5,Data/curated/Dusty/detect_solar_dust_dirty_Imgdirty_243_1.jpg,Dusty,Dusty,dirty,detect_solar_dust,train
95c4c1391770,Data/curated/Dusty/detect_solar_dust_dirty_Imgdirty_244_1.jpg,Dusty,Dusty,dirty,detect_solar_dust,val
46266033363a,Data/curated/Dusty/detect_solar_dust_dirty_Imgdirty_245_1.jpg,Dusty,Dusty,dirty,detect_solar_dust,train
a46d7e35e73c,Data/curated/Dusty/detect_solar_dust_dirty_Imgdirty_246_1.jpg,Dusty,Dusty,dirty,detect_solar_dust,test
6fc39278ad0e,Data/curated/Dusty/detect_solar_dust_dirty_Imgdirty_247_1.jpg,Dusty,Dusty,dirty,detect_solar_dust,train
50a637ad0fdb,Data/curated/Dusty/detect_solar_dust_dirty_Imgdirty_248_1.jpg,Dusty,Dusty,dirty,detect_solar_dust,train
f2c726fc64aa,Data/curated/Dusty/detect_solar_dust_dirty_Imgdirty_249_1.jpg,Dusty,Dusty,dirty,detect_solar_dust,train
55315a3112b3,Data/curated/Dusty/detect_solar_dust_dirty_Imgdirty_24_1.jpg,Dusty,Dusty,dirty,detect_solar_dust,val
00d490498896,Data/curated/Dusty/detect_solar_dust_dirty_Imgdirty_250_1.jpg,Dusty,Dusty,dirty,detect_solar_dust,train
0cd75aad2c2f,Data/curated/Dusty/detect_solar_dust_dirty_Imgdirty_251_1.jpg,Dusty,Dusty,dirty,detect_solar_dust,test
295ec6e8c557,Data/curated/Dusty/detect_solar_dust_dirty_Imgdirty_252_1.jpg,Dusty,Dusty,dirty,detect_solar_dust,train
7ceb77e408e3,Data/curated/Dusty/detect_solar_dust_dirty_Imgdirty_253_1.jpg,Dusty,Dusty,dirty,detect_solar_dust,train
ae2758242f0b,Data/curated/Dusty/detect_solar_dust_dirty_Imgdirty_254_1.jpg,Dusty,Dusty,dirty,detect_solar_dust,train
bcc928e405a6,Data/curated/Dusty/detect_solar_dust_dirty_Imgdirty_255_1.jpg,Dusty,Dusty,dirty,detect_solar_dust,train
78bdecea8bad,Data/curated/Dusty/detect_solar_dust_dirty_Imgdirty_256_1.jpg,Dusty,Dusty,dirty,detect_solar_dust,train
5e14522990eb,Data/curated/Dusty/detect_solar_dust_dirty_Imgdirty_257_1.jpg,Dusty,Dusty,dirty,detect_solar_dust,train
dd499c0073f2,Data/curated/Dusty/detect_solar_dust_dirty_Imgdirty_258_1.jpg,Dusty,Dusty,dirty,detect_solar_dust,train
a327f2576a71,Data/curated/Dusty/detect_solar_dust_dirty_Imgdirty_259_1.jpg,Dusty,Dusty,dirty,detect_solar_dust,val
4cd4d067c830,Data/curated/Dusty/detect_solar_dust_dirty_Imgdirty_25_1.jpg,Dusty,Dusty,dirty,detect_solar_dust,train
835b7f8725f1,Data/curated/Dusty/detect_solar_dust_dirty_Imgdirty_260_1.jpg,Dusty,Dusty,dirty,detect_solar_dust,train
deb9cf0cb333,Data/curated/Dusty/detect_solar_dust_dirty_Imgdirty_261_1.jpg,Dusty,Dusty,dirty,detect_solar_dust,train
6ca9bbf1a1a0,Data/curated/Dusty/detect_solar_dust_dirty_Imgdirty_262_1.jpg,Dusty,Dusty,dirty,detect_solar_dust,val
a99e0d5aa3e5,Data/curated/Dusty/detect_solar_dust_dirty_Imgdirty_263_1.jpg,Dusty,Dusty,dirty,detect_solar_dust,train
304effcd9e37,Data/curated/Dusty/detect_solar_dust_dirty_Imgdirty_264_1.jpg,Dusty,Dusty,dirty,detect_solar_dust,train
75f526629545,Data/curated/Dusty/detect_solar_dust_dirty_Imgdirty_265_1.jpg,Dusty,Dusty,dirty,detect_solar_dust,val
55308d4adcfe,Data/curated/Dusty/detect_solar_dust_dirty_Imgdirty_266_1.jpg,Dusty,Dusty,dirty,detect_solar_dust,train
abcdc6891651,Data/curated/Dusty/detect_solar_dust_dirty_Imgdirty_267_1.jpg,Dusty,Dusty,dirty,detect_solar_dust,train
699264f293bc,Data/curated/Dusty/detect_solar_dust_dirty_Imgdirty_268_1.jpg,Dusty,Dusty,dirty,detect_solar_dust,train
757f5444579f,Data/curated/Dusty/detect_solar_dust_dirty_Imgdirty_269_1.jpg,Dusty,Dusty,dirty,detect_solar_dust,train
e69b47c6ded1,Data/curated/Dusty/detect_solar_dust_dirty_Imgdirty_26_1.jpg,Dusty,Dusty,dirty,detect_solar_dust,train
31fafd05d780,Data/curated/Dusty/detect_solar_dust_dirty_Imgdirty_270_1.jpg,Dusty,Dusty,dirty,detect_solar_dust,train
8d1947fb39af,Data/curated/Dusty/detect_solar_dust_dirty_Imgdirty_271_1.jpg,Dusty,Dusty,dirty,detect_solar_dust,train
d256d387ea9a,Data/curated/Dusty/detect_solar_dust_dirty_Imgdirty_272_1.jpg,Dusty,Dusty,dirty,detect_solar_dust,train
e404044c2336,Data/curated/Dusty/detect_solar_dust_dirty_Imgdirty_273_1.jpg,Dusty,Dusty,dirty,detect_solar_dust,train
426aa58f456a,Data/curated/Dusty/detect_solar_dust_dirty_Imgdirty_274_1.jpg,Dusty,Dusty,dirty,detect_solar_dust,train
04fed4344f6e,Data/curated/Dusty/detect_solar_dust_dirty_Imgdirty_275_1.jpg,Dusty,Dusty,dirty,detect_solar_dust,train
9a0ead53f1b5,Data/curated/Dusty/detect_solar_dust_dirty_Imgdirty_276_1.jpg,Dusty,Dusty,dirty,detect_solar_dust,train
95c605d647f5,Data/curated/Dusty/detect_solar_dust_dirty_Imgdirty_277_1.jpg,Dusty,Dusty,dirty,detect_solar_dust,test
b7c55266ea85,Data/curated/Dusty/detect_solar_dust_dirty_Imgdirty_278_1.jpg,Dusty,Dusty,dirty,detect_solar_dust,train
985b002b856e,Data/curated/Dusty/detect_solar_dust_dirty_Imgdirty_279_1.jpg,Dusty,Dusty,dirty,detect_solar_dust,train
5df0debf4510,Data/curated/Dusty/detect_solar_dust_dirty_Imgdirty_27_1.jpg,Dusty,Dusty,dirty,detect_solar_dust,train
b1e3f99ca863,Data/curated/Dusty/detect_solar_dust_dirty_Imgdirty_280_1.jpg,Dusty,Dusty,dirty,detect_solar_dust,test
53c5e7a26f90,Data/curated/Dusty/detect_solar_dust_dirty_Imgdirty_281_1.jpg,Dusty,Dusty,dirty,detect_solar_dust,test
f83d17272d66,Data/curated/Dusty/detect_solar_dust_dirty_Imgdirty_282_1.jpg,Dusty,Dusty,dirty,detect_solar_dust,test
cfef7bd7a913,Data/curated/Dusty/detect_solar_dust_dirty_Imgdirty_283_1.jpg,Dusty,Dusty,dirty,detect_solar_dust,train
8e8ebcfb4e7b,Data/curated/Dusty/detect_solar_dust_dirty_Imgdirty_284_1.jpg,Dusty,Dusty,dirty,detect_solar_dust,val
86c05aefbfdc,Data/curated/Dusty/detect_solar_dust_dirty_Imgdirty_285_1.jpg,Dusty,Dusty,dirty,detect_solar_dust,val
37083795c329,Data/curated/Dusty/detect_solar_dust_dirty_Imgdirty_286_1.jpg,Dusty,Dusty,dirty,detect_solar_dust,train
9a3d5076bd10,Data/curated/Dusty/detect_solar_dust_dirty_Imgdirty_287_1.jpg,Dusty,Dusty,dirty,detect_solar_dust,train
c9ae3a6ce450,Data/curated/Dusty/detect_solar_dust_dirty_Imgdirty_288_1.jpg,Dusty,Dusty,dirty,detect_solar_dust,test
28127e567e37,Data/curated/Dusty/detect_solar_dust_dirty_Imgdirty_289_1.jpg,Dusty,Dusty,dirty,detect_solar_dust,train
6b2aa8b7f0ec,Data/curated/Dusty/detect_solar_dust_dirty_Imgdirty_28_1.jpg,Dusty,Dusty,dirty,detect_solar_dust,test
43a291c6e78a,Data/curated/Dusty/detect_solar_dust_dirty_Imgdirty_290_1.jpg,Dusty,Dusty,dirty,detect_solar_dust,val
b9edd549b766,Data/curated/Dusty/detect_solar_dust_dirty_Imgdirty_291_1.jpg,Dusty,Dusty,dirty,detect_solar_dust,val
b9881e5457e5,Data/curated/Dusty/detect_solar_dust_dirty_Imgdirty_292_1.jpg,Dusty,Dusty,dirty,detect_solar_dust,train
92f3238af1bd,Data/curated/Dusty/detect_solar_dust_dirty_Imgdirty_293_1.jpg,Dusty,Dusty,dirty,detect_solar_dust,test
05b37dfaaba3,Data/curated/Dusty/detect_solar_dust_dirty_Imgdirty_294_1.jpg,Dusty,Dusty,dirty,detect_solar_dust,train
62a692c1a9e8,Data/curated/Dusty/detect_solar_dust_dirty_Imgdirty_295_1.jpg,Dusty,Dusty,dirty,detect_solar_dust,train
e216450df1a2,Data/curated/Dusty/detect_solar_dust_dirty_Imgdirty_296_1.jpg,Dusty,Dusty,dirty,detect_solar_dust,train
246254a059ef,Data/curated/Dusty/detect_solar_dust_dirty_Imgdirty_297_1.jpg,Dusty,Dusty,dirty,detect_solar_dust,train
1aedb9ca0c1b,Data/curated/Dusty/detect_solar_dust_dirty_Imgdirty_298_1.jpg,Dusty,Dusty,dirty,detect_solar_dust,train
7991344c2197,Data/curated/Dusty/detect_solar_dust_dirty_Imgdirty_299_1.jpg,Dusty,Dusty,dirty,detect_solar_dust,train
7540fc99c74a,Data/curated/Dusty/detect_solar_dust_dirty_Imgdirty_29_1.jpg,Dusty,Dusty,dirty,detect_solar_dust,train
6128871cb163,Data/curated/Dusty/detect_solar_dust_dirty_Imgdirty_2_1.jpg,Dusty,Dusty,dirty,detect_solar_dust,val
af6f49b5148e,Data/curated/Dusty/detect_solar_dust_dirty_Imgdirty_300_1.jpg,Dusty,Dusty,dirty,detect_solar_dust,train
bb54f7967c8b,Data/curated/Dusty/detect_solar_dust_dirty_Imgdirty_301_1.jpg,Dusty,Dusty,dirty,detect_solar_dust,train
3c5a35ec203f,Data/curated/Dusty/detect_solar_dust_dirty_Imgdirty_302_1.jpg,Dusty,Dusty,dirty,detect_solar_dust,train
6ba2fe1fd1b8,Data/curated/Dusty/detect_solar_dust_dirty_Imgdirty_303_1.jpg,Dusty,Dusty,dirty,detect_solar_dust,train
29f790c3b422,Data/curated/Dusty/detect_solar_dust_dirty_Imgdirty_304_1.jpg,Dusty,Dusty,dirty,detect_solar_dust,val
8c437f673594,Data/curated/Dusty/detect_solar_dust_dirty_Imgdirty_305_1.jpg,Dusty,Dusty,dirty,detect_solar_dust,train
85a14f7bcbbb,Data/curated/Dusty/detect_solar_dust_dirty_Imgdirty_306_1.jpg,Dusty,Dusty,dirty,detect_solar_dust,train
8c41df3bbf30,Data/curated/Dusty/detect_solar_dust_dirty_Imgdirty_307_1.jpg,Dusty,Dusty,dirty,detect_solar_dust,train
64b42ebef8fc,Data/curated/Dusty/detect_solar_dust_dirty_Imgdirty_308_1.jpg,Dusty,Dusty,dirty,detect_solar_dust,train
dff49398165e,Data/curated/Dusty/detect_solar_dust_dirty_Imgdirty_309_1.jpg,Dusty,Dusty,dirty,detect_solar_dust,val
4feb0a238a5b,Data/curated/Dusty/detect_solar_dust_dirty_Imgdirty_30_1.jpg,Dusty,Dusty,dirty,detect_solar_dust,val
76daeb2dbfcc,Data/curated/Dusty/detect_solar_dust_dirty_Imgdirty_310_1.jpg,Dusty,Dusty,dirty,detect_solar_dust,train
d353144da4d6,Data/curated/Dusty/detect_solar_dust_dirty_Imgdirty_311_1.jpg,Dusty,Dusty,dirty,detect_solar_dust,train
3331f4f6b126,Data/curated/Dusty/detect_solar_dust_dirty_Imgdirty_312_1.jpg,Dusty,Dusty,dirty,detect_solar_dust,val
8af987b959b5,Data/curated/Dusty/detect_solar_dust_dirty_Imgdirty_313_1.jpg,Dusty,Dusty,dirty,detect_solar_dust,train
c45e1f0b1a5b,Data/curated/Dusty/detect_solar_dust_dirty_Imgdirty_314_1.jpg,Dusty,Dusty,dirty,detect_solar_dust,train
ba1c923912b2,Data/curated/Dusty/detect_solar_dust_dirty_Imgdirty_315_1.jpg,Dusty,Dusty,dirty,detect_solar_dust,train
e904d12a27a1,Data/curated/Dusty/detect_solar_dust_dirty_Imgdirty_316_1.jpg,Dusty,Dusty,dirty,detect_solar_dust,train
eea08688123e,Data/curated/Dusty/detect_solar_dust_dirty_Imgdirty_317_1.jpg,Dusty,Dusty,dirty,detect_solar_dust,val
a7267ef3d42e,Data/curated/Dusty/detect_solar_dust_dirty_Imgdirty_318_1.jpg,Dusty,Dusty,dirty,detect_solar_dust,train
091e7b5f1c01,Data/curated/Dusty/detect_solar_dust_dirty_Imgdirty_319_1.jpg,Dusty,Dusty,dirty,detect_solar_dust,train
214608739d8d,Data/curated/Dusty/detect_solar_dust_dirty_Imgdirty_320_1.jpg,Dusty,Dusty,dirty,detect_solar_dust,train
7641f02b523e,Data/curated/Dusty/detect_solar_dust_dirty_Imgdirty_321_1.jpg,Dusty,Dusty,dirty,detect_solar_dust,val
1a8d3e159e92,Data/curated/Dusty/detect_solar_dust_dirty_Imgdirty_322_1.jpg,Dusty,Dusty,dirty,detect_solar_dust,val
fe830d6af17e,Data/curated/Dusty/detect_solar_dust_dirty_Imgdirty_323_1.jpg,Dusty,Dusty,dirty,detect_solar_dust,test
6c622e4a5fe9,Data/curated/Dusty/detect_solar_dust_dirty_Imgdirty_324_1.jpg,Dusty,Dusty,dirty,detect_solar_dust,val
2c27b52b8da9,Data/curated/Dusty/detect_solar_dust_dirty_Imgdirty_325_1.jpg,Dusty,Dusty,dirty,detect_solar_dust,train
9ca21cef26b6,Data/curated/Dusty/detect_solar_dust_dirty_Imgdirty_327_1.jpg,Dusty,Dusty,dirty,detect_solar_dust,train
1630dba819f2,Data/curated/Dusty/detect_solar_dust_dirty_Imgdirty_328_1.jpg,Dusty,Dusty,dirty,detect_solar_dust,val
b5b2c877d71e,Data/curated/Dusty/detect_solar_dust_dirty_Imgdirty_329_1.jpg,Dusty,Dusty,dirty,detect_solar_dust,test
bfdc86a87735,Data/curated/Dusty/detect_solar_dust_dirty_Imgdirty_32_1.jpg,Dusty,Dusty,dirty,detect_solar_dust,train
098c36a95bf8,Data/curated/Dusty/detect_solar_dust_dirty_Imgdirty_330_1.jpg,Dusty,Dusty,dirty,detect_solar_dust,train
f76746ce3dbe,Data/curated/Dusty/detect_solar_dust_dirty_Imgdirty_331_1.jpg,Dusty,Dusty,dirty,detect_solar_dust,train
1776bf88a207,Data/curated/Dusty/detect_solar_dust_dirty_Imgdirty_332_1.jpg,Dusty,Dusty,dirty,detect_solar_dust,test
3f874d743a53,Data/curated/Dusty/detect_solar_dust_dirty_Imgdirty_333_1.jpg,Dusty,Dusty,dirty,detect_solar_dust,train
130c483c29b0,Data/curated/Dusty/detect_solar_dust_dirty_Imgdirty_334_1.jpg,Dusty,Dusty,dirty,detect_solar_dust,train
019e9963ff07,Data/curated/Dusty/detect_solar_dust_dirty_Imgdirty_335_1.jpg,Dusty,Dusty,dirty,detect_solar_dust,test
3031892a3760,Data/curated/Dusty/detect_solar_dust_dirty_Imgdirty_336_1.jpg,Dusty,Dusty,dirty,detect_solar_dust,train
8d57b350beab,Data/curated/Dusty/detect_solar_dust_dirty_Imgdirty_337_1.jpg,Dusty,Dusty,dirty,detect_solar_dust,test
3382283ce102,Data/curated/Dusty/detect_solar_dust_dirty_Imgdirty_338_1.jpg,Dusty,Dusty,dirty,detect_solar_dust,val
398cd2cd1486,Data/curated/Dusty/detect_solar_dust_dirty_Imgdirty_339_1.jpg,Dusty,Dusty,dirty,detect_solar_dust,test
aa95c6d8f5c6,Data/curated/Dusty/detect_solar_dust_dirty_Imgdirty_33_1.jpg,Dusty,Dusty,dirty,detect_solar_dust,train
343c9443d5d5,Data/curated/Dusty/detect_solar_dust_dirty_Imgdirty_340_1.jpg,Dusty,Dusty,dirty,detect_solar_dust,train
8b80182a6f37,Data/curated/Dusty/detect_solar_dust_dirty_Imgdirty_341_1.jpg,Dusty,Dusty,dirty,detect_solar_dust,test
40459fbbe7c2,Data/curated/Dusty/detect_solar_dust_dirty_Imgdirty_342_1.jpg,Dusty,Dusty,dirty,detect_solar_dust,train
6b9aed93d103,Data/curated/Dusty/detect_solar_dust_dirty_Imgdirty_343_1.jpg,Dusty,Dusty,dirty,detect_solar_dust,train
a02a8ff4cdce,Data/curated/Dusty/detect_solar_dust_dirty_Imgdirty_344_1.jpg,Dusty,Dusty,dirty,detect_solar_dust,train
e27c2f8973df,Data/curated/Dusty/detect_solar_dust_dirty_Imgdirty_345_1.jpg,Dusty,Dusty,dirty,detect_solar_dust,test
95a47f3ed63e,Data/curated/Dusty/detect_solar_dust_dirty_Imgdirty_346_1.jpg,Dusty,Dusty,dirty,detect_solar_dust,val
aa42da1e6c45,Data/curated/Dusty/detect_solar_dust_dirty_Imgdirty_347_1.jpg,Dusty,Dusty,dirty,detect_solar_dust,test
9fd1186a23fe,Data/curated/Dusty/detect_solar_dust_dirty_Imgdirty_348_1.jpg,Dusty,Dusty,dirty,detect_solar_dust,train
9e287f8b1f99,Data/curated/Dusty/detect_solar_dust_dirty_Imgdirty_349_1.jpg,Dusty,Dusty,dirty,detect_solar_dust,train
57c8997aa419,Data/curated/Dusty/detect_solar_dust_dirty_Imgdirty_350_1.jpg,Dusty,Dusty,dirty,detect_solar_dust,test
4728c08c8c76,Data/curated/Dusty/detect_solar_dust_dirty_Imgdirty_351_1.jpg,Dusty,Dusty,dirty,detect_solar_dust,train
88a3e8ecf8d4,Data/curated/Dusty/detect_solar_dust_dirty_Imgdirty_352_1.jpg,Dusty,Dusty,dirty,detect_solar_dust,train
c1ca2295a36d,Data/curated/Dusty/detect_solar_dust_dirty_Imgdirty_353_1.jpg,Dusty,Dusty,dirty,detect_solar_dust,train
3b7120ecbb66,Data/curated/Dusty/detect_solar_dust_dirty_Imgdirty_354_1.jpg,Dusty,Dusty,dirty,detect_solar_dust,train
ec7aa27db278,Data/curated/Dusty/detect_solar_dust_dirty_Imgdirty_355_1.jpg,Dusty,Dusty,dirty,detect_solar_dust,train
8bc3b167e420,Data/curated/Dusty/detect_solar_dust_dirty_Imgdirty_356_1.jpg,Dusty,Dusty,dirty,detect_solar_dust,test
c74a207196ca,Data/curated/Dusty/detect_solar_dust_dirty_Imgdirty_357_1.jpg,Dusty,Dusty,dirty,detect_solar_dust,train
4e147df4db81,Data/curated/Dusty/detect_solar_dust_dirty_Imgdirty_358_1.jpg,Dusty,Dusty,dirty,detect_solar_dust,train
62fd5b315e49,Data/curated/Dusty/detect_solar_dust_dirty_Imgdirty_359_1.jpg,Dusty,Dusty,dirty,detect_solar_dust,train
c35f3f60ccfc,Data/curated/Dusty/detect_solar_dust_dirty_Imgdirty_35_1.jpg,Dusty,Dusty,dirty,detect_solar_dust,train
d0375712dc64,Data/curated/Dusty/detect_solar_dust_dirty_Imgdirty_360_1.jpg,Dusty,Dusty,dirty,detect_solar_dust,test
c61daece36d6,Data/curated/Dusty/detect_solar_dust_dirty_Imgdirty_361_1.jpg,Dusty,Dusty,dirty,detect_solar_dust,train
64e40a4b6376,Data/curated/Dusty/detect_solar_dust_dirty_Imgdirty_362_1.jpg,Dusty,Dusty,dirty,detect_solar_dust,test
824cc0e24fbe,Data/curated/Dusty/detect_solar_dust_dirty_Imgdirty_363_1.jpg,Dusty,Dusty,dirty,detect_solar_dust,test
4cc27c8ad289,Data/curated/Dusty/detect_solar_dust_dirty_Imgdirty_364_1.jpg,Dusty,Dusty,dirty,detect_solar_dust,val
b4082ba206ab,Data/curated/Dusty/detect_solar_dust_dirty_Imgdirty_365_1.jpg,Dusty,Dusty,dirty,detect_solar_dust,train
c6d520512596,Data/curated/Dusty/detect_solar_dust_dirty_Imgdirty_366_1.jpg,Dusty,Dusty,dirty,detect_solar_dust,train
c17e41a06ec9,Data/curated/Dusty/detect_solar_dust_dirty_Imgdirty_367_1.jpg,Dusty,Dusty,dirty,detect_solar_dust,train
bbbf64de0b78,Data/curated/Dusty/detect_solar_dust_dirty_Imgdirty_368_1.jpg,Dusty,Dusty,dirty,detect_solar_dust,test
9f0f47778084,Data/curated/Dusty/detect_solar_dust_dirty_Imgdirty_369_1.jpg,Dusty,Dusty,dirty,detect_solar_dust,test
90c87e168583,Data/curated/Dusty/detect_solar_dust_dirty_Imgdirty_36_1.jpg,Dusty,Dusty,dirty,detect_solar_dust,train
f897d3083a25,Data/curated/Dusty/detect_solar_dust_dirty_Imgdirty_370_1.jpg,Dusty,Dusty,dirty,detect_solar_dust,test
9f933d347028,Data/curated/Dusty/detect_solar_dust_dirty_Imgdirty_371_1.jpg,Dusty,Dusty,dirty,detect_solar_dust,train
927c5aec8303,Data/curated/Dusty/detect_solar_dust_dirty_Imgdirty_372_1.jpg,Dusty,Dusty,dirty,detect_solar_dust,train
1b5348344705,Data/curated/Dusty/detect_solar_dust_dirty_Imgdirty_373_1.jpg,Dusty,Dusty,dirty,detect_solar_dust,train
f69c8318b7f1,Data/curated/Dusty/detect_solar_dust_dirty_Imgdirty_374_1.jpg,Dusty,Dusty,dirty,detect_solar_dust,train
23d951462e8c,Data/curated/Dusty/detect_solar_dust_dirty_Imgdirty_375_1.jpg,Dusty,Dusty,dirty,detect_solar_dust,train
786071752528,Data/curated/Dusty/detect_solar_dust_dirty_Imgdirty_376_1.jpg,Dusty,Dusty,dirty,detect_solar_dust,train
2875cff10fcd,Data/curated/Dusty/detect_solar_dust_dirty_Imgdirty_377_1.jpg,Dusty,Dusty,dirty,detect_solar_dust,train
32dcd5600b81,Data/curated/Dusty/detect_solar_dust_dirty_Imgdirty_378_1.jpg,Dusty,Dusty,dirty,detect_solar_dust,train
927e76d29d48,Data/curated/Dusty/detect_solar_dust_dirty_Imgdirty_379_1.jpg,Dusty,Dusty,dirty,detect_solar_dust,train
64e0316637e7,Data/curated/Dusty/detect_solar_dust_dirty_Imgdirty_37_1.jpg,Dusty,Dusty,dirty,detect_solar_dust,test
9b40a3700788,Data/curated/Dusty/detect_solar_dust_dirty_Imgdirty_380_1.jpg,Dusty,Dusty,dirty,detect_solar_dust,train
3382a62484de,Data/curated/Dusty/detect_solar_dust_dirty_Imgdirty_381_1.jpg,Dusty,Dusty,dirty,detect_solar_dust,test
9e9919501a3e,Data/curated/Dusty/detect_solar_dust_dirty_Imgdirty_382_1.jpg,Dusty,Dusty,dirty,detect_solar_dust,train
b7aea44f36b7,Data/curated/Dusty/detect_solar_dust_dirty_Imgdirty_383_1.jpg,Dusty,Dusty,dirty,detect_solar_dust,train
2731c5fec42d,Data/curated/Dusty/detect_solar_dust_dirty_Imgdirty_385_1.jpg,Dusty,Dusty,dirty,detect_solar_dust,val
b2b7047da976,Data/curated/Dusty/detect_solar_dust_dirty_Imgdirty_386_1.jpg,Dusty,Dusty,dirty,detect_solar_dust,train
103b47ddebad,Data/curated/Dusty/detect_solar_dust_dirty_Imgdirty_387_1.jpg,Dusty,Dusty,dirty,detect_solar_dust,train
3650c27f4d81,Data/curated/Dusty/detect_solar_dust_dirty_Imgdirty_388_1.jpg,Dusty,Dusty,dirty,detect_solar_dust,train
959ad91702ec,Data/curated/Dusty/detect_solar_dust_dirty_Imgdirty_389_1.jpg,Dusty,Dusty,dirty,detect_solar_dust,train
df165a2bb673,Data/curated/Dusty/detect_solar_dust_dirty_Imgdirty_38_1.jpg,Dusty,Dusty,dirty,detect_solar_dust,train
573c5adf8e96,Data/curated/Dusty/detect_solar_dust_dirty_Imgdirty_390_1.jpg,Dusty,Dusty,dirty,detect_solar_dust,train
f3179be79463,Data/curated/Dusty/detect_solar_dust_dirty_Imgdirty_391_1.jpg,Dusty,Dusty,dirty,detect_solar_dust,test
bac585c31bf2,Data/curated/Dusty/detect_solar_dust_dirty_Imgdirty_392_1.jpg,Dusty,Dusty,dirty,detect_solar_dust,train
e14df91a25a5,Data/curated/Dusty/detect_solar_dust_dirty_Imgdirty_393_1.jpg,Dusty,Dusty,dirty,detect_solar_dust,train
ac37fe1887df,Data/curated/Dusty/detect_solar_dust_dirty_Imgdirty_394_1.jpg,Dusty,Dusty,dirty,detect_solar_dust,test
b363506bb6f0,Data/curated/Dusty/detect_solar_dust_dirty_Imgdirty_395_1.jpg,Dusty,Dusty,dirty,detect_solar_dust,train
77707422934c,Data/curated/Dusty/detect_solar_dust_dirty_Imgdirty_396_1.jpg,Dusty,Dusty,dirty,detect_solar_dust,test
998d934b7579,Data/curated/Dusty/detect_solar_dust_dirty_Imgdirty_397_1.jpg,Dusty,Dusty,dirty,detect_solar_dust,train
96963c820570,Data/curated/Dusty/detect_solar_dust_dirty_Imgdirty_398_1.jpg,Dusty,Dusty,dirty,detect_solar_dust,train
5dbdb210fc70,Data/curated/Dusty/detect_solar_dust_dirty_Imgdirty_399_1.jpg,Dusty,Dusty,dirty,detect_solar_dust,train
101fded7df56,Data/curated/Dusty/detect_solar_dust_dirty_Imgdirty_39_1.jpg,Dusty,Dusty,dirty,detect_solar_dust,train
31fbed929e6f,Data/curated/Dusty/detect_solar_dust_dirty_Imgdirty_3_1.jpg,Dusty,Dusty,dirty,detect_solar_dust,train
5cbce83a9519,Data/curated/Dusty/detect_solar_dust_dirty_Imgdirty_400_1.jpg,Dusty,Dusty,dirty,detect_solar_dust,train
c97cc0e366c0,Data/curated/Dusty/detect_solar_dust_dirty_Imgdirty_401_1.jpg,Dusty,Dusty,dirty,detect_solar_dust,train
aaa4bbc85010,Data/curated/Dusty/detect_solar_dust_dirty_Imgdirty_402_1.jpg,Dusty,Dusty,dirty,detect_solar_dust,test
d63248e6dea4,Data/curated/Dusty/detect_solar_dust_dirty_Imgdirty_403_1.jpg,Dusty,Dusty,dirty,detect_solar_dust,train
224bb04fcd0b,Data/curated/Dusty/detect_solar_dust_dirty_Imgdirty_404_1.jpg,Dusty,Dusty,dirty,detect_solar_dust,train
eec7a04ecc03,Data/curated/Dusty/detect_solar_dust_dirty_Imgdirty_405_1.jpg,Dusty,Dusty,dirty,detect_solar_dust,train
5ac1237e6cc1,Data/curated/Dusty/detect_solar_dust_dirty_Imgdirty_406_1.jpg,Dusty,Dusty,dirty,detect_solar_dust,test
ccb6a06e2924,Data/curated/Dusty/detect_solar_dust_dirty_Imgdirty_407_1.jpg,Dusty,Dusty,dirty,detect_solar_dust,train
3bed26c922ae,Data/curated/Dusty/detect_solar_dust_dirty_Imgdirty_408_1.jpg,Dusty,Dusty,dirty,detect_solar_dust,train
a6bf74fbc5a3,Data/curated/Dusty/detect_solar_dust_dirty_Imgdirty_409_1.jpg,Dusty,Dusty,dirty,detect_solar_dust,train
cac584ab547e,Data/curated/Dusty/detect_solar_dust_dirty_Imgdirty_410_1.jpg,Dusty,Dusty,dirty,detect_solar_dust,train
0eca64b59605,Data/curated/Dusty/detect_solar_dust_dirty_Imgdirty_411_1.jpg,Dusty,Dusty,dirty,detect_solar_dust,train
884bd31c7403,Data/curated/Dusty/detect_solar_dust_dirty_Imgdirty_412_1.jpg,Dusty,Dusty,dirty,detect_solar_dust,train
ebcc2a4138f4,Data/curated/Dusty/detect_solar_dust_dirty_Imgdirty_413_1.jpg,Dusty,Dusty,dirty,detect_solar_dust,train
28761320d117,Data/curated/Dusty/detect_solar_dust_dirty_Imgdirty_414_1.jpg,Dusty,Dusty,dirty,detect_solar_dust,val
097779f39db5,Data/curated/Dusty/detect_solar_dust_dirty_Imgdirty_415_1.jpg,Dusty,Dusty,dirty,detect_solar_dust,train
a98ea307df95,Data/curated/Dusty/detect_solar_dust_dirty_Imgdirty_416_1.jpg,Dusty,Dusty,dirty,detect_solar_dust,train
80bced4a03f8,Data/curated/Dusty/detect_solar_dust_dirty_Imgdirty_417_1.jpg,Dusty,Dusty,dirty,detect_solar_dust,val
9051f7d78f6f,Data/curated/Dusty/detect_solar_dust_dirty_Imgdirty_418_1.jpg,Dusty,Dusty,dirty,detect_solar_dust,train
51beccce6281,Data/curated/Dusty/detect_solar_dust_dirty_Imgdirty_419_1.jpg,Dusty,Dusty,dirty,detect_solar_dust,train
fa25e4c85a03,Data/curated/Dusty/detect_solar_dust_dirty_Imgdirty_41_1.jpg,Dusty,Dusty,dirty,detect_solar_dust,train
deb60c7abbf0,Data/curated/Dusty/detect_solar_dust_dirty_Imgdirty_420_1.jpg,Dusty,Dusty,dirty,detect_solar_dust,train
0f89f97a1b75,Data/curated/Dusty/detect_solar_dust_dirty_Imgdirty_421_1.jpg,Dusty,Dusty,dirty,detect_solar_dust,train
fae9c0aeb87f,Data/curated/Dusty/detect_solar_dust_dirty_Imgdirty_422_1.jpg,Dusty,Dusty,dirty,detect_solar_dust,train
f5c67e23e4ed,Data/curated/Dusty/detect_solar_dust_dirty_Imgdirty_423_1.jpg,Dusty,Dusty,dirty,detect_solar_dust,train
81a740a65894,Data/curated/Dusty/detect_solar_dust_dirty_Imgdirty_424_1.jpg,Dusty,Dusty,dirty,detect_solar_dust,train
daf1194ef06d,Data/curated/Dusty/detect_solar_dust_dirty_Imgdirty_425_1.jpg,Dusty,Dusty,dirty,detect_solar_dust,train
19517735555a,Data/curated/Dusty/detect_solar_dust_dirty_Imgdirty_426_1.jpg,Dusty,Dusty,dirty,detect_solar_dust,train
941967b6c917,Data/curated/Dusty/detect_solar_dust_dirty_Imgdirty_427_1.jpg,Dusty,Dusty,dirty,detect_solar_dust,train
730a5b0139a0,Data/curated/Dusty/detect_solar_dust_dirty_Imgdirty_429_1.jpg,Dusty,Dusty,dirty,detect_solar_dust,train
584228d1b6da,Data/curated/Dusty/detect_solar_dust_dirty_Imgdirty_42_1.jpg,Dusty,Dusty,dirty,detect_solar_dust,train
6005b35a086d,Data/curated/Dusty/detect_solar_dust_dirty_Imgdirty_430_1.jpg,Dusty,Dusty,dirty,detect_solar_dust,val
19bca58a5983,Data/curated/Dusty/detect_solar_dust_dirty_Imgdirty_431_1.jpg,Dusty,Dusty,dirty,detect_solar_dust,train
ca0709d26205,Data/curated/Dusty/detect_solar_dust_dirty_Imgdirty_432_1.jpg,Dusty,Dusty,dirty,detect_solar_dust,test
38ed54ed0486,Data/curated/Dusty/detect_solar_dust_dirty_Imgdirty_433_1.jpg,Dusty,Dusty,dirty,detect_solar_dust,test
47931537ef89,Data/curated/Dusty/detect_solar_dust_dirty_Imgdirty_434_1.jpg,Dusty,Dusty,dirty,detect_solar_dust,train
784282c60f4b,Data/curated/Dusty/detect_solar_dust_dirty_Imgdirty_435_1.jpg,Dusty,Dusty,dirty,detect_solar_dust,train
4e2ce3a66bf8,Data/curated/Dusty/detect_solar_dust_dirty_Imgdirty_436_1.jpg,Dusty,Dusty,dirty,detect_solar_dust,train
40358f877828,Data/curated/Dusty/detect_solar_dust_dirty_Imgdirty_437_1.jpg,Dusty,Dusty,dirty,detect_solar_dust,train
6ccfb4e84c8a,Data/curated/Dusty/detect_solar_dust_dirty_Imgdirty_438_1.jpg,Dusty,Dusty,dirty,detect_solar_dust,train
32df87f0bfa0,Data/curated/Dusty/detect_solar_dust_dirty_Imgdirty_439_1.jpg,Dusty,Dusty,dirty,detect_solar_dust,train
a1a218a55e95,Data/curated/Dusty/detect_solar_dust_dirty_Imgdirty_440_1.jpg,Dusty,Dusty,dirty,detect_solar_dust,train
e2a578f4c515,Data/curated/Dusty/detect_solar_dust_dirty_Imgdirty_441_1.jpg,Dusty,Dusty,dirty,detect_solar_dust,train
fec2551d83df,Data/curated/Dusty/detect_solar_dust_dirty_Imgdirty_442_1.jpg,Dusty,Dusty,dirty,detect_solar_dust,train
e2e822dff10a,Data/curated/Dusty/detect_solar_dust_dirty_Imgdirty_443_1.jpg,Dusty,Dusty,dirty,detect_solar_dust,test
9b1882b462e8,Data/curated/Dusty/detect_solar_dust_dirty_Imgdirty_445_1.jpg,Dusty,Dusty,dirty,detect_solar_dust,test
42e11b39edcc,Data/curated/Dusty/detect_solar_dust_dirty_Imgdirty_446_1.jpg,Dusty,Dusty,dirty,detect_solar_dust,train
3d398390609e,Data/curated/Dusty/detect_solar_dust_dirty_Imgdirty_447_1.jpg,Dusty,Dusty,dirty,detect_solar_dust,train
52c42cd3e0f2,Data/curated/Dusty/detect_solar_dust_dirty_Imgdirty_448_1.jpg,Dusty,Dusty,dirty,detect_solar_dust,train
b463f7021b2c,Data/curated/Dusty/detect_solar_dust_dirty_Imgdirty_44_1.jpg,Dusty,Dusty,dirty,detect_solar_dust,train
e51bede38aa3,Data/curated/Dusty/detect_solar_dust_dirty_Imgdirty_450_1.jpg,Dusty,Dusty,dirty,detect_solar_dust,train
d40c79251473,Data/curated/Dusty/detect_solar_dust_dirty_Imgdirty_451_1.jpg,Dusty,Dusty,dirty,detect_solar_dust,train
7eef0b09f35b,Data/curated/Dusty/detect_solar_dust_dirty_Imgdirty_452_1.jpg,Dusty,Dusty,dirty,detect_solar_dust,test
48bfcb04d358,Data/curated/Dusty/detect_solar_dust_dirty_Imgdirty_453_1.jpg,Dusty,Dusty,dirty,detect_solar_dust,train
3fa36aad2770,Data/curated/Dusty/detect_solar_dust_dirty_Imgdirty_454_1.jpg,Dusty,Dusty,dirty,detect_solar_dust,train
ac65474ea8da,Data/curated/Dusty/detect_solar_dust_dirty_Imgdirty_455_1.jpg,Dusty,Dusty,dirty,detect_solar_dust,train
4137575a5cfb,Data/curated/Dusty/detect_solar_dust_dirty_Imgdirty_456_1.jpg,Dusty,Dusty,dirty,detect_solar_dust,val
b652aefcf349,Data/curated/Dusty/detect_solar_dust_dirty_Imgdirty_457_1.jpg,Dusty,Dusty,dirty,detect_solar_dust,train
77326ecc2122,Data/curated/Dusty/detect_solar_dust_dirty_Imgdirty_458_1.jpg,Dusty,Dusty,dirty,detect_solar_dust,test
057dfa75a589,Data/curated/Dusty/detect_solar_dust_dirty_Imgdirty_459_1.jpg,Dusty,Dusty,dirty,detect_solar_dust,train
d8cdad27842b,Data/curated/Dusty/detect_solar_dust_dirty_Imgdirty_460_1.jpg,Dusty,Dusty,dirty,detect_solar_dust,train
e1b157791bf2,Data/curated/Dusty/detect_solar_dust_dirty_Imgdirty_461_1.jpg,Dusty,Dusty,dirty,detect_solar_dust,train
c03f2b080e79,Data/curated/Dusty/detect_solar_dust_dirty_Imgdirty_462_1.jpg,Dusty,Dusty,dirty,detect_solar_dust,test
2ad16786194b,Data/curated/Dusty/detect_solar_dust_dirty_Imgdirty_463_1.jpg,Dusty,Dusty,dirty,detect_solar_dust,test
473239d2936c,Data/curated/Dusty/detect_solar_dust_dirty_Imgdirty_464_1.jpg,Dusty,Dusty,dirty,detect_solar_dust,test
97648255d5e3,Data/curated/Dusty/detect_solar_dust_dirty_Imgdirty_465_1.jpg,Dusty,Dusty,dirty,detect_solar_dust,train
2279eb99f8ac,Data/curated/Dusty/detect_solar_dust_dirty_Imgdirty_466_1.jpg,Dusty,Dusty,dirty,detect_solar_dust,train
ff9b50b849b5,Data/curated/Dusty/detect_solar_dust_dirty_Imgdirty_467_1.jpg,Dusty,Dusty,dirty,detect_solar_dust,train
2187e7225e5b,Data/curated/Dusty/detect_solar_dust_dirty_Imgdirty_468_1.jpg,Dusty,Dusty,dirty,detect_solar_dust,train
dab95a53f741,Data/curated/Dusty/detect_solar_dust_dirty_Imgdirty_469_1.jpg,Dusty,Dusty,dirty,detect_solar_dust,train
b678ac78c6db,Data/curated/Dusty/detect_solar_dust_dirty_Imgdirty_46_1.jpg,Dusty,Dusty,dirty,detect_solar_dust,val
3a108abf845c,Data/curated/Dusty/detect_solar_dust_dirty_Imgdirty_471_1.jpg,Dusty,Dusty,dirty,detect_solar_dust,train
a66d5660ac51,Data/curated/Dusty/detect_solar_dust_dirty_Imgdirty_472_1.jpg,Dusty,Dusty,dirty,detect_solar_dust,train
8d7237043dac,Data/curated/Dusty/detect_solar_dust_dirty_Imgdirty_473_1.jpg,Dusty,Dusty,dirty,detect_solar_dust,test
d47ea28c66f9,Data/curated/Dusty/detect_solar_dust_dirty_Imgdirty_474_1.jpg,Dusty,Dusty,dirty,detect_solar_dust,train
efced1243cd5,Data/curated/Dusty/detect_solar_dust_dirty_Imgdirty_475_1.jpg,Dusty,Dusty,dirty,detect_solar_dust,train
00c25a553da2,Data/curated/Dusty/detect_solar_dust_dirty_Imgdirty_476_1.jpg,Dusty,Dusty,dirty,detect_solar_dust,val
01c2d1ce9657,Data/curated/Dusty/detect_solar_dust_dirty_Imgdirty_477_1.jpg,Dusty,Dusty,dirty,detect_solar_dust,train
c50320b402da,Data/curated/Dusty/detect_solar_dust_dirty_Imgdirty_478_1.jpg,Dusty,Dusty,dirty,detect_solar_dust,train
f8ddbed1081c,Data/curated/Dusty/detect_solar_dust_dirty_Imgdirty_479_1.jpg,Dusty,Dusty,dirty,detect_solar_dust,train
2ada92d1e347,Data/curated/Dusty/detect_solar_dust_dirty_Imgdirty_47_1.jpg,Dusty,Dusty,dirty,detect_solar_dust,train
081f0cbcf93c,Data/curated/Dusty/detect_solar_dust_dirty_Imgdirty_480_1.jpg,Dusty,Dusty,dirty,detect_solar_dust,val
dcb176a1cfa7,Data/curated/Dusty/detect_solar_dust_dirty_Imgdirty_481_1.jpg,Dusty,Dusty,dirty,detect_solar_dust,val
642b7332db1d,Data/curated/Dusty/detect_solar_dust_dirty_Imgdirty_484_1.jpg,Dusty,Dusty,dirty,detect_solar_dust,train
5f8170e19874,Data/curated/Dusty/detect_solar_dust_dirty_Imgdirty_485_1.jpg,Dusty,Dusty,dirty,detect_solar_dust,test
0f674e1f94bf,Data/curated/Dusty/detect_solar_dust_dirty_Imgdirty_486_1.jpg,Dusty,Dusty,dirty,detect_solar_dust,train
ad7e6c5f66e9,Data/curated/Dusty/detect_solar_dust_dirty_Imgdirty_487_1.jpg,Dusty,Dusty,dirty,detect_solar_dust,train
846425597fa8,Data/curated/Dusty/detect_solar_dust_dirty_Imgdirty_488_1.jpg,Dusty,Dusty,dirty,detect_solar_dust,val
2c5d86f8c7f5,Data/curated/Dusty/detect_solar_dust_dirty_Imgdirty_489_1.jpg,Dusty,Dusty,dirty,detect_solar_dust,test
d091a4a99b4e,Data/curated/Dusty/detect_solar_dust_dirty_Imgdirty_48_1.jpg,Dusty,Dusty,dirty,detect_solar_dust,test
6a8ccf3056e9,Data/curated/Dusty/detect_solar_dust_dirty_Imgdirty_490_1.jpg,Dusty,Dusty,dirty,detect_solar_dust,test
62ef47017a19,Data/curated/Dusty/detect_solar_dust_dirty_Imgdirty_491_1.jpg,Dusty,Dusty,dirty,detect_solar_dust,test
6998a793a7ba,Data/curated/Dusty/detect_solar_dust_dirty_Imgdirty_493_1.jpg,Dusty,Dusty,dirty,detect_solar_dust,test
1334757e5953,Data/curated/Dusty/detect_solar_dust_dirty_Imgdirty_495_1.jpg,Dusty,Dusty,dirty,detect_solar_dust,train
d9df7ce7681c,Data/curated/Dusty/detect_solar_dust_dirty_Imgdirty_496_1.jpg,Dusty,Dusty,dirty,detect_solar_dust,train
0c50cc116e2f,Data/curated/Dusty/detect_solar_dust_dirty_Imgdirty_497_1.jpg,Dusty,Dusty,dirty,detect_solar_dust,val
5b130d09b078,Data/curated/Dusty/detect_solar_dust_dirty_Imgdirty_498_1.jpg,Dusty,Dusty,dirty,detect_solar_dust,train
78f683af3add,Data/curated/Dusty/detect_solar_dust_dirty_Imgdirty_499_1.jpg,Dusty,Dusty,dirty,detect_solar_dust,train
b873c4b2dcb2,Data/curated/Dusty/detect_solar_dust_dirty_Imgdirty_4_1.jpg,Dusty,Dusty,dirty,detect_solar_dust,test
f8bf22056178,Data/curated/Dusty/detect_solar_dust_dirty_Imgdirty_500_1.jpg,Dusty,Dusty,dirty,detect_solar_dust,test
ee495c3c0cc3,Data/curated/Dusty/detect_solar_dust_dirty_Imgdirty_501_1.jpg,Dusty,Dusty,dirty,detect_solar_dust,train
3c26e9261ed4,Data/curated/Dusty/detect_solar_dust_dirty_Imgdirty_502_1.jpg,Dusty,Dusty,dirty,detect_solar_dust,val
c9769f701bf6,Data/curated/Dusty/detect_solar_dust_dirty_Imgdirty_503_1.jpg,Dusty,Dusty,dirty,detect_solar_dust,val
a4d5a1a160fb,Data/curated/Dusty/detect_solar_dust_dirty_Imgdirty_504_1.jpg,Dusty,Dusty,dirty,detect_solar_dust,train
ad27ce917415,Data/curated/Dusty/detect_solar_dust_dirty_Imgdirty_505_1.jpg,Dusty,Dusty,dirty,detect_solar_dust,train
84b71160b763,Data/curated/Dusty/detect_solar_dust_dirty_Imgdirty_506_1.jpg,Dusty,Dusty,dirty,detect_solar_dust,val
fc536c5cf648,Data/curated/Dusty/detect_solar_dust_dirty_Imgdirty_507_1.jpg,Dusty,Dusty,dirty,detect_solar_dust,test
2d586dc04f6d,Data/curated/Dusty/detect_solar_dust_dirty_Imgdirty_508_1.jpg,Dusty,Dusty,dirty,detect_solar_dust,val
e05f57e5b3d8,Data/curated/Dusty/detect_solar_dust_dirty_Imgdirty_50_1.jpg,Dusty,Dusty,dirty,detect_solar_dust,test
1726d0867e96,Data/curated/Dusty/detect_solar_dust_dirty_Imgdirty_510_1.jpg,Dusty,Dusty,dirty,detect_solar_dust,val
ef26e8f75397,Data/curated/Dusty/detect_solar_dust_dirty_Imgdirty_511_1.jpg,Dusty,Dusty,dirty,detect_solar_dust,train
ce49bce7fa7a,Data/curated/Dusty/detect_solar_dust_dirty_Imgdirty_512_1.jpg,Dusty,Dusty,dirty,detect_solar_dust,train
c779ee9be3f3,Data/curated/Dusty/detect_solar_dust_dirty_Imgdirty_513_1.jpg,Dusty,Dusty,dirty,detect_solar_dust,train
18e85c69b03d,Data/curated/Dusty/detect_solar_dust_dirty_Imgdirty_514_1.jpg,Dusty,Dusty,dirty,detect_solar_dust,train
173be5f3bc8b,Data/curated/Dusty/detect_solar_dust_dirty_Imgdirty_515_1.jpg,Dusty,Dusty,dirty,detect_solar_dust,train
e6fea1be66e2,Data/curated/Dusty/detect_solar_dust_dirty_Imgdirty_516_1.jpg,Dusty,Dusty,dirty,detect_solar_dust,train
69b46a87fb0c,Data/curated/Dusty/detect_solar_dust_dirty_Imgdirty_517_1.jpg,Dusty,Dusty,dirty,detect_solar_dust,train
94e1e5979a49,Data/curated/Dusty/detect_solar_dust_dirty_Imgdirty_518_1.jpg,Dusty,Dusty,dirty,detect_solar_dust,train
edc55650b26f,Data/curated/Dusty/detect_solar_dust_dirty_Imgdirty_519_1.jpg,Dusty,Dusty,dirty,detect_solar_dust,train
0b4af1a9384a,Data/curated/Dusty/detect_solar_dust_dirty_Imgdirty_520_1.jpg,Dusty,Dusty,dirty,detect_solar_dust,train
fc04ba76aae6,Data/curated/Dusty/detect_solar_dust_dirty_Imgdirty_521_1.jpg,Dusty,Dusty,dirty,detect_solar_dust,train
81325ac401db,Data/curated/Dusty/detect_solar_dust_dirty_Imgdirty_522_1.jpg,Dusty,Dusty,dirty,detect_solar_dust,train
5a6964abf6dc,Data/curated/Dusty/detect_solar_dust_dirty_Imgdirty_523_1.jpg,Dusty,Dusty,dirty,detect_solar_dust,train
e5651ffa9f8e,Data/curated/Dusty/detect_solar_dust_dirty_Imgdirty_524_1.jpg,Dusty,Dusty,dirty,detect_solar_dust,train
ea5e7676fd5a,Data/curated/Dusty/detect_solar_dust_dirty_Imgdirty_525_1.jpg,Dusty,Dusty,dirty,detect_solar_dust,train
4256bf84f22a,Data/curated/Dusty/detect_solar_dust_dirty_Imgdirty_526_1.jpg,Dusty,Dusty,dirty,detect_solar_dust,test
29e19b40fa9e,Data/curated/Dusty/detect_solar_dust_dirty_Imgdirty_527_1.jpg,Dusty,Dusty,dirty,detect_solar_dust,train
d9b490d4efba,Data/curated/Dusty/detect_solar_dust_dirty_Imgdirty_528_1.jpg,Dusty,Dusty,dirty,detect_solar_dust,val
c282d1532dea,Data/curated/Dusty/detect_solar_dust_dirty_Imgdirty_529_1.jpg,Dusty,Dusty,dirty,detect_solar_dust,train
1e604bd0f2f4,Data/curated/Dusty/detect_solar_dust_dirty_Imgdirty_52_1.jpg,Dusty,Dusty,dirty,detect_solar_dust,train
c2d013b72960,Data/curated/Dusty/detect_solar_dust_dirty_Imgdirty_530_1.jpg,Dusty,Dusty,dirty,detect_solar_dust,train
2cadbb45fbd6,Data/curated/Dusty/detect_solar_dust_dirty_Imgdirty_531_1.jpg,Dusty,Dusty,dirty,detect_solar_dust,train
a51a30cd1c0e,Data/curated/Dusty/detect_solar_dust_dirty_Imgdirty_532_1.jpg,Dusty,Dusty,dirty,detect_solar_dust,train
7b6961a1ca2e,Data/curated/Dusty/detect_solar_dust_dirty_Imgdirty_533_1.jpg,Dusty,Dusty,dirty,detect_solar_dust,train
904c20cdd028,Data/curated/Dusty/detect_solar_dust_dirty_Imgdirty_534_1.jpg,Dusty,Dusty,dirty,detect_solar_dust,test
3e25c51fe9c6,Data/curated/Dusty/detect_solar_dust_dirty_Imgdirty_535_1.jpg,Dusty,Dusty,dirty,detect_solar_dust,train
1202ff10bc56,Data/curated/Dusty/detect_solar_dust_dirty_Imgdirty_536_1.jpg,Dusty,Dusty,dirty,detect_solar_dust,train
de9e0f8d55b3,Data/curated/Dusty/detect_solar_dust_dirty_Imgdirty_537_1.jpg,Dusty,Dusty,dirty,detect_solar_dust,val
276d1448c9b1,Data/curated/Dusty/detect_solar_dust_dirty_Imgdirty_538_1.jpg,Dusty,Dusty,dirty,detect_solar_dust,train
4e112b4b8fd3,Data/curated/Dusty/detect_solar_dust_dirty_Imgdirty_539_1.jpg,Dusty,Dusty,dirty,detect_solar_dust,train
9e830bbee742,Data/curated/Dusty/detect_solar_dust_dirty_Imgdirty_540_1.jpg,Dusty,Dusty,dirty,detect_solar_dust,test
02329f0905d7,Data/curated/Dusty/detect_solar_dust_dirty_Imgdirty_541_1.jpg,Dusty,Dusty,dirty,detect_solar_dust,train
c537232e247e,Data/curated/Dusty/detect_solar_dust_dirty_Imgdirty_542_1.jpg,Dusty,Dusty,dirty,detect_solar_dust,val
9d321daff8f5,Data/curated/Dusty/detect_solar_dust_dirty_Imgdirty_543_1.jpg,Dusty,Dusty,dirty,detect_solar_dust,test
28515b47f562,Data/curated/Dusty/detect_solar_dust_dirty_Imgdirty_544_1.jpg,Dusty,Dusty,dirty,detect_solar_dust,train
8e3f93d18f86,Data/curated/Dusty/detect_solar_dust_dirty_Imgdirty_545_1.jpg,Dusty,Dusty,dirty,detect_solar_dust,val
fb89661ce4ed,Data/curated/Dusty/detect_solar_dust_dirty_Imgdirty_546_1.jpg,Dusty,Dusty,dirty,detect_solar_dust,train
2e3efb622993,Data/curated/Dusty/detect_solar_dust_dirty_Imgdirty_547_1.jpg,Dusty,Dusty,dirty,detect_solar_dust,train
a562179a627a,Data/curated/Dusty/detect_solar_dust_dirty_Imgdirty_548_1.jpg,Dusty,Dusty,dirty,detect_solar_dust,train
f6325217034f,Data/curated/Dusty/detect_solar_dust_dirty_Imgdirty_549_1.jpg,Dusty,Dusty,dirty,detect_solar_dust,train
facae66ce8ff,Data/curated/Dusty/detect_solar_dust_dirty_Imgdirty_54_1.jpg,Dusty,Dusty,dirty,detect_solar_dust,train
361a0401c115,Data/curated/Dusty/detect_solar_dust_dirty_Imgdirty_550_1.jpg,Dusty,Dusty,dirty,detect_solar_dust,train
f72170038a00,Data/curated/Dusty/detect_solar_dust_dirty_Imgdirty_551_1.jpg,Dusty,Dusty,dirty,detect_solar_dust,train
d7edd11a284c,Data/curated/Dusty/detect_solar_dust_dirty_Imgdirty_552_1.jpg,Dusty,Dusty,dirty,detect_solar_dust,test
107bdbb143c9,Data/curated/Dusty/detect_solar_dust_dirty_Imgdirty_553_1.jpg,Dusty,Dusty,dirty,detect_solar_dust,test
55f1caac4b6e,Data/curated/Dusty/detect_solar_dust_dirty_Imgdirty_554_1.jpg,Dusty,Dusty,dirty,detect_solar_dust,val
ff424a26db39,Data/curated/Dusty/detect_solar_dust_dirty_Imgdirty_555_1.jpg,Dusty,Dusty,dirty,detect_solar_dust,train
1d4dc64ce647,Data/curated/Dusty/detect_solar_dust_dirty_Imgdirty_556_1.jpg,Dusty,Dusty,dirty,detect_solar_dust,train
c74dcf3e5dcb,Data/curated/Dusty/detect_solar_dust_dirty_Imgdirty_557_1.jpg,Dusty,Dusty,dirty,detect_solar_dust,train
b210762f1657,Data/curated/Dusty/detect_solar_dust_dirty_Imgdirty_558_1.jpg,Dusty,Dusty,dirty,detect_solar_dust,train
c089b995bd5a,Data/curated/Dusty/detect_solar_dust_dirty_Imgdirty_559_1.jpg,Dusty,Dusty,dirty,detect_solar_dust,train
39ee7f79526b,Data/curated/Dusty/detect_solar_dust_dirty_Imgdirty_560_1.jpg,Dusty,Dusty,dirty,detect_solar_dust,train
7dabc66ba169,Data/curated/Dusty/detect_solar_dust_dirty_Imgdirty_561_1.jpg,Dusty,Dusty,dirty,detect_solar_dust,val
1f331c6a1192,Data/curated/Dusty/detect_solar_dust_dirty_Imgdirty_562_1.jpg,Dusty,Dusty,dirty,detect_solar_dust,test
a84f1f363a64,Data/curated/Dusty/detect_solar_dust_dirty_Imgdirty_563_1.jpg,Dusty,Dusty,dirty,detect_solar_dust,train
2028a42eb66a,Data/curated/Dusty/detect_solar_dust_dirty_Imgdirty_564_1.jpg,Dusty,Dusty,dirty,detect_solar_dust,train
350230230c3f,Data/curated/Dusty/detect_solar_dust_dirty_Imgdirty_565_1.jpg,Dusty,Dusty,dirty,detect_solar_dust,train
ed47150d9e48,Data/curated/Dusty/detect_solar_dust_dirty_Imgdirty_566_1.jpg,Dusty,Dusty,dirty,detect_solar_dust,val
45659ebd3a8e,Data/curated/Dusty/detect_solar_dust_dirty_Imgdirty_567_1.jpg,Dusty,Dusty,dirty,detect_solar_dust,val
6a1154e9a5b0,Data/curated/Dusty/detect_solar_dust_dirty_Imgdirty_568_1.jpg,Dusty,Dusty,dirty,detect_solar_dust,train
f1231fb0948e,Data/curated/Dusty/detect_solar_dust_dirty_Imgdirty_569_1.jpg,Dusty,Dusty,dirty,detect_solar_dust,val
dd5453af86d2,Data/curated/Dusty/detect_solar_dust_dirty_Imgdirty_56_1.jpg,Dusty,Dusty,dirty,detect_solar_dust,train
89a5e2557967,Data/curated/Dusty/detect_solar_dust_dirty_Imgdirty_570_1.jpg,Dusty,Dusty,dirty,detect_solar_dust,train
6656079611b6,Data/curated/Dusty/detect_solar_dust_dirty_Imgdirty_571_1.jpg,Dusty,Dusty,dirty,detect_solar_dust,train
f99c9b6df555,Data/curated/Dusty/detect_solar_dust_dirty_Imgdirty_572_1.jpg,Dusty,Dusty,dirty,detect_solar_dust,train
c7c4edbb3ffe,Data/curated/Dusty/detect_solar_dust_dirty_Imgdirty_573_1.jpg,Dusty,Dusty,dirty,detect_solar_dust,train
13086e6eded9,Data/curated/Dusty/detect_solar_dust_dirty_Imgdirty_574_1.jpg,Dusty,Dusty,dirty,detect_solar_dust,train
c43045b54901,Data/curated/Dusty/detect_solar_dust_dirty_Imgdirty_575_1.jpg,Dusty,Dusty,dirty,detect_solar_dust,train
479f10b683fb,Data/curated/Dusty/detect_solar_dust_dirty_Imgdirty_576_1.jpg,Dusty,Dusty,dirty,detect_solar_dust,train
20cb4cf6df18,Data/curated/Dusty/detect_solar_dust_dirty_Imgdirty_577_1.jpg,Dusty,Dusty,dirty,detect_solar_dust,train
553c803745dd,Data/curated/Dusty/detect_solar_dust_dirty_Imgdirty_578_1.jpg,Dusty,Dusty,dirty,detect_solar_dust,train
ac28a2d1bcb6,Data/curated/Dusty/detect_solar_dust_dirty_Imgdirty_579_1.jpg,Dusty,Dusty,dirty,detect_solar_dust,test
e1bc579727e5,Data/curated/Dusty/detect_solar_dust_dirty_Imgdirty_57_1.jpg,Dusty,Dusty,dirty,detect_solar_dust,val
e29ed1e968ab,Data/curated/Dusty/detect_solar_dust_dirty_Imgdirty_580_1.jpg,Dusty,Dusty,dirty,detect_solar_dust,train
ab5ada2fb55d,Data/curated/Dusty/detect_solar_dust_dirty_Imgdirty_581_1.jpg,Dusty,Dusty,dirty,detect_solar_dust,train
feedd5596004,Data/curated/Dusty/detect_solar_dust_dirty_Imgdirty_582_1.jpg,Dusty,Dusty,dirty,detect_solar_dust,val
0ee9c71528fd,Data/curated/Dusty/detect_solar_dust_dirty_Imgdirty_584_1.jpg,Dusty,Dusty,dirty,detect_solar_dust,val
7d0e90021eec,Data/curated/Dusty/detect_solar_dust_dirty_Imgdirty_585_1.jpg,Dusty,Dusty,dirty,detect_solar_dust,train
2f5ec76bacdd,Data/curated/Dusty/detect_solar_dust_dirty_Imgdirty_586_1.jpg,Dusty,Dusty,dirty,detect_solar_dust,train
59e92931c1a7,Data/curated/Dusty/detect_solar_dust_dirty_Imgdirty_587_1.jpg,Dusty,Dusty,dirty,detect_solar_dust,train
8bb05588ad8f,Data/curated/Dusty/detect_solar_dust_dirty_Imgdirty_588_1.jpg,Dusty,Dusty,dirty,detect_solar_dust,test
5db10b46f0a3,Data/curated/Dusty/detect_solar_dust_dirty_Imgdirty_589_1.jpg,Dusty,Dusty,dirty,detect_solar_dust,val
67347b056d32,Data/curated/Dusty/detect_solar_dust_dirty_Imgdirty_590_1.jpg,Dusty,Dusty,dirty,detect_solar_dust,train
0b0035666682,Data/curated/Dusty/detect_solar_dust_dirty_Imgdirty_591_1.jpg,Dusty,Dusty,dirty,detect_solar_dust,val
311a710c29b6,Data/curated/Dusty/detect_solar_dust_dirty_Imgdirty_592_1.jpg,Dusty,Dusty,dirty,detect_solar_dust,train
5e3032cdfe32,Data/curated/Dusty/detect_solar_dust_dirty_Imgdirty_593_1.jpg,Dusty,Dusty,dirty,detect_solar_dust,train
3fbf83a193b0,Data/curated/Dusty/detect_solar_dust_dirty_Imgdirty_594_1.jpg,Dusty,Dusty,dirty,detect_solar_dust,train
0f9231ef757d,Data/curated/Dusty/detect_solar_dust_dirty_Imgdirty_595_1.jpg,Dusty,Dusty,dirty,detect_solar_dust,test
245b507ca1c6,Data/curated/Dusty/detect_solar_dust_dirty_Imgdirty_596_1.jpg,Dusty,Dusty,dirty,detect_solar_dust,train
d45341159f4d,Data/curated/Dusty/detect_solar_dust_dirty_Imgdirty_597_1.jpg,Dusty,Dusty,dirty,detect_solar_dust,train
8ee300f37cec,Data/curated/Dusty/detect_solar_dust_dirty_Imgdirty_598_1.jpg,Dusty,Dusty,dirty,detect_solar_dust,train
b072ed4b3e4e,Data/curated/Dusty/detect_solar_dust_dirty_Imgdirty_599_1.jpg,Dusty,Dusty,dirty,detect_solar_dust,train
c434f6d377dd,Data/curated/Dusty/detect_solar_dust_dirty_Imgdirty_59_1.jpg,Dusty,Dusty,dirty,detect_solar_dust,test
f88f3580aa23,Data/curated/Dusty/detect_solar_dust_dirty_Imgdirty_600_1.jpg,Dusty,Dusty,dirty,detect_solar_dust,train
2e0c01803243,Data/curated/Dusty/detect_solar_dust_dirty_Imgdirty_601_1.jpg,Dusty,Dusty,dirty,detect_solar_dust,train
b3608a15bd43,Data/curated/Dusty/detect_solar_dust_dirty_Imgdirty_602_1.jpg,Dusty,Dusty,dirty,detect_solar_dust,train
ca9a766337e2,Data/curated/Dusty/detect_solar_dust_dirty_Imgdirty_603_1.jpg,Dusty,Dusty,dirty,detect_solar_dust,train
ee51579bade2,Data/curated/Dusty/detect_solar_dust_dirty_Imgdirty_604_1.jpg,Dusty,Dusty,dirty,detect_solar_dust,val
92219e0ba622,Data/curated/Dusty/detect_solar_dust_dirty_Imgdirty_605_1.jpg,Dusty,Dusty,dirty,detect_solar_dust,train
8cb87082e02f,Data/curated/Dusty/detect_solar_dust_dirty_Imgdirty_606_1.jpg,Dusty,Dusty,dirty,detect_solar_dust,train
1dc3a1503e33,Data/curated/Dusty/detect_solar_dust_dirty_Imgdirty_607_1.jpg,Dusty,Dusty,dirty,detect_solar_dust,train
1f01eed8ff8e,Data/curated/Dusty/detect_solar_dust_dirty_Imgdirty_608_1.jpg,Dusty,Dusty,dirty,detect_solar_dust,train
5930d394f4e5,Data/curated/Dusty/detect_solar_dust_dirty_Imgdirty_609_1.jpg,Dusty,Dusty,dirty,detect_solar_dust,test
32520441dd41,Data/curated/Dusty/detect_solar_dust_dirty_Imgdirty_610_1.jpg,Dusty,Dusty,dirty,detect_solar_dust,train
e4f5761959ae,Data/curated/Dusty/detect_solar_dust_dirty_Imgdirty_611_1.jpg,Dusty,Dusty,dirty,detect_solar_dust,train
9ebd06c7a29c,Data/curated/Dusty/detect_solar_dust_dirty_Imgdirty_612_1.jpg,Dusty,Dusty,dirty,detect_solar_dust,train
9579e312d063,Data/curated/Dusty/detect_solar_dust_dirty_Imgdirty_613_1.jpg,Dusty,Dusty,dirty,detect_solar_dust,train
bfd24f9aea56,Data/curated/Dusty/detect_solar_dust_dirty_Imgdirty_614_1.jpg,Dusty,Dusty,dirty,detect_solar_dust,train
706c5d620eaf,Data/curated/Dusty/detect_solar_dust_dirty_Imgdirty_615_1.jpg,Dusty,Dusty,dirty,detect_solar_dust,train
f51c88c85a8b,Data/curated/Dusty/detect_solar_dust_dirty_Imgdirty_616_1.jpg,Dusty,Dusty,dirty,detect_solar_dust,test
b2020570eb41,Data/curated/Dusty/detect_solar_dust_dirty_Imgdirty_617_1.jpg,Dusty,Dusty,dirty,detect_solar_dust,val
93224fdccb31,Data/curated/Dusty/detect_solar_dust_dirty_Imgdirty_618_1.jpg,Dusty,Dusty,dirty,detect_solar_dust,train
7b8d2e599dd3,Data/curated/Dusty/detect_solar_dust_dirty_Imgdirty_619_1.jpg,Dusty,Dusty,dirty,detect_solar_dust,test
fc572b8e65c3,Data/curated/Dusty/detect_solar_dust_dirty_Imgdirty_620_1.jpg,Dusty,Dusty,dirty,detect_solar_dust,train
dbad9828607a,Data/curated/Dusty/detect_solar_dust_dirty_Imgdirty_621_1.jpg,Dusty,Dusty,dirty,detect_solar_dust,train
45c0f1c10700,Data/curated/Dusty/detect_solar_dust_dirty_Imgdirty_622_1.jpg,Dusty,Dusty,dirty,detect_solar_dust,train
e5d03386b438,Data/curated/Dusty/detect_solar_dust_dirty_Imgdirty_623_1.jpg,Dusty,Dusty,dirty,detect_solar_dust,train
c90c7588c18b,Data/curated/Dusty/detect_solar_dust_dirty_Imgdirty_624_1.jpg,Dusty,Dusty,dirty,detect_solar_dust,val
e0eaf58caec0,Data/curated/Dusty/detect_solar_dust_dirty_Imgdirty_625_1.jpg,Dusty,Dusty,dirty,detect_solar_dust,train
48ff61d3602a,Data/curated/Dusty/detect_solar_dust_dirty_Imgdirty_626_1.jpg,Dusty,Dusty,dirty,detect_solar_dust,train
10831373266f,Data/curated/Dusty/detect_solar_dust_dirty_Imgdirty_627_1.jpg,Dusty,Dusty,dirty,detect_solar_dust,train
8557bb9f5130,Data/curated/Dusty/detect_solar_dust_dirty_Imgdirty_628_1.jpg,Dusty,Dusty,dirty,detect_solar_dust,test
07a8f17a58e4,Data/curated/Dusty/detect_solar_dust_dirty_Imgdirty_629_1.jpg,Dusty,Dusty,dirty,detect_solar_dust,val
3ca1e6f185f5,Data/curated/Dusty/detect_solar_dust_dirty_Imgdirty_62_1.jpg,Dusty,Dusty,dirty,detect_solar_dust,train
41d60da2f17a,Data/curated/Dusty/detect_solar_dust_dirty_Imgdirty_630_1.jpg,Dusty,Dusty,dirty,detect_solar_dust,val
8ad4dcb083bd,Data/curated/Dusty/detect_solar_dust_dirty_Imgdirty_631_1.jpg,Dusty,Dusty,dirty,detect_solar_dust,train
dc4c63401151,Data/curated/Dusty/detect_solar_dust_dirty_Imgdirty_632_1.jpg,Dusty,Dusty,dirty,detect_solar_dust,train
1d5ba4383d7e,Data/curated/Dusty/detect_solar_dust_dirty_Imgdirty_633_1.jpg,Dusty,Dusty,dirty,detect_solar_dust,train
d66bbdeea819,Data/curated/Dusty/detect_solar_dust_dirty_Imgdirty_634_1.jpg,Dusty,Dusty,dirty,detect_solar_dust,train
c52ed95e3f9f,Data/curated/Dusty/detect_solar_dust_dirty_Imgdirty_635_1.jpg,Dusty,Dusty,dirty,detect_solar_dust,train
c037150db7e7,Data/curated/Dusty/detect_solar_dust_dirty_Imgdirty_636_1.jpg,Dusty,Dusty,dirty,detect_solar_dust,train
1b6723198c21,Data/curated/Dusty/detect_solar_dust_dirty_Imgdirty_637_1.jpg,Dusty,Dusty,dirty,detect_solar_dust,val
9418a2e35c10,Data/curated/Dusty/detect_solar_dust_dirty_Imgdirty_639_1.jpg,Dusty,Dusty,dirty,detect_solar_dust,train
8cbb127a0782,Data/curated/Dusty/detect_solar_dust_dirty_Imgdirty_640_1.jpg,Dusty,Dusty,dirty,detect_solar_dust,train
83b9b95ba79b,Data/curated/Dusty/detect_solar_dust_dirty_Imgdirty_641_1.jpg,Dusty,Dusty,dirty,detect_solar_dust,train
5ba3d36a975c,Data/curated/Dusty/detect_solar_dust_dirty_Imgdirty_642_1.jpg,Dusty,Dusty,dirty,detect_solar_dust,train
f9761b3f089c,Data/curated/Dusty/detect_solar_dust_dirty_Imgdirty_643_1.jpg,Dusty,Dusty,dirty,detect_solar_dust,train
90f76596b326,Data/curated/Dusty/detect_solar_dust_dirty_Imgdirty_644_1.jpg,Dusty,Dusty,dirty,detect_solar_dust,train
db6cf9826cd0,Data/curated/Dusty/detect_solar_dust_dirty_Imgdirty_645_1.jpg,Dusty,Dusty,dirty,detect_solar_dust,train
e3e4c7ed8880,Data/curated/Dusty/detect_solar_dust_dirty_Imgdirty_646_1.jpg,Dusty,Dusty,dirty,detect_solar_dust,train
db5a54dcea80,Data/curated/Dusty/detect_solar_dust_dirty_Imgdirty_647_1.jpg,Dusty,Dusty,dirty,detect_solar_dust,test
3358b54c0938,Data/curated/Dusty/detect_solar_dust_dirty_Imgdirty_648_1.jpg,Dusty,Dusty,dirty,detect_solar_dust,val
e399f5d8b5e3,Data/curated/Dusty/detect_solar_dust_dirty_Imgdirty_649_1.jpg,Dusty,Dusty,dirty,detect_solar_dust,val
8579a32e2eed,Data/curated/Dusty/detect_solar_dust_dirty_Imgdirty_650_1.jpg,Dusty,Dusty,dirty,detect_solar_dust,train
95d9a7e5008e,Data/curated/Dusty/detect_solar_dust_dirty_Imgdirty_651_1.jpg,Dusty,Dusty,dirty,detect_solar_dust,val
6532c9a57990,Data/curated/Dusty/detect_solar_dust_dirty_Imgdirty_652_1.jpg,Dusty,Dusty,dirty,detect_solar_dust,test
d1441a33656d,Data/curated/Dusty/detect_solar_dust_dirty_Imgdirty_653_1.jpg,Dusty,Dusty,dirty,detect_solar_dust,train
ed0392f6c2d1,Data/curated/Dusty/detect_solar_dust_dirty_Imgdirty_654_1.jpg,Dusty,Dusty,dirty,detect_solar_dust,val
a8e65062707b,Data/curated/Dusty/detect_solar_dust_dirty_Imgdirty_655_1.jpg,Dusty,Dusty,dirty,detect_solar_dust,train
cba39aebccb6,Data/curated/Dusty/detect_solar_dust_dirty_Imgdirty_656_1.jpg,Dusty,Dusty,dirty,detect_solar_dust,train
dc4ddccdc2ab,Data/curated/Dusty/detect_solar_dust_dirty_Imgdirty_657_1.jpg,Dusty,Dusty,dirty,detect_solar_dust,train
c98fb4ddb8c3,Data/curated/Dusty/detect_solar_dust_dirty_Imgdirty_658_1.jpg,Dusty,Dusty,dirty,detect_solar_dust,train
197e9fd0b9f2,Data/curated/Dusty/detect_solar_dust_dirty_Imgdirty_659_1.jpg,Dusty,Dusty,dirty,detect_solar_dust,train
3025b5c91e85,Data/curated/Dusty/detect_solar_dust_dirty_Imgdirty_660_1.jpg,Dusty,Dusty,dirty,detect_solar_dust,train
97c352692931,Data/curated/Dusty/detect_solar_dust_dirty_Imgdirty_661_1.jpg,Dusty,Dusty,dirty,detect_solar_dust,val
99831a9df2ec,Data/curated/Dusty/detect_solar_dust_dirty_Imgdirty_662_1.jpg,Dusty,Dusty,dirty,detect_solar_dust,train
7c07b60a689b,Data/curated/Dusty/detect_solar_dust_dirty_Imgdirty_663_1.jpg,Dusty,Dusty,dirty,detect_solar_dust,train
60512c670816,Data/curated/Dusty/detect_solar_dust_dirty_Imgdirty_664_1.jpg,Dusty,Dusty,dirty,detect_solar_dust,train
82c52f9c5a27,Data/curated/Dusty/detect_solar_dust_dirty_Imgdirty_665_1.jpg,Dusty,Dusty,dirty,detect_solar_dust,train
03b463403f14,Data/curated/Dusty/detect_solar_dust_dirty_Imgdirty_666_1.jpg,Dusty,Dusty,dirty,detect_solar_dust,train
5a16bffbc119,Data/curated/Dusty/detect_solar_dust_dirty_Imgdirty_667_1.jpg,Dusty,Dusty,dirty,detect_solar_dust,train
40a2ad43c8f0,Data/curated/Dusty/detect_solar_dust_dirty_Imgdirty_668_1.jpg,Dusty,Dusty,dirty,detect_solar_dust,val
7635349495bf,Data/curated/Dusty/detect_solar_dust_dirty_Imgdirty_669_1.jpg,Dusty,Dusty,dirty,detect_solar_dust,val
7e189f0a88ad,Data/curated/Dusty/detect_solar_dust_dirty_Imgdirty_670_1.jpg,Dusty,Dusty,dirty,detect_solar_dust,test
5b4ac41cb14e,Data/curated/Dusty/detect_solar_dust_dirty_Imgdirty_671_1.jpg,Dusty,Dusty,dirty,detect_solar_dust,train
fd3d9c40b84a,Data/curated/Dusty/detect_solar_dust_dirty_Imgdirty_672_1.jpg,Dusty,Dusty,dirty,detect_solar_dust,train
762bf3a11a57,Data/curated/Dusty/detect_solar_dust_dirty_Imgdirty_673_1.jpg,Dusty,Dusty,dirty,detect_solar_dust,train
0839f38aaf54,Data/curated/Dusty/detect_solar_dust_dirty_Imgdirty_674_1.jpg,Dusty,Dusty,dirty,detect_solar_dust,val
06728dfe4d03,Data/curated/Dusty/detect_solar_dust_dirty_Imgdirty_675_1.jpg,Dusty,Dusty,dirty,detect_solar_dust,train
2573d6ccb5c4,Data/curated/Dusty/detect_solar_dust_dirty_Imgdirty_676_1.jpg,Dusty,Dusty,dirty,detect_solar_dust,test
8fb7ba4195ca,Data/curated/Dusty/detect_solar_dust_dirty_Imgdirty_677_1.jpg,Dusty,Dusty,dirty,detect_solar_dust,val
750f87bb36ac,Data/curated/Dusty/detect_solar_dust_dirty_Imgdirty_678_1.jpg,Dusty,Dusty,dirty,detect_solar_dust,train
f07305d597f5,Data/curated/Dusty/detect_solar_dust_dirty_Imgdirty_679_1.jpg,Dusty,Dusty,dirty,detect_solar_dust,train
01ecea110e95,Data/curated/Dusty/detect_solar_dust_dirty_Imgdirty_67_1.jpg,Dusty,Dusty,dirty,detect_solar_dust,val
ebefb719410d,Data/curated/Dusty/detect_solar_dust_dirty_Imgdirty_680_1.jpg,Dusty,Dusty,dirty,detect_solar_dust,train
62c2c7748d53,Data/curated/Dusty/detect_solar_dust_dirty_Imgdirty_681_1.jpg,Dusty,Dusty,dirty,detect_solar_dust,train
1ea452b0f733,Data/curated/Dusty/detect_solar_dust_dirty_Imgdirty_682_1.jpg,Dusty,Dusty,dirty,detect_solar_dust,test
efed86cf1555,Data/curated/Dusty/detect_solar_dust_dirty_Imgdirty_683_1.jpg,Dusty,Dusty,dirty,detect_solar_dust,train
9baa3e7b52e2,Data/curated/Dusty/detect_solar_dust_dirty_Imgdirty_686_1.jpg,Dusty,Dusty,dirty,detect_solar_dust,train
e51db93f2431,Data/curated/Dusty/detect_solar_dust_dirty_Imgdirty_689_1.jpg,Dusty,Dusty,dirty,detect_solar_dust,val
17c47837e905,Data/curated/Dusty/detect_solar_dust_dirty_Imgdirty_68_1.jpg,Dusty,Dusty,dirty,detect_solar_dust,train
8754e0884b8a,Data/curated/Dusty/detect_solar_dust_dirty_Imgdirty_690_1.jpg,Dusty,Dusty,dirty,detect_solar_dust,train
d133ba23c870,Data/curated/Dusty/detect_solar_dust_dirty_Imgdirty_691_1.jpg,Dusty,Dusty,dirty,detect_solar_dust,train
15388dec7819,Data/curated/Dusty/detect_solar_dust_dirty_Imgdirty_692_1.jpg,Dusty,Dusty,dirty,detect_solar_dust,train
dcfcf7ca7bd9,Data/curated/Dusty/detect_solar_dust_dirty_Imgdirty_695_1.jpg,Dusty,Dusty,dirty,detect_solar_dust,test
2199f3ee0a5d,Data/curated/Dusty/detect_solar_dust_dirty_Imgdirty_696_1.jpg,Dusty,Dusty,dirty,detect_solar_dust,train
10c53cdbe480,Data/curated/Dusty/detect_solar_dust_dirty_Imgdirty_697_1.jpg,Dusty,Dusty,dirty,detect_solar_dust,val
0c740dd7c846,Data/curated/Dusty/detect_solar_dust_dirty_Imgdirty_698_1.jpg,Dusty,Dusty,dirty,detect_solar_dust,train
92df6dbf6001,Data/curated/Dusty/detect_solar_dust_dirty_Imgdirty_701_1.jpg,Dusty,Dusty,dirty,detect_solar_dust,train
b5aa153bf1bf,Data/curated/Dusty/detect_solar_dust_dirty_Imgdirty_702_1.jpg,Dusty,Dusty,dirty,detect_solar_dust,test
9555e1f8a61d,Data/curated/Dusty/detect_solar_dust_dirty_Imgdirty_703_1.jpg,Dusty,Dusty,dirty,detect_solar_dust,train
cc4958069eff,Data/curated/Dusty/detect_solar_dust_dirty_Imgdirty_704_1.jpg,Dusty,Dusty,dirty,detect_solar_dust,test
3b8a65ccb5d4,Data/curated/Dusty/detect_solar_dust_dirty_Imgdirty_706_1.jpg,Dusty,Dusty,dirty,detect_solar_dust,train
36c46e6c7176,Data/curated/Dusty/detect_solar_dust_dirty_Imgdirty_707_1.jpg,Dusty,Dusty,dirty,detect_solar_dust,train
54be774357cc,Data/curated/Dusty/detect_solar_dust_dirty_Imgdirty_708_1.jpg,Dusty,Dusty,dirty,detect_solar_dust,train
2b60ddd68c33,Data/curated/Dusty/detect_solar_dust_dirty_Imgdirty_709_1.jpg,Dusty,Dusty,dirty,detect_solar_dust,val
750d6f5e4191,Data/curated/Dusty/detect_solar_dust_dirty_Imgdirty_70_1.jpg,Dusty,Dusty,dirty,detect_solar_dust,val
09df45fea1ed,Data/curated/Dusty/detect_solar_dust_dirty_Imgdirty_710_1.jpg,Dusty,Dusty,dirty,detect_solar_dust,train
b330a80e62c5,Data/curated/Dusty/detect_solar_dust_dirty_Imgdirty_711_1.jpg,Dusty,Dusty,dirty,detect_solar_dust,train
4cbb56b33937,Data/curated/Dusty/detect_solar_dust_dirty_Imgdirty_712_1.jpg,Dusty,Dusty,dirty,detect_solar_dust,train
07f40d22ad86,Data/curated/Dusty/detect_solar_dust_dirty_Imgdirty_713_1.jpg,Dusty,Dusty,dirty,detect_solar_dust,train
c259a14f0134,Data/curated/Dusty/detect_solar_dust_dirty_Imgdirty_714_1.jpg,Dusty,Dusty,dirty,detect_solar_dust,train
e55aae430e6d,Data/curated/Dusty/detect_solar_dust_dirty_Imgdirty_715_1.jpg,Dusty,Dusty,dirty,detect_solar_dust,train
4312340cd5a4,Data/curated/Dusty/detect_solar_dust_dirty_Imgdirty_716_1.jpg,Dusty,Dusty,dirty,detect_solar_dust,train
c469c01e9e68,Data/curated/Dusty/detect_solar_dust_dirty_Imgdirty_717_1.jpg,Dusty,Dusty,dirty,detect_solar_dust,train
aad3923b6d70,Data/curated/Dusty/detect_solar_dust_dirty_Imgdirty_718_1.jpg,Dusty,Dusty,dirty,detect_solar_dust,train
277001d9fb7d,Data/curated/Dusty/detect_solar_dust_dirty_Imgdirty_719_1.jpg,Dusty,Dusty,dirty,detect_solar_dust,val
57657cbc619b,Data/curated/Dusty/detect_solar_dust_dirty_Imgdirty_720_1.jpg,Dusty,Dusty,dirty,detect_solar_dust,train
42465d592226,Data/curated/Dusty/detect_solar_dust_dirty_Imgdirty_721_1.jpg,Dusty,Dusty,dirty,detect_solar_dust,train
54ad3055a0c9,Data/curated/Dusty/detect_solar_dust_dirty_Imgdirty_722_1.jpg,Dusty,Dusty,dirty,detect_solar_dust,train
8f7b6b698e2a,Data/curated/Dusty/detect_solar_dust_dirty_Imgdirty_723_1.jpg,Dusty,Dusty,dirty,detect_solar_dust,val
76040a69f901,Data/curated/Dusty/detect_solar_dust_dirty_Imgdirty_724_1.jpg,Dusty,Dusty,dirty,detect_solar_dust,train
07de1a156399,Data/curated/Dusty/detect_solar_dust_dirty_Imgdirty_725_1.jpg,Dusty,Dusty,dirty,detect_solar_dust,test
17d068ec4cbc,Data/curated/Dusty/detect_solar_dust_dirty_Imgdirty_727_1.jpg,Dusty,Dusty,dirty,detect_solar_dust,train
99d625401eed,Data/curated/Dusty/detect_solar_dust_dirty_Imgdirty_728_1.jpg,Dusty,Dusty,dirty,detect_solar_dust,train
73befbc82370,Data/curated/Dusty/detect_solar_dust_dirty_Imgdirty_72_1.jpg,Dusty,Dusty,dirty,detect_solar_dust,train
6fe12d4e8775,Data/curated/Dusty/detect_solar_dust_dirty_Imgdirty_730_1.jpg,Dusty,Dusty,dirty,detect_solar_dust,train
c0f470eef9bc,Data/curated/Dusty/detect_solar_dust_dirty_Imgdirty_731_1.jpg,Dusty,Dusty,dirty,detect_solar_dust,train
fad0d29d2bf2,Data/curated/Dusty/detect_solar_dust_dirty_Imgdirty_732_1.jpg,Dusty,Dusty,dirty,detect_solar_dust,val
4ece8754354a,Data/curated/Dusty/detect_solar_dust_dirty_Imgdirty_733_1.jpg,Dusty,Dusty,dirty,detect_solar_dust,train
8fb6d510e26e,Data/curated/Dusty/detect_solar_dust_dirty_Imgdirty_734_1.jpg,Dusty,Dusty,dirty,detect_solar_dust,train
0af495476756,Data/curated/Dusty/detect_solar_dust_dirty_Imgdirty_735_1.jpg,Dusty,Dusty,dirty,detect_solar_dust,train
e03e788ff934,Data/curated/Dusty/detect_solar_dust_dirty_Imgdirty_736_1.jpg,Dusty,Dusty,dirty,detect_solar_dust,train
2bbbc71b4276,Data/curated/Dusty/detect_solar_dust_dirty_Imgdirty_737_1.jpg,Dusty,Dusty,dirty,detect_solar_dust,train
f8ca72d8e4b5,Data/curated/Dusty/detect_solar_dust_dirty_Imgdirty_738_1.jpg,Dusty,Dusty,dirty,detect_solar_dust,train
695ff9da2b79,Data/curated/Dusty/detect_solar_dust_dirty_Imgdirty_73_1.jpg,Dusty,Dusty,dirty,detect_solar_dust,train
4b4bf0c0b31e,Data/curated/Dusty/detect_solar_dust_dirty_Imgdirty_740_1.jpg,Dusty,Dusty,dirty,detect_solar_dust,train
3b46fa1615f5,Data/curated/Dusty/detect_solar_dust_dirty_Imgdirty_741_1.jpg,Dusty,Dusty,dirty,detect_solar_dust,train
181678a3d0a4,Data/curated/Dusty/detect_solar_dust_dirty_Imgdirty_742_1.jpg,Dusty,Dusty,dirty,detect_solar_dust,train
d4cb70958caa,Data/curated/Dusty/detect_solar_dust_dirty_Imgdirty_743_1.jpg,Dusty,Dusty,dirty,detect_solar_dust,val
6bd2cb40d6c3,Data/curated/Dusty/detect_solar_dust_dirty_Imgdirty_744_1.jpg,Dusty,Dusty,dirty,detect_solar_dust,test
6e757b2dcb0a,Data/curated/Dusty/detect_solar_dust_dirty_Imgdirty_745_1.jpg,Dusty,Dusty,dirty,detect_solar_dust,train
e6cee7ba523e,Data/curated/Dusty/detect_solar_dust_dirty_Imgdirty_748_1.jpg,Dusty,Dusty,dirty,detect_solar_dust,train
bed4603daec9,Data/curated/Dusty/detect_solar_dust_dirty_Imgdirty_74_1.jpg,Dusty,Dusty,dirty,detect_solar_dust,train
458650e0e5f9,Data/curated/Dusty/detect_solar_dust_dirty_Imgdirty_751_1.jpg,Dusty,Dusty,dirty,detect_solar_dust,test
51c116139e1b,Data/curated/Dusty/detect_solar_dust_dirty_Imgdirty_753_1.jpg,Dusty,Dusty,dirty,detect_solar_dust,test
90e0a34f67aa,Data/curated/Dusty/detect_solar_dust_dirty_Imgdirty_754_1.jpg,Dusty,Dusty,dirty,detect_solar_dust,test
57e1cc5bd152,Data/curated/Dusty/detect_solar_dust_dirty_Imgdirty_762_1.jpg,Dusty,Dusty,dirty,detect_solar_dust,train
b80442ada023,Data/curated/Dusty/detect_solar_dust_dirty_Imgdirty_763_1.jpg,Dusty,Dusty,dirty,detect_solar_dust,train
bb7af10a83ee,Data/curated/Dusty/detect_solar_dust_dirty_Imgdirty_764_1.jpg,Dusty,Dusty,dirty,detect_solar_dust,train
d6e06f29face,Data/curated/Dusty/detect_solar_dust_dirty_Imgdirty_765_1.jpg,Dusty,Dusty,dirty,detect_solar_dust,train
ec663e3b8eb8,Data/curated/Dusty/detect_solar_dust_dirty_Imgdirty_766_1.jpg,Dusty,Dusty,dirty,detect_solar_dust,train
2976b9971821,Data/curated/Dusty/detect_solar_dust_dirty_Imgdirty_767_1.jpg,Dusty,Dusty,dirty,detect_solar_dust,train
bb869c87d82d,Data/curated/Dusty/detect_solar_dust_dirty_Imgdirty_769_1.jpg,Dusty,Dusty,dirty,detect_solar_dust,train
dc8df5a00ce8,Data/curated/Dusty/detect_solar_dust_dirty_Imgdirty_770_1.jpg,Dusty,Dusty,dirty,detect_solar_dust,train
aa9a359eb877,Data/curated/Dusty/detect_solar_dust_dirty_Imgdirty_771_1.jpg,Dusty,Dusty,dirty,detect_solar_dust,train
512387cf708f,Data/curated/Dusty/detect_solar_dust_dirty_Imgdirty_772_1.jpg,Dusty,Dusty,dirty,detect_solar_dust,train
0b0daa3b30dd,Data/curated/Dusty/detect_solar_dust_dirty_Imgdirty_773_1.jpg,Dusty,Dusty,dirty,detect_solar_dust,val
cb12d3c12b56,Data/curated/Dusty/detect_solar_dust_dirty_Imgdirty_774_1.jpg,Dusty,Dusty,dirty,detect_solar_dust,train
5d8259883c7d,Data/curated/Dusty/detect_solar_dust_dirty_Imgdirty_775_1.jpg,Dusty,Dusty,dirty,detect_solar_dust,train
1fe1c01ee105,Data/curated/Dusty/detect_solar_dust_dirty_Imgdirty_776_1.jpg,Dusty,Dusty,dirty,detect_solar_dust,train
d4c90606c7c1,Data/curated/Dusty/detect_solar_dust_dirty_Imgdirty_777_1.jpg,Dusty,Dusty,dirty,detect_solar_dust,train
f25d901150f1,Data/curated/Dusty/detect_solar_dust_dirty_Imgdirty_778_1.jpg,Dusty,Dusty,dirty,detect_solar_dust,train
2d948a26e7ec,Data/curated/Dusty/detect_solar_dust_dirty_Imgdirty_779_1.jpg,Dusty,Dusty,dirty,detect_solar_dust,train
43e82e7b79aa,Data/curated/Dusty/detect_solar_dust_dirty_Imgdirty_77_1.jpg,Dusty,Dusty,dirty,detect_solar_dust,train
f627557507f2,Data/curated/Dusty/detect_solar_dust_dirty_Imgdirty_781_1.jpg,Dusty,Dusty,dirty,detect_solar_dust,train
18d3a4ed224c,Data/curated/Dusty/detect_solar_dust_dirty_Imgdirty_782_1.jpg,Dusty,Dusty,dirty,detect_solar_dust,train
d92c7844934e,Data/curated/Dusty/detect_solar_dust_dirty_Imgdirty_783_1.jpg,Dusty,Dusty,dirty,detect_solar_dust,train
1fdc85dedab4,Data/curated/Dusty/detect_solar_dust_dirty_Imgdirty_784_1.jpg,Dusty,Dusty,dirty,detect_solar_dust,train
c7476e9b3a50,Data/curated/Dusty/detect_solar_dust_dirty_Imgdirty_785_1.jpg,Dusty,Dusty,dirty,detect_solar_dust,train
92c0b16a5c66,Data/curated/Dusty/detect_solar_dust_dirty_Imgdirty_786_1.jpg,Dusty,Dusty,dirty,detect_solar_dust,train
cc5f962b196e,Data/curated/Dusty/detect_solar_dust_dirty_Imgdirty_788_1.jpg,Dusty,Dusty,dirty,detect_solar_dust,train
f2bdfc2995f5,Data/curated/Dusty/detect_solar_dust_dirty_Imgdirty_789_1.jpg,Dusty,Dusty,dirty,detect_solar_dust,train
b3d215919cd2,Data/curated/Dusty/detect_solar_dust_dirty_Imgdirty_790_1.jpg,Dusty,Dusty,dirty,detect_solar_dust,train
758d39503695,Data/curated/Dusty/detect_solar_dust_dirty_Imgdirty_792_1.jpg,Dusty,Dusty,dirty,detect_solar_dust,test
d5bfe841390c,Data/curated/Dusty/detect_solar_dust_dirty_Imgdirty_793_1.jpg,Dusty,Dusty,dirty,detect_solar_dust,val
f539bf7e88dc,Data/curated/Dusty/detect_solar_dust_dirty_Imgdirty_794_1.jpg,Dusty,Dusty,dirty,detect_solar_dust,train
d3a88c1f253c,Data/curated/Dusty/detect_solar_dust_dirty_Imgdirty_795_1.jpg,Dusty,Dusty,dirty,detect_solar_dust,train
fda69c0f228c,Data/curated/Dusty/detect_solar_dust_dirty_Imgdirty_796_1.jpg,Dusty,Dusty,dirty,detect_solar_dust,train
bd5fcb51d1cc,Data/curated/Dusty/detect_solar_dust_dirty_Imgdirty_797_1.jpg,Dusty,Dusty,dirty,detect_solar_dust,train
8fd5b32347bd,Data/curated/Dusty/detect_solar_dust_dirty_Imgdirty_799_1.jpg,Dusty,Dusty,dirty,detect_solar_dust,train
15764fba38a9,Data/curated/Dusty/detect_solar_dust_dirty_Imgdirty_79_1.jpg,Dusty,Dusty,dirty,detect_solar_dust,test
f1d68819a138,Data/curated/Dusty/detect_solar_dust_dirty_Imgdirty_7_1.jpg,Dusty,Dusty,dirty,detect_solar_dust,val
0f006eb0ae32,Data/curated/Dusty/detect_solar_dust_dirty_Imgdirty_800_1.jpg,Dusty,Dusty,dirty,detect_solar_dust,val
382387e37679,Data/curated/Dusty/detect_solar_dust_dirty_Imgdirty_802_1.jpg,Dusty,Dusty,dirty,detect_solar_dust,test
864414293a7a,Data/curated/Dusty/detect_solar_dust_dirty_Imgdirty_803_1.jpg,Dusty,Dusty,dirty,detect_solar_dust,train
37e7a63b004a,Data/curated/Dusty/detect_solar_dust_dirty_Imgdirty_804_1.jpg,Dusty,Dusty,dirty,detect_solar_dust,train
85d1544e9a3b,Data/curated/Dusty/detect_solar_dust_dirty_Imgdirty_805_1.jpg,Dusty,Dusty,dirty,detect_solar_dust,train
4ee2f770a807,Data/curated/Dusty/detect_solar_dust_dirty_Imgdirty_806_1.jpg,Dusty,Dusty,dirty,detect_solar_dust,train
53d315230b0a,Data/curated/Dusty/detect_solar_dust_dirty_Imgdirty_807_1.jpg,Dusty,Dusty,dirty,detect_solar_dust,train
3de88a132b9a,Data/curated/Dusty/detect_solar_dust_dirty_Imgdirty_80_1.jpg,Dusty,Dusty,dirty,detect_solar_dust,train
9dfbb818768a,Data/curated/Dusty/detect_solar_dust_dirty_Imgdirty_810_1.jpg,Dusty,Dusty,dirty,detect_solar_dust,train
50747bd9e110,Data/curated/Dusty/detect_solar_dust_dirty_Imgdirty_811_1.jpg,Dusty,Dusty,dirty,detect_solar_dust,train
64e2373f1bf3,Data/curated/Dusty/detect_solar_dust_dirty_Imgdirty_813_1.jpg,Dusty,Dusty,dirty,detect_solar_dust,train
ed64e124fa37,Data/curated/Dusty/detect_solar_dust_dirty_Imgdirty_816_1.jpg,Dusty,Dusty,dirty,detect_solar_dust,train
b4a0ba9ec41e,Data/curated/Dusty/detect_solar_dust_dirty_Imgdirty_817_1.jpg,Dusty,Dusty,dirty,detect_solar_dust,val
b64f69eb120b,Data/curated/Dusty/detect_solar_dust_dirty_Imgdirty_818_1.jpg,Dusty,Dusty,dirty,detect_solar_dust,train
48e2eb7ea66f,Data/curated/Dusty/detect_solar_dust_dirty_Imgdirty_819_1.jpg,Dusty,Dusty,dirty,detect_solar_dust,train
7c57205bc71f,Data/curated/Dusty/detect_solar_dust_dirty_Imgdirty_820_1.jpg,Dusty,Dusty,dirty,detect_solar_dust,val
6eb73a91f95d,Data/curated/Dusty/detect_solar_dust_dirty_Imgdirty_825_1.jpg,Dusty,Dusty,dirty,detect_solar_dust,val
94377f480802,Data/curated/Dusty/detect_solar_dust_dirty_Imgdirty_827_1.jpg,Dusty,Dusty,dirty,detect_solar_dust,train
badd2706f803,Data/curated/Dusty/detect_solar_dust_dirty_Imgdirty_828_1.jpg,Dusty,Dusty,dirty,detect_solar_dust,val
baab23bff3ea,Data/curated/Dusty/detect_solar_dust_dirty_Imgdirty_830_1.jpg,Dusty,Dusty,dirty,detect_solar_dust,test
1859b3c186f3,Data/curated/Dusty/detect_solar_dust_dirty_Imgdirty_831_1.jpg,Dusty,Dusty,dirty,detect_solar_dust,train
7eb0f604919b,Data/curated/Dusty/detect_solar_dust_dirty_Imgdirty_832_1.jpg,Dusty,Dusty,dirty,detect_solar_dust,train
88eada86bd22,Data/curated/Dusty/detect_solar_dust_dirty_Imgdirty_833_1.jpg,Dusty,Dusty,dirty,detect_solar_dust,train
6a3c2746ee04,Data/curated/Dusty/detect_solar_dust_dirty_Imgdirty_834_1.jpg,Dusty,Dusty,dirty,detect_solar_dust,test
3c02414442fc,Data/curated/Dusty/detect_solar_dust_dirty_Imgdirty_835_1.jpg,Dusty,Dusty,dirty,detect_solar_dust,val
d66a134719fe,Data/curated/Dusty/detect_solar_dust_dirty_Imgdirty_836_1.jpg,Dusty,Dusty,dirty,detect_solar_dust,train
1ecd156324ed,Data/curated/Dusty/detect_solar_dust_dirty_Imgdirty_837_1.jpg,Dusty,Dusty,dirty,detect_solar_dust,train
6e3f3491e4d0,Data/curated/Dusty/detect_solar_dust_dirty_Imgdirty_838_1.jpg,Dusty,Dusty,dirty,detect_solar_dust,train
0337f466c382,Data/curated/Dusty/detect_solar_dust_dirty_Imgdirty_839_1.jpg,Dusty,Dusty,dirty,detect_solar_dust,train
e4d0ff740313,Data/curated/Dusty/detect_solar_dust_dirty_Imgdirty_840_1.jpg,Dusty,Dusty,dirty,detect_solar_dust,train
bdb24de20a4f,Data/curated/Dusty/detect_solar_dust_dirty_Imgdirty_841_1.jpg,Dusty,Dusty,dirty,detect_solar_dust,train
d31f9da0153b,Data/curated/Dusty/detect_solar_dust_dirty_Imgdirty_842_1.jpg,Dusty,Dusty,dirty,detect_solar_dust,val
91a10b5e861b,Data/curated/Dusty/detect_solar_dust_dirty_Imgdirty_843_1.jpg,Dusty,Dusty,dirty,detect_solar_dust,train
4cbf8b008ef7,Data/curated/Dusty/detect_solar_dust_dirty_Imgdirty_844_1.jpg,Dusty,Dusty,dirty,detect_solar_dust,train
e98326ac2716,Data/curated/Dusty/detect_solar_dust_dirty_Imgdirty_845_1.jpg,Dusty,Dusty,dirty,detect_solar_dust,train
6d1f2c5a0a40,Data/curated/Dusty/detect_solar_dust_dirty_Imgdirty_846_1.jpg,Dusty,Dusty,dirty,detect_solar_dust,train
36533b608ae4,Data/curated/Dusty/detect_solar_dust_dirty_Imgdirty_847_1.jpg,Dusty,Dusty,dirty,detect_solar_dust,train
71e89bd8b89f,Data/curated/Dusty/detect_solar_dust_dirty_Imgdirty_850_1.jpg,Dusty,Dusty,dirty,detect_solar_dust,train
cfc520ef6f6c,Data/curated/Dusty/detect_solar_dust_dirty_Imgdirty_851_1.jpg,Dusty,Dusty,dirty,detect_solar_dust,train
81970afe82e7,Data/curated/Dusty/detect_solar_dust_dirty_Imgdirty_852_1.jpg,Dusty,Dusty,dirty,detect_solar_dust,train
44cefa444309,Data/curated/Dusty/detect_solar_dust_dirty_Imgdirty_854_1.jpg,Dusty,Dusty,dirty,detect_solar_dust,train
85660d40444e,Data/curated/Dusty/detect_solar_dust_dirty_Imgdirty_855_1.jpg,Dusty,Dusty,dirty,detect_solar_dust,train
aabe9e8bde42,Data/curated/Dusty/detect_solar_dust_dirty_Imgdirty_856_1.jpg,Dusty,Dusty,dirty,detect_solar_dust,train
c0392741d052,Data/curated/Dusty/detect_solar_dust_dirty_Imgdirty_858_1.jpg,Dusty,Dusty,dirty,detect_solar_dust,train
18e05f388eb0,Data/curated/Dusty/detect_solar_dust_dirty_Imgdirty_859_1.jpg,Dusty,Dusty,dirty,detect_solar_dust,train
1f4c9f00a98f,Data/curated/Dusty/detect_solar_dust_dirty_Imgdirty_85_1.jpg,Dusty,Dusty,dirty,detect_solar_dust,val
93e04dc05704,Data/curated/Dusty/detect_solar_dust_dirty_Imgdirty_860_1.jpg,Dusty,Dusty,dirty,detect_solar_dust,train
a0cc3fa7a10c,Data/curated/Dusty/detect_solar_dust_dirty_Imgdirty_861_1.jpg,Dusty,Dusty,dirty,detect_solar_dust,test
6f17755bc86a,Data/curated/Dusty/detect_solar_dust_dirty_Imgdirty_862_1.jpg,Dusty,Dusty,dirty,detect_solar_dust,val
63f8beb8dc36,Data/curated/Dusty/detect_solar_dust_dirty_Imgdirty_863_1.jpg,Dusty,Dusty,dirty,detect_solar_dust,train
763ba83897e8,Data/curated/Dusty/detect_solar_dust_dirty_Imgdirty_864_1.jpg,Dusty,Dusty,dirty,detect_solar_dust,train
503010f73ade,Data/curated/Dusty/detect_solar_dust_dirty_Imgdirty_866_1.jpg,Dusty,Dusty,dirty,detect_solar_dust,train
8afa2c3c9c1b,Data/curated/Dusty/detect_solar_dust_dirty_Imgdirty_867_1.jpg,Dusty,Dusty,dirty,detect_solar_dust,train
9b1d50a2a6bb,Data/curated/Dusty/detect_solar_dust_dirty_Imgdirty_868_1.jpg,Dusty,Dusty,dirty,detect_solar_dust,train
56daaa5ed40f,Data/curated/Dusty/detect_solar_dust_dirty_Imgdirty_86_1.jpg,Dusty,Dusty,dirty,detect_solar_dust,train
1f2e487c5e7d,Data/curated/Dusty/detect_solar_dust_dirty_Imgdirty_870_1.jpg,Dusty,Dusty,dirty,detect_solar_dust,train
277f7ff8932c,Data/curated/Dusty/detect_solar_dust_dirty_Imgdirty_871_1.jpg,Dusty,Dusty,dirty,detect_solar_dust,train
85f6cfef9d31,Data/curated/Dusty/detect_solar_dust_dirty_Imgdirty_872_1.jpg,Dusty,Dusty,dirty,detect_solar_dust,val
f2b2a004497f,Data/curated/Dusty/detect_solar_dust_dirty_Imgdirty_874_1.jpg,Dusty,Dusty,dirty,detect_solar_dust,train
85d2141072f7,Data/curated/Dusty/detect_solar_dust_dirty_Imgdirty_876_1.jpg,Dusty,Dusty,dirty,detect_solar_dust,train
1b00e74e1a59,Data/curated/Dusty/detect_solar_dust_dirty_Imgdirty_877_1.jpg,Dusty,Dusty,dirty,detect_solar_dust,train
e6d19ae2a4ca,Data/curated/Dusty/detect_solar_dust_dirty_Imgdirty_878_1.jpg,Dusty,Dusty,dirty,detect_solar_dust,val
7134867762ff,Data/curated/Dusty/detect_solar_dust_dirty_Imgdirty_879_1.jpg,Dusty,Dusty,dirty,detect_solar_dust,train
b32dc7725f15,Data/curated/Dusty/detect_solar_dust_dirty_Imgdirty_881_1.jpg,Dusty,Dusty,dirty,detect_solar_dust,train
7530a4f8ee9b,Data/curated/Dusty/detect_solar_dust_dirty_Imgdirty_882_1.jpg,Dusty,Dusty,dirty,detect_solar_dust,train
c244ea05759a,Data/curated/Dusty/detect_solar_dust_dirty_Imgdirty_883_1.jpg,Dusty,Dusty,dirty,detect_solar_dust,val
1a5b12ed890b,Data/curated/Dusty/detect_solar_dust_dirty_Imgdirty_884_1.jpg,Dusty,Dusty,dirty,detect_solar_dust,train
0975fc16aec4,Data/curated/Dusty/detect_solar_dust_dirty_Imgdirty_887_1.jpg,Dusty,Dusty,dirty,detect_solar_dust,train
869014c33f42,Data/curated/Dusty/detect_solar_dust_dirty_Imgdirty_890_1.jpg,Dusty,Dusty,dirty,detect_solar_dust,test
fc76e4f8883c,Data/curated/Dusty/detect_solar_dust_dirty_Imgdirty_892_1.jpg,Dusty,Dusty,dirty,detect_solar_dust,train
78684191b6f8,Data/curated/Dusty/detect_solar_dust_dirty_Imgdirty_894_1.jpg,Dusty,Dusty,dirty,detect_solar_dust,test
e3c224d86a3f,Data/curated/Dusty/detect_solar_dust_dirty_Imgdirty_897_1.jpg,Dusty,Dusty,dirty,detect_solar_dust,train
eda728da9c03,Data/curated/Dusty/detect_solar_dust_dirty_Imgdirty_899_1.jpg,Dusty,Dusty,dirty,detect_solar_dust,train
4f63f983b7c4,Data/curated/Dusty/detect_solar_dust_dirty_Imgdirty_89_1.jpg,Dusty,Dusty,dirty,detect_solar_dust,train
e2bf17d92d20,Data/curated/Dusty/detect_solar_dust_dirty_Imgdirty_902_1.jpg,Dusty,Dusty,dirty,detect_solar_dust,train
39945c7febbe,Data/curated/Dusty/detect_solar_dust_dirty_Imgdirty_905_1.jpg,Dusty,Dusty,dirty,detect_solar_dust,train
b69839b90500,Data/curated/Dusty/detect_solar_dust_dirty_Imgdirty_906_1.jpg,Dusty,Dusty,dirty,detect_solar_dust,test
718352f56edc,Data/curated/Dusty/detect_solar_dust_dirty_Imgdirty_908_1.jpg,Dusty,Dusty,dirty,detect_solar_dust,train
4eaf01f4d330,Data/curated/Dusty/detect_solar_dust_dirty_Imgdirty_909_1.jpg,Dusty,Dusty,dirty,detect_solar_dust,train
d0e6d0dada88,Data/curated/Dusty/detect_solar_dust_dirty_Imgdirty_910_1.jpg,Dusty,Dusty,dirty,detect_solar_dust,test
4e3636a05204,Data/curated/Dusty/detect_solar_dust_dirty_Imgdirty_913_1.jpg,Dusty,Dusty,dirty,detect_solar_dust,train
fd74a815721e,Data/curated/Dusty/detect_solar_dust_dirty_Imgdirty_914_1.jpg,Dusty,Dusty,dirty,detect_solar_dust,train
b20f448e9a58,Data/curated/Dusty/detect_solar_dust_dirty_Imgdirty_916_1.jpg,Dusty,Dusty,dirty,detect_solar_dust,train
a980fae8d8c8,Data/curated/Dusty/detect_solar_dust_dirty_Imgdirty_917_1.jpg,Dusty,Dusty,dirty,detect_solar_dust,train
aed044ad0257,Data/curated/Dusty/detect_solar_dust_dirty_Imgdirty_922_1.jpg,Dusty,Dusty,dirty,detect_solar_dust,train
8415d2a9c865,Data/curated/Dusty/detect_solar_dust_dirty_Imgdirty_924_1.jpg,Dusty,Dusty,dirty,detect_solar_dust,train
da34f50e5f41,Data/curated/Dusty/detect_solar_dust_dirty_Imgdirty_926_1.jpg,Dusty,Dusty,dirty,detect_solar_dust,test
e76be44718d6,Data/curated/Dusty/detect_solar_dust_dirty_Imgdirty_934_1.jpg,Dusty,Dusty,dirty,detect_solar_dust,test
2bda0c987da3,Data/curated/Dusty/detect_solar_dust_dirty_Imgdirty_936_1.jpg,Dusty,Dusty,dirty,detect_solar_dust,train
1449c94106f5,Data/curated/Dusty/detect_solar_dust_dirty_Imgdirty_939_1.jpg,Dusty,Dusty,dirty,detect_solar_dust,train
24a26f186905,Data/curated/Dusty/detect_solar_dust_dirty_Imgdirty_94_1.jpg,Dusty,Dusty,dirty,detect_solar_dust,train
a5ed4ace9514,Data/curated/Dusty/detect_solar_dust_dirty_Imgdirty_95_1.jpg,Dusty,Dusty,dirty,detect_solar_dust,train
ed3d56224702,Data/curated/Dusty/detect_solar_dust_dirty_Imgdirty_972_1.jpg,Dusty,Dusty,dirty,detect_solar_dust,val
bb4644194b71,Data/curated/Dusty/detect_solar_dust_dirty_Imgdirty_974_1.jpg,Dusty,Dusty,dirty,detect_solar_dust,train
4285fbe286da,Data/curated/Dusty/detect_solar_dust_dirty_Imgdirty_975_1.jpg,Dusty,Dusty,dirty,detect_solar_dust,train
1bdc12283627,Data/curated/Dusty/detect_solar_dust_dirty_Imgdirty_976_1.jpg,Dusty,Dusty,dirty,detect_solar_dust,train
d65c1e430ebe,Data/curated/Dusty/detect_solar_dust_dirty_Imgdirty_977_1.jpg,Dusty,Dusty,dirty,detect_solar_dust,train
6f47bab1ef66,Data/curated/Dusty/detect_solar_dust_dirty_Imgdirty_978_1.jpg,Dusty,Dusty,dirty,detect_solar_dust,train
337833e09e50,Data/curated/Dusty/detect_solar_dust_dirty_Imgdirty_979_1.jpg,Dusty,Dusty,dirty,detect_solar_dust,train
9584505f8c14,Data/curated/Dusty/detect_solar_dust_dirty_Imgdirty_97_1.jpg,Dusty,Dusty,dirty,detect_solar_dust,train
b9396f71f6e0,Data/curated/Dusty/detect_solar_dust_dirty_Imgdirty_980_1.jpg,Dusty,Dusty,dirty,detect_solar_dust,train
a74ca302224d,Data/curated/Dusty/detect_solar_dust_dirty_Imgdirty_982_1.jpg,Dusty,Dusty,dirty,detect_solar_dust,val
0d369ab38534,Data/curated/Dusty/detect_solar_dust_dirty_Imgdirty_983_1.jpg,Dusty,Dusty,dirty,detect_solar_dust,test
af3bc39286c5,Data/curated/Dusty/detect_solar_dust_dirty_Imgdirty_984_1.jpg,Dusty,Dusty,dirty,detect_solar_dust,val
4d4a0309949d,Data/curated/Dusty/detect_solar_dust_dirty_Imgdirty_987_1.jpg,Dusty,Dusty,dirty,detect_solar_dust,test
e92211849c0a,Data/curated/Dusty/detect_solar_dust_dirty_Imgdirty_989_1.jpg,Dusty,Dusty,dirty,detect_solar_dust,train
b13875a53b5d,Data/curated/Dusty/detect_solar_dust_dirty_Imgdirty_992_1.jpg,Dusty,Dusty,dirty,detect_solar_dust,train
d66928a1bb2d,Data/curated/Dusty/detect_solar_dust_dirty_Imgdirty_993_1.jpg,Dusty,Dusty,dirty,detect_solar_dust,train
e2c54d9f1909,Data/curated/Dusty/detect_solar_dust_dirty_Imgdirty_995_1.jpg,Dusty,Dusty,dirty,detect_solar_dust,train
8d36803b33c5,Data/curated/Dusty/detect_solar_dust_dirty_Imgdirty_997_1.jpg,Dusty,Dusty,dirty,detect_solar_dust,train
4c68e39ac41e,Data/curated/Dusty/detect_solar_dust_dirty_Imgdirty_998_1.jpg,Dusty,Dusty,dirty,detect_solar_dust,test
878237be0ba4,Data/curated/Dusty/detect_solar_dust_dirty_Imgdirty_999_1.jpg,Dusty,Dusty,dirty,detect_solar_dust,train
61c5b9ddb356,Data/curated/Dusty/detect_solar_dust_dirty_Imgdirty_99_1.jpg,Dusty,Dusty,dirty,detect_solar_dust,val
9b5967e5f4e4,Data/curated/Dusty/detect_solar_dust_dirty_Imgdirty_9_1.jpg,Dusty,Dusty,dirty,detect_solar_dust,val
164e145dd655,Data/curated/Dusty/faulty_solar_panel_dirty_Copy of 1.JPG,Dusty,Dusty,dirty,faulty_solar_panel,val
8bb6a0b7e128,Data/curated/Dusty/faulty_solar_panel_dirty_Copy of 10.JPG,Dusty,Dusty,dirty,faulty_solar_panel,val
0556b9aa9885,Data/curated/Dusty/faulty_solar_panel_dirty_Copy of 11.JPG,Dusty,Dusty,dirty,faulty_solar_panel,test
d7a305f54eea,Data/curated/Dusty/faulty_solar_panel_dirty_Copy of 12.JPG,Dusty,Dusty,dirty,faulty_solar_panel,val
c49a4b01af05,Data/curated/Dusty/faulty_solar_panel_dirty_Copy of 13.JPG,Dusty,Dusty,dirty,faulty_solar_panel,train
32b1cf1bd168,Data/curated/Dusty/faulty_solar_panel_dirty_Copy of 14.JPG,Dusty,Dusty,dirty,faulty_solar_panel,val
39b940f26acc,Data/curated/Dusty/faulty_solar_panel_dirty_Copy of 15.JPG,Dusty,Dusty,dirty,faulty_solar_panel,test
95803edb634e,Data/curated/Dusty/faulty_solar_panel_dirty_Copy of 16.JPG,Dusty,Dusty,dirty,faulty_solar_panel,train
a3ce2c0eaeb0,Data/curated/Dusty/faulty_solar_panel_dirty_Copy of 2.JPG,Dusty,Dusty,dirty,faulty_solar_panel,val
5b85bc4b6f19,Data/curated/Dusty/faulty_solar_panel_dirty_Copy of 3.JPG,Dusty,Dusty,dirty,faulty_solar_panel,val
43e005d5bfae,Data/curated/Dusty/faulty_solar_panel_dirty_Copy of 4.JPG,Dusty,Dusty,dirty,faulty_solar_panel,test
7a9ff5c0ef8d,Data/curated/Dusty/faulty_solar_panel_dirty_Copy of 6.JPG,Dusty,Dusty,dirty,faulty_solar_panel,train
c2d83628f4df,Data/curated/Dusty/faulty_solar_panel_dirty_Copy of 7.JPG,Dusty,Dusty,dirty,faulty_solar_panel,train
eb3f7cd003ba,Data/curated/Dusty/faulty_solar_panel_dirty_Copy of 8.JPG,Dusty,Dusty,dirty,faulty_solar_panel,test
3854c66ae9ff,Data/curated/Dusty/faulty_solar_panel_dirty_Copy of 9.JPG,Dusty,Dusty,dirty,faulty_solar_panel,train
2da052d5f1d0,Data/curated/Dusty/faulty_solar_panel_dirty_Copy of Bird (1).jpeg,Dusty,Dusty,dirty,faulty_solar_panel,val
126c95b6f899,Data/curated/Dusty/faulty_solar_panel_dirty_Copy of Bird (11).jpg,Dusty,Dusty,dirty,faulty_solar_panel,test
31cd30d5f034,Data/curated/Dusty/faulty_solar_panel_dirty_Copy of Bird (134).JPG,Dusty,Dusty,dirty,faulty_solar_panel,train
c1bfb174af90,Data/curated/Dusty/faulty_solar_panel_dirty_Copy of Bird (135).jpg,Dusty,Dusty,dirty,faulty_solar_panel,train
64ce6457df92,Data/curated/Dusty/faulty_solar_panel_dirty_Copy of Bird (136).JPG,Dusty,Dusty,dirty,faulty_solar_panel,train
374b514c09ac,Data/curated/Dusty/faulty_solar_panel_dirty_Copy of Bird (137).JPG,Dusty,Dusty,dirty,faulty_solar_panel,train
f1e95a46e41e,Data/curated/Dusty/faulty_solar_panel_dirty_Copy of Bird (138).JPG,Dusty,Dusty,dirty,faulty_solar_panel,val
3cad92bed2f5,Data/curated/Dusty/faulty_solar_panel_dirty_Copy of Bird (14).JPG,Dusty,Dusty,dirty,faulty_solar_panel,train
8a73deaaa83b,Data/curated/Dusty/faulty_solar_panel_dirty_Copy of Bird (149).jpg,Dusty,Dusty,dirty,faulty_solar_panel,train
da6614fd6440,Data/curated/Dusty/faulty_solar_panel_dirty_Copy of Bird (15).JPG,Dusty,Dusty,dirty,faulty_solar_panel,train
9ea5c0becd45,Data/curated/Dusty/faulty_solar_panel_dirty_Copy of Bird (159).jpg,Dusty,Dusty,dirty,faulty_solar_panel,train
f7687aee0543,Data/curated/Dusty/faulty_solar_panel_dirty_Copy of Bird (16).JPG,Dusty,Dusty,dirty,faulty_solar_panel,train
3df8d14f8c4c,Data/curated/Dusty/faulty_solar_panel_dirty_Copy of Bird (167).JPG,Dusty,Dusty,dirty,faulty_solar_panel,test
c89e6c1b8f6d,Data/curated/Dusty/faulty_solar_panel_dirty_Copy of Bird (169).jpg,Dusty,Dusty,dirty,faulty_solar_panel,train
ae38d1e4c656,Data/curated/Dusty/faulty_solar_panel_dirty_Copy of Bird (17).jpg,Dusty,Dusty,dirty,faulty_solar_panel,train
f1b5ead73f61,Data/curated/Dusty/faulty_solar_panel_dirty_Copy of Bird (170).JPG,Dusty,Dusty,dirty,faulty_solar_panel,test
2aa15c2ad5d9,Data/curated/Dusty/faulty_solar_panel_dirty_Copy of Bird (171).JPG,Dusty,Dusty,dirty,faulty_solar_panel,train
a8e30e0c9a79,Data/curated/Dusty/faulty_solar_panel_dirty_Copy of Bird (173).jpg,Dusty,Dusty,dirty,faulty_solar_panel,train
cd4a2dcd4533,Data/curated/Dusty/faulty_solar_panel_dirty_Copy of Bird (175).jpg,Dusty,Dusty,dirty,faulty_solar_panel,train
a1fe9adab558,Data/curated/Dusty/faulty_solar_panel_dirty_Copy of Bird (177).jpg,Dusty,Dusty,dirty,faulty_solar_panel,test
a3256a44d2b4,Data/curated/Dusty/faulty_solar_panel_dirty_Copy of Bird (179).JPG,Dusty,Dusty,dirty,faulty_solar_panel,val
986fe5b67b37,Data/curated/Dusty/faulty_solar_panel_dirty_Copy of Bird (180).jpg,Dusty,Dusty,dirty,faulty_solar_panel,train
c83131be1565,Data/curated/Dusty/faulty_solar_panel_dirty_Copy of Bird (185).jpg,Dusty,Dusty,dirty,faulty_solar_panel,train
fd4b67bbd58b,Data/curated/Dusty/faulty_solar_panel_dirty_Copy of Bird (186).jpg,Dusty,Dusty,dirty,faulty_solar_panel,train
5c240ced2881,Data/curated/Dusty/faulty_solar_panel_dirty_Copy of Bird (187).jpg,Dusty,Dusty,dirty,faulty_solar_panel,train
f67321cc0c45,Data/curated/Dusty/faulty_solar_panel_dirty_Copy of Bird (188).jpg,Dusty,Dusty,dirty,faulty_solar_panel,train
d39e25470536,Data/curated/Dusty/faulty_solar_panel_dirty_Copy of Bird (19).jpg,Dusty,Dusty,dirty,faulty_solar_panel,val
d0d0da05bdce,Data/curated/Dusty/faulty_solar_panel_dirty_Copy of Bird (198).JPG,Dusty,Dusty,dirty,faulty_solar_panel,train
8c940e693c1e,Data/curated/Dusty/faulty_solar_panel_dirty_Copy of Bird (2).JPG,Dusty,Dusty,dirty,faulty_solar_panel,train
d15cab1a531d,Data/curated/Dusty/faulty_solar_panel_dirty_Copy of Bird (22).jpg,Dusty,Dusty,dirty,faulty_solar_panel,train
a4f9e6a69682,Data/curated/Dusty/faulty_solar_panel_dirty_Copy of Bird (23).JPG,Dusty,Dusty,dirty,faulty_solar_panel,test
0df28f145d7f,Data/curated/Dusty/faulty_solar_panel_dirty_Copy of Bird (24).JPG,Dusty,Dusty,dirty,faulty_solar_panel,test
7e28533aeacc,Data/curated/Dusty/faulty_solar_panel_dirty_Copy of Bird (25).jpg,Dusty,Dusty,dirty,faulty_solar_panel,train
6090d25ddedb,Data/curated/Dusty/faulty_solar_panel_dirty_Copy of Bird (26).JPG,Dusty,Dusty,dirty,faulty_solar_panel,train
b176dbf4e9be,Data/curated/Dusty/faulty_solar_panel_dirty_Copy of Bird (27).JPG,Dusty,Dusty,dirty,faulty_solar_panel,train
ea7721c1c80c,Data/curated/Dusty/faulty_solar_panel_dirty_Copy of Bird (28).jpg,Dusty,Dusty,dirty,faulty_solar_panel,val
cf91c0d9d01a,Data/curated/Dusty/faulty_solar_panel_dirty_Copy of Bird (29).jpg,Dusty,Dusty,dirty,faulty_solar_panel,train
04431c36d48f,Data/curated/Dusty/faulty_solar_panel_dirty_Copy of Bird (3).jpeg,Dusty,Dusty,dirty,faulty_solar_panel,train
9fc9397504a4,Data/curated/Dusty/faulty_solar_panel_dirty_Copy of Bird (3).jpg,Dusty,Dusty,dirty,faulty_solar_panel,train
393db0f695bc,Data/curated/Dusty/faulty_solar_panel_dirty_Copy of Bird (31).JPG,Dusty,Dusty,dirty,faulty_solar_panel,train
cd9e871b79e4,Data/curated/Dusty/faulty_solar_panel_dirty_Copy of Bird (32).JPG,Dusty,Dusty,dirty,faulty_solar_panel,test
69100859a06e,Data/curated/Dusty/faulty_solar_panel_dirty_Copy of Bird (33).jpg,Dusty,Dusty,dirty,faulty_solar_panel,train
89f42c5a1c90,Data/curated/Dusty/faulty_solar_panel_dirty_Copy of Bird (34).jpg,Dusty,Dusty,dirty,faulty_solar_panel,train
f4e754296f61,Data/curated/Dusty/faulty_solar_panel_dirty_Copy of Bird (35).jpg,Dusty,Dusty,dirty,faulty_solar_panel,test
d6d9ee12944d,Data/curated/Dusty/faulty_solar_panel_dirty_Copy of Bird (36).jpg,Dusty,Dusty,dirty,faulty_solar_panel,train
429901bf581e,Data/curated/Dusty/faulty_solar_panel_dirty_Copy of Bird (37).jpg,Dusty,Dusty,dirty,faulty_solar_panel,train
21859aca6edc,Data/curated/Dusty/faulty_solar_panel_dirty_Copy of Bird (39).jpg,Dusty,Dusty,dirty,faulty_solar_panel,train
b66b245dfe2e,Data/curated/Dusty/faulty_solar_panel_dirty_Copy of Bird (4).jpg,Dusty,Dusty,dirty,faulty_solar_panel,train
3075dd23cf33,Data/curated/Dusty/faulty_solar_panel_dirty_Copy of Bird (42).jpg,Dusty,Dusty,dirty,faulty_solar_panel,train
ef639e55d097,Data/curated/Dusty/faulty_solar_panel_dirty_Copy of Bird (45).jpg,Dusty,Dusty,dirty,faulty_solar_panel,train
543cc7c6d48b,Data/curated/Dusty/faulty_solar_panel_dirty_Copy of Bird (47).jpg,Dusty,Dusty,dirty,faulty_solar_panel,train
f3bb386c948f,Data/curated/Dusty/faulty_solar_panel_dirty_Copy of Bird (49).jpg,Dusty,Dusty,dirty,faulty_solar_panel,train
42ee6b83cbe9,Data/curated/Dusty/faulty_solar_panel_dirty_Copy of Bird (5).jpg,Dusty,Dusty,dirty,faulty_solar_panel,train
3c99b7d8c08b,Data/curated/Dusty/faulty_solar_panel_dirty_Copy of Bird (50).jpg,Dusty,Dusty,dirty,faulty_solar_panel,train
d30a0cc318ce,Data/curated/Dusty/faulty_solar_panel_dirty_Copy of Bird (51).jpg,Dusty,Dusty,dirty,faulty_solar_panel,train
bf632aa7faad,Data/curated/Dusty/faulty_solar_panel_dirty_Copy of Bird (56).jpg,Dusty,Dusty,dirty,faulty_solar_panel,test
e4d1cf343df5,Data/curated/Dusty/faulty_solar_panel_dirty_Copy of Bird (58).jpg,Dusty,Dusty,dirty,faulty_solar_panel,train
0732dbf12c80,Data/curated/Dusty/faulty_solar_panel_dirty_Copy of Bird (59).jpg,Dusty,Dusty,dirty,faulty_solar_panel,train
c05fbdb997de,Data/curated/Dusty/faulty_solar_panel_dirty_Copy of Bird (6).jpg,Dusty,Dusty,dirty,faulty_solar_panel,train
988c43e0ca87,Data/curated/Dusty/faulty_solar_panel_dirty_Copy of Bird (60).jpg,Dusty,Dusty,dirty,faulty_solar_panel,train
7f4db223f632,Data/curated/Dusty/faulty_solar_panel_dirty_Copy of Bird (62).jpg,Dusty,Dusty,dirty,faulty_solar_panel,test
96705f9f1181,Data/curated/Dusty/faulty_solar_panel_dirty_Copy of Bird (63).jpg,Dusty,Dusty,dirty,faulty_solar_panel,val
5d3f83744330,Data/curated/Dusty/faulty_solar_panel_dirty_Copy of Bird (66).jpg,Dusty,Dusty,dirty,faulty_solar_panel,train
cfab6713235d,Data/curated/Dusty/faulty_solar_panel_dirty_Copy of Bird (67).jpg,Dusty,Dusty,dirty,faulty_solar_panel,val
3b19cc16cd0e,Data/curated/Dusty/faulty_solar_panel_dirty_Copy of Bird (69).JPG,Dusty,Dusty,dirty,faulty_solar_panel,train
277ce32f5aa5,Data/curated/Dusty/faulty_solar_panel_dirty_Copy of Bird (71).jpg,Dusty,Dusty,dirty,faulty_solar_panel,train
6866ea849305,Data/curated/Dusty/faulty_solar_panel_dirty_Copy of Bird (72).jpg,Dusty,Dusty,dirty,faulty_solar_panel,train
fc650fc47005,Data/curated/Dusty/faulty_solar_panel_dirty_Copy of Bird (73).jpg,Dusty,Dusty,dirty,faulty_solar_panel,test
d00a6a298e0c,Data/curated/Dusty/faulty_solar_panel_dirty_Copy of Bird (8).jpg,Dusty,Dusty,dirty,faulty_solar_panel,test
b5a939b6ca31,Data/curated/Dusty/faulty_solar_panel_dirty_Copy of Bird (9).jpg,Dusty,Dusty,dirty,faulty_solar_panel,train
5d745c7bd672,Data/curated/Dusty/solnet_001_dirty_20210916_094101_2_11zon.jpg,Dusty,Dusty,dirty,solnet_001,train
32da3b0121e8,Data/curated/Dusty/solnet_001_dirty_20210916_094128.jpg,Dusty,Dusty,dirty,solnet_001,train
ee1e0f5f8c8d,Data/curated/Dusty/solnet_001_dirty_20210916_094136_4_11zon.jpg,Dusty,Dusty,dirty,solnet_001,train
5bdce06c52e2,Data/curated/Dusty/solnet_001_dirty_20210916_094142_5_11zon.jpg,Dusty,Dusty,dirty,solnet_001,test
cd27da1f664e,Data/curated/Dusty/solnet_001_dirty_20210916_094158_7_11zon.jpg,Dusty,Dusty,dirty,solnet_001,train
a3e9ae2ada12,Data/curated/Dusty/solnet_001_dirty_20210916_094435.jpg,Dusty,Dusty,dirty,solnet_001,train
3008c406e5f1,Data/curated/Dusty/solnet_001_dirty_20210916_094444_10_11zon.jpg,Dusty,Dusty,dirty,solnet_001,train
fc1df1eb7652,Data/curated/Dusty/solnet_001_dirty_20210916_094547_14_11zon.jpg,Dusty,Dusty,dirty,solnet_001,val
acca60be862b,Data/curated/Dusty/solnet_001_dirty_20210916_130059_18_11zon.jpg,Dusty,Dusty,dirty,solnet_001,train
c5649bdbcdaa,Data/curated/Dusty/solnet_001_dirty_20210916_130135_22_11zon.jpg,Dusty,Dusty,dirty,solnet_001,train
fd4441c8f305,Data/curated/Dusty/solnet_001_dirty_20210916_130205_23_11zon.jpg,Dusty,Dusty,dirty,solnet_001,train
d7ad13933412,Data/curated/Dusty/solnet_001_dirty_20210916_130210_24_11zon.jpg,Dusty,Dusty,dirty,solnet_001,train
a65b740ab96d,Data/curated/Dusty/solnet_001_dirty_20210916_130303_31_11zon.jpg,Dusty,Dusty,dirty,solnet_001,val
32ddc20bb36f,Data/curated/Dusty/solnet_001_dirty_20210916_130313_33_11zon.jpg,Dusty,Dusty,dirty,solnet_001,train
0daed498fd0c,Data/curated/Dusty/solnet_001_dirty_20210916_130422_43_11zon.jpg,Dusty,Dusty,dirty,solnet_001,train
8b8f53b7bd56,Data/curated/Dusty/solnet_001_dirty_20210916_130423_44_11zon.jpg,Dusty,Dusty,dirty,solnet_001,train
613a4b63537e,Data/curated/Dusty/solnet_001_dirty_20210916_130427_45_11zon.jpg,Dusty,Dusty,dirty,solnet_001,test
2cc983551071,Data/curated/Dusty/solnet_001_dirty_20210916_130435_48_11zon.jpg,Dusty,Dusty,dirty,solnet_001,train
cb1c07b556ed,Data/curated/Dusty/solnet_001_dirty_20210916_130441_49_11zon.jpg,Dusty,Dusty,dirty,solnet_001,val
68312bede6e0,Data/curated/Dusty/solnet_001_dirty_20210916_130450_53_11zon.jpg,Dusty,Dusty,dirty,solnet_001,val
d3710d2e5493,Data/curated/Dusty/solnet_001_dirty_20210916_130521_59_11zon.jpg,Dusty,Dusty,dirty,solnet_001,train
c7b11844e421,Data/curated/Dusty/solnet_001_dirty_20210916_130531_61_11zon.jpg,Dusty,Dusty,dirty,solnet_001,val
3323d1361407,Data/curated/Dusty/solnet_001_dirty_20210916_130537_64_11zon.jpg,Dusty,Dusty,dirty,solnet_001,train
857f6a832a79,Data/curated/Dusty/solnet_001_dirty_20210916_130825_77_11zon.jpg,Dusty,Dusty,dirty,solnet_001,train
9239d385f9eb,Data/curated/Dusty/solnet_001_dirty_20210916_130828_78_11zon.jpg,Dusty,Dusty,dirty,solnet_001,val
19aa8b0f1dc1,Data/curated/Dusty/solnet_001_dirty_20210916_130831_80_11zon.jpg,Dusty,Dusty,dirty,solnet_001,train
f46a340ed208,Data/curated/Dusty/solnet_001_dirty_20210916_130852_89_11zon.jpg,Dusty,Dusty,dirty,solnet_001,train
050108b1f282,Data/curated/Dusty/solnet_001_dirty_20210916_130856_90_11zon.jpg,Dusty,Dusty,dirty,solnet_001,train
aad13105bcc1,Data/curated/Dusty/solnet_001_dirty_20210916_130900_93_11zon.jpg,Dusty,Dusty,dirty,solnet_001,val
bdd9a1348008,Data/curated/Dusty/solnet_001_dirty_20210916_130930_99_11zon.jpg,Dusty,Dusty,dirty,solnet_001,train
91dbaf8fbed3,Data/curated/Dusty/solnet_001_dirty_20210916_130938_108_11zon.jpg,Dusty,Dusty,dirty,solnet_001,train
1f056671929c,Data/curated/Dusty/solnet_001_dirty_20210916_130939(0)_109_11zon.jpg,Dusty,Dusty,dirty,solnet_001,train
b4bc55a251ee,Data/curated/Dusty/solnet_001_dirty_20210916_130943_113_11zon.jpg,Dusty,Dusty,dirty,solnet_001,train
612ac1f9b638,Data/curated/Dusty/solnet_001_dirty_20210916_130945_114_11zon.jpg,Dusty,Dusty,dirty,solnet_001,train
4bb43a673bda,Data/curated/Dusty/solnet_001_dirty_20210916_130947_117_11zon.jpg,Dusty,Dusty,dirty,solnet_001,train
097f90e0beb4,Data/curated/Dusty/solnet_001_dirty_20210916_130949_119_11zon.jpg,Dusty,Dusty,dirty,solnet_001,train
c4082e95e017,Data/curated/Dusty/solnet_001_dirty_20210916_130950_120_11zon.jpg,Dusty,Dusty,dirty,solnet_001,val
b22dd86d2bb2,Data/curated/Dusty/solnet_001_dirty_20210916_131005(0)_133_11zon.jpg,Dusty,Dusty,dirty,solnet_001,test
cca2a238303d,Data/curated/Dusty/solnet_001_dirty_20210916_131005_134_11zon.jpg,Dusty,Dusty,dirty,solnet_001,train
dfc88318cfbe,Data/curated/Dusty/solnet_001_dirty_20210916_131009_139_11zon.jpg,Dusty,Dusty,dirty,solnet_001,test
4b4a7218f4de,Data/curated/Dusty/solnet_001_dirty_20210916_131020(0)_150_11zon.jpg,Dusty,Dusty,dirty,solnet_001,train
83834190604a,Data/curated/Dusty/solnet_001_dirty_20210916_131021_152_11zon.jpg,Dusty,Dusty,dirty,solnet_001,test
462ad3266fd1,Data/curated/Dusty/solnet_001_dirty_20210916_131026_156_11zon.jpg,Dusty,Dusty,dirty,solnet_001,train
6400d20d7f41,Data/curated/Dusty/solnet_001_dirty_20210916_131031_162_11zon.jpg,Dusty,Dusty,dirty,solnet_001,train
050848c43f41,Data/curated/Dusty/solnet_001_dirty_20210916_131042_174_11zon.jpg,Dusty,Dusty,dirty,solnet_001,train
ca361abe2a56,Data/curated/Dusty/solnet_001_dirty_20210916_131043_177_11zon.jpg,Dusty,Dusty,dirty,solnet_001,train
29ca2b470c8d,Data/curated/Dusty/solnet_001_dirty_20210916_131045(0)_178_11zon.jpg,Dusty,Dusty,dirty,solnet_001,train
780baa8dbbf0,Data/curated/Dusty/solnet_001_dirty_20210916_131047_181_11zon.jpg,Dusty,Dusty,dirty,solnet_001,train
309bd0efc90e,Data/curated/Dusty/solnet_001_dirty_20210916_131048_184_11zon.jpg,Dusty,Dusty,dirty,solnet_001,val
d1daf8af60a2,Data/curated/Dusty/solnet_001_dirty_20210916_131058_194_11zon.jpg,Dusty,Dusty,dirty,solnet_001,train
00f30b391080,Data/curated/Dusty/solnet_001_dirty_20210916_131100.jpg,Dusty,Dusty,dirty,solnet_001,train
4ff878359515,Data/curated/Dusty/solnet_001_dirty_20210916_131104_200_11zon.jpg,Dusty,Dusty,dirty,solnet_001,train
3b938bd14618,Data/curated/Dusty/solnet_001_dirty_20210916_131113(0)_205_11zon.jpg,Dusty,Dusty,dirty,solnet_001,train
bd7cf13d016b,Data/curated/Dusty/solnet_001_dirty_20210916_131114_207_11zon.jpg,Dusty,Dusty,dirty,solnet_001,train
ab9fb4522294,Data/curated/Dusty/solnet_001_dirty_20210916_131115_208_11zon.jpg,Dusty,Dusty,dirty,solnet_001,train
707e6a475b9e,Data/curated/Dusty/solnet_001_dirty_20210916_131116(0).jpg,Dusty,Dusty,dirty,solnet_001,val
804305d2b8be,Data/curated/Dusty/solnet_001_dirty_20210916_131121_215_11zon.jpg,Dusty,Dusty,dirty,solnet_001,val
4a99c32ec9a1,Data/curated/Dusty/solnet_001_dirty_20210916_131127.jpg,Dusty,Dusty,dirty,solnet_001,train
9d0d0b56f781,Data/curated/Dusty/solnet_001_dirty_20210916_131128.jpg,Dusty,Dusty,dirty,solnet_001,test
3b0cf554a119,Data/curated/Dusty/solnet_001_dirty_20210916_131130.jpg,Dusty,Dusty,dirty,solnet_001,train
05d7bdd0c83c,Data/curated/Dusty/solnet_001_dirty_20210916_181041_250_11zon.jpg,Dusty,Dusty,dirty,solnet_001,train
5b8eab3ea3e7,Data/curated/Dusty/solnet_001_dirty_20210916_181046(1)_251_11zon.jpg,Dusty,Dusty,dirty,solnet_001,test
0eae988d478a,Data/curated/Dusty/solnet_001_dirty_20210916_181046_252_11zon.jpg,Dusty,Dusty,dirty,solnet_001,test
34792e03aa46,Data/curated/Dusty/solnet_001_dirty_20210916_181102(1)_257_11zon.jpg,Dusty,Dusty,dirty,solnet_001,train
7f9f4b7d2fb3,Data/curated/Dusty/solnet_001_dirty_20210916_181118.jpg,Dusty,Dusty,dirty,solnet_001,train
1c1e1e70b4f5,Data/curated/Dusty/solnet_001_dirty_20210916_181123.jpg,Dusty,Dusty,dirty,solnet_001,train
b8adf026601d,Data/curated/Dusty/solnet_001_dirty_20210916_181125.jpg,Dusty,Dusty,dirty,solnet_001,train
9d047965011e,Data/curated/Dusty/solnet_001_dirty_20210916_181125_241_11zon.jpg,Dusty,Dusty,dirty,solnet_001,test
61f6e67615d9,Data/curated/Dusty/solnet_001_dirty_20210916_181157_261_11zon.jpg,Dusty,Dusty,dirty,solnet_001,train
a0d00349cf84,Data/curated/Dusty/solnet_001_dirty_20210916_181210_268_11zon.jpg,Dusty,Dusty,dirty,solnet_001,test
383a5ba55934,Data/curated/Dusty/solnet_001_dirty_20210916_181304(1)_279_11zon.jpg,Dusty,Dusty,dirty,solnet_001,train
8a0455e81271,Data/curated/Dusty/solnet_001_dirty_20210916_181317_286_11zon.jpg,Dusty,Dusty,dirty,solnet_001,train
6caac1883315,Data/curated/Dusty/solnet_001_dirty_20210916_181322.jpg,Dusty,Dusty,dirty,solnet_001,train
a917065574fb,Data/curated/Dusty/solnet_001_dirty_20210916_181359(1)_289_11zon.jpg,Dusty,Dusty,dirty,solnet_001,train
2aab14769aaf,Data/curated/Dusty/solnet_001_dirty_20210916_181415(1)_293_11zon.jpg,Dusty,Dusty,dirty,solnet_001,train
242a05d04fcc,Data/curated/Dusty/solnet_001_dirty_20210916_181415.jpg,Dusty,Dusty,dirty,solnet_001,train
9a9ab1b183b3,Data/curated/Dusty/solnet_001_dirty_20210916_181430.jpg,Dusty,Dusty,dirty,solnet_001,test
6637c7cdb1da,Data/curated/Dusty/solnet_001_dirty_20210917_104741.jpg,Dusty,Dusty,dirty,solnet_001,test
ed5cd73c5f71,Data/curated/Dusty/solnet_001_dirty_20210917_104745_299_11zon.jpg,Dusty,Dusty,dirty,solnet_001,train
b9f0a874b654,Data/curated/Dusty/solnet_001_dirty_20210917_104755.jpg,Dusty,Dusty,dirty,solnet_001,train
c235b4a9cd93,Data/curated/Dusty/solnet_001_dirty_20210917_104808.jpg,Dusty,Dusty,dirty,solnet_001,train
10f58bb050fb,Data/curated/Dusty/solnet_001_dirty_20210917_104819.jpg,Dusty,Dusty,dirty,solnet_001,train
69771fd15a35,Data/curated/Dusty/solnet_001_dirty_20210917_104824_306_11zon.jpg,Dusty,Dusty,dirty,solnet_001,train
43784b6e02fe,Data/curated/Dusty/solnet_001_dirty_20210917_105203_310_11zon.jpg,Dusty,Dusty,dirty,solnet_001,test
9a375b9d76e3,Data/curated/Dusty/solnet_001_dirty_20210917_105209_311_11zon.jpg,Dusty,Dusty,dirty,solnet_001,train
5fdbe024b207,Data/curated/Dusty/solnet_001_dirty_20210917_105211_312_11zon.jpg,Dusty,Dusty,dirty,solnet_001,test
9893a51cf634,Data/curated/Dusty/solnet_001_dirty_20210917_105218_313_11zon.jpg,Dusty,Dusty,dirty,solnet_001,train
f90bb8563218,Data/curated/Dusty/solnet_001_dirty_20210917_105234.jpg,Dusty,Dusty,dirty,solnet_001,train
fee2c97aa460,Data/curated/Dusty/solnet_001_dirty_20210917_105250_23_11zon.jpg,Dusty,Dusty,dirty,solnet_001,train
1bdd997caf16,Data/curated/Dusty/solnet_001_dirty_20210917_105309.jpg,Dusty,Dusty,dirty,solnet_001,train
20fd15114dc8,Data/curated/Dusty/solnet_001_dirty_20210917_105309_12_11zon.jpg,Dusty,Dusty,dirty,solnet_001,train
e74c59735510,Data/curated/Dusty/solnet_001_dirty_20210917_105319_16_11zon.jpg,Dusty,Dusty,dirty,solnet_001,val
cb4f67a5e521,Data/curated/Dusty/solnet_001_dirty_20210917_105328_26_11zon.jpg,Dusty,Dusty,dirty,solnet_001,train
218fc7efaab7,Data/curated/Dusty/solnet_001_dirty_20210917_105330.jpg,Dusty,Dusty,dirty,solnet_001,test
2238f542f04c,Data/curated/Dusty/solnet_001_dirty_20210917_105330_28_11zon.jpg,Dusty,Dusty,dirty,solnet_001,val
01d5e72fa45d,Data/curated/Dusty/solnet_001_dirty_20210917_105338_29_11zon.jpg,Dusty,Dusty,dirty,solnet_001,train
7b792579e2c1,Data/curated/Dusty/solnet_001_dirty_20210917_105350.jpg,Dusty,Dusty,dirty,solnet_001,train
d608f4fa89dd,Data/curated/Dusty/solnet_001_dirty_20210917_105444_36_11zon.jpg,Dusty,Dusty,dirty,solnet_001,train
9202cfcc96d6,Data/curated/Dusty/solnet_001_dirty_20210917_105446.jpg,Dusty,Dusty,dirty,solnet_001,train
7bba1c42d862,Data/curated/Dusty/solnet_001_dirty_20210917_105458.jpg,Dusty,Dusty,dirty,solnet_001,test
e809a67ec7b6,Data/curated/Dusty/solnet_001_dirty_20210917_105502.jpg,Dusty,Dusty,dirty,solnet_001,train
195a55f4d9a7,Data/curated/Dusty/solnet_001_dirty_20210917_105511.jpg,Dusty,Dusty,dirty,solnet_001,val
d20fad4edc48,Data/curated/Dusty/solnet_001_dirty_20210917_105517_48_11zon.jpg,Dusty,Dusty,dirty,solnet_001,train
20b3cfe986c6,Data/curated/Dusty/solnet_001_dirty_20210917_105519.jpg,Dusty,Dusty,dirty,solnet_001,train
a0715190b711,Data/curated/Dusty/solnet_001_dirty_20210917_105526.jpg,Dusty,Dusty,dirty,solnet_001,train
ec8e6ae09f49,Data/curated/Dusty/solnet_001_dirty_20210917_105528.jpg,Dusty,Dusty,dirty,solnet_001,test
cc6b91b730d9,Data/curated/Dusty/solnet_001_dirty_20210917_105535_57_11zon.jpg,Dusty,Dusty,dirty,solnet_001,train
9cf906842ad6,Data/curated/Dusty/solnet_001_dirty_20210917_105543.jpg,Dusty,Dusty,dirty,solnet_001,train
d1faafe1dc1d,Data/curated/Dusty/solnet_001_dirty_20210917_105908.jpg,Dusty,Dusty,dirty,solnet_001,train
4eb8f127a659,Data/curated/Dusty/solnet_001_dirty_20210917_105927.jpg,Dusty,Dusty,dirty,solnet_001,test
4e0236cc5eab,Data/curated/Dusty/solnet_001_dirty_20210917_105927_69_11zon.jpg,Dusty,Dusty,dirty,solnet_001,train
3997b7f3e17a,Data/curated/Dusty/solnet_001_dirty_20210917_105929_71_11zon.jpg,Dusty,Dusty,dirty,solnet_001,train
e35a588e3391,Data/curated/Dusty/solnet_001_dirty_20210917_105933_72_11zon.jpg,Dusty,Dusty,dirty,solnet_001,train
2554ed55f4b1,Data/curated/Dusty/solnet_001_dirty_20210917_105937_75_11zon.jpg,Dusty,Dusty,dirty,solnet_001,train
9041ddfb25c5,Data/curated/Dusty/solnet_001_dirty_20210917_105938.jpg,Dusty,Dusty,dirty,solnet_001,train
455b025c567e,Data/curated/Dusty/solnet_001_dirty_20210917_105938_76_11zon.jpg,Dusty,Dusty,dirty,solnet_001,train
e44002502e52,Data/curated/Dusty/solnet_001_dirty_20210917_105940.jpg,Dusty,Dusty,dirty,solnet_001,train
9aa6a9346bf7,Data/curated/Dusty/solnet_001_dirty_20210917_150005.jpg,Dusty,Dusty,dirty,solnet_001,train
f2e5d1347dbc,Data/curated/Dusty/solnet_001_dirty_20210917_150122_97_11zon.jpg,Dusty,Dusty,dirty,solnet_001,train
7b8a0a8bd969,Data/curated/Dusty/solnet_001_dirty_20210917_150219.jpg,Dusty,Dusty,dirty,solnet_001,train
76a809414d4e,Data/curated/Dusty/solnet_001_dirty_20210917_150224.jpg,Dusty,Dusty,dirty,solnet_001,train
1ad7637f60db,Data/curated/Dusty/solnet_001_dirty_20210917_150224_101_11zon.jpg,Dusty,Dusty,dirty,solnet_001,train
6b87cdbdb75d,Data/curated/Dusty/solnet_001_dirty_20210917_150225.jpg,Dusty,Dusty,dirty,solnet_001,train
58aaa498b3f0,Data/curated/Dusty/solnet_001_dirty_20210917_150254.jpg,Dusty,Dusty,dirty,solnet_001,test
e0a0510d19bf,Data/curated/Dusty/solnet_001_dirty_20210917_150314.jpg,Dusty,Dusty,dirty,solnet_001,val
ae58bb22672c,Data/curated/Dusty/solnet_001_dirty_20210917_150320.jpg,Dusty,Dusty,dirty,solnet_001,train
e3baf43d548b,Data/curated/Dusty/solnet_001_dirty_20210917_150456.jpg,Dusty,Dusty,dirty,solnet_001,train
7638183422c5,Data/curated/Dusty/solnet_001_dirty_20210917_150459.jpg,Dusty,Dusty,dirty,solnet_001,val
eeaaedfcd011,Data/curated/Dusty/solnet_001_dirty_20210917_150502.jpg,Dusty,Dusty,dirty,solnet_001,train
10476f8da55f,Data/curated/Dusty/solnet_001_dirty_20210917_150508.jpg,Dusty,Dusty,dirty,solnet_001,train
546e49719070,Data/curated/Dusty/solnet_002_dirty_20210916_094041.jpg,Dusty,Dusty,dirty,solnet_002,train
16ec73b237bc,Data/curated/Dusty/solnet_002_dirty_20210916_094534.jpg,Dusty,Dusty,dirty,solnet_002,train
9bcc88ae79d6,Data/curated/Dusty/solnet_002_dirty_20210916_094538.jpg,Dusty,Dusty,dirty,solnet_002,val
64d7cbd35691,Data/curated/Dusty/solnet_002_dirty_20210916_094547.jpg,Dusty,Dusty,dirty,solnet_002,train
bd8429412210,Data/curated/Dusty/solnet_002_dirty_20210916_094556.jpg,Dusty,Dusty,dirty,solnet_002,train
9cacda5c9828,Data/curated/Dusty/solnet_002_dirty_20210916_094611.jpg,Dusty,Dusty,dirty,solnet_002,train
f7065813a5ef,Data/curated/Dusty/solnet_002_dirty_20210916_130118.jpg,Dusty,Dusty,dirty,solnet_002,train
0ae86ce46009,Data/curated/Dusty/solnet_002_dirty_20210916_130124.jpg,Dusty,Dusty,dirty,solnet_002,train
14691ca8dfd4,Data/curated/Dusty/solnet_002_dirty_20210916_130132.jpg,Dusty,Dusty,dirty,solnet_002,train
fbe1e589e71a,Data/curated/Dusty/solnet_002_dirty_20210916_130135.jpg,Dusty,Dusty,dirty,solnet_002,train
e059d59485bb,Data/curated/Dusty/solnet_002_dirty_20210916_130205.jpg,Dusty,Dusty,dirty,solnet_002,train
fea6f7101618,Data/curated/Dusty/solnet_002_dirty_20210916_130210.jpg,Dusty,Dusty,dirty,solnet_002,train
4cf22a0afbea,Data/curated/Dusty/solnet_002_dirty_20210916_130215.jpg,Dusty,Dusty,dirty,solnet_002,train
a4edf961110a,Data/curated/Dusty/solnet_002_dirty_20210916_130221.jpg,Dusty,Dusty,dirty,solnet_002,train
b612e0dfa998,Data/curated/Dusty/solnet_002_dirty_20210916_130225.jpg,Dusty,Dusty,dirty,solnet_002,train
69c4f8104c85,Data/curated/Dusty/solnet_002_dirty_20210916_130232.jpg,Dusty,Dusty,dirty,solnet_002,test
aec8202e4303,Data/curated/Dusty/solnet_002_dirty_20210916_130258.jpg,Dusty,Dusty,dirty,solnet_002,val
5758cbc7309a,Data/curated/Dusty/solnet_002_dirty_20210916_130300.jpg,Dusty,Dusty,dirty,solnet_002,train
1ad7644d3ec4,Data/curated/Dusty/solnet_002_dirty_20210916_130303.jpg,Dusty,Dusty,dirty,solnet_002,train
122f9d5e3246,Data/curated/Dusty/solnet_002_dirty_20210916_130306.jpg,Dusty,Dusty,dirty,solnet_002,test
c34233822ded,Data/curated/Dusty/solnet_002_dirty_20210916_130313.jpg,Dusty,Dusty,dirty,solnet_002,train
d598c7038b6e,Data/curated/Dusty/solnet_002_dirty_20210916_130315.jpg,Dusty,Dusty,dirty,solnet_002,train
3e2542178427,Data/curated/Dusty/solnet_002_dirty_20210916_130321.jpg,Dusty,Dusty,dirty,solnet_002,train
f23c0960bf44,Data/curated/Dusty/solnet_002_dirty_20210916_130323.jpg,Dusty,Dusty,dirty,solnet_002,train
1a6d0eb093b6,Data/curated/Dusty/solnet_002_dirty_20210916_130329.jpg,Dusty,Dusty,dirty,solnet_002,val
18221627752c,Data/curated/Dusty/solnet_002_dirty_20210916_130357.jpg,Dusty,Dusty,dirty,solnet_002,train
a265b794d2c8,Data/curated/Dusty/solnet_002_dirty_20210916_130435.jpg,Dusty,Dusty,dirty,solnet_002,train
f619719b8abc,Data/curated/Dusty/solnet_002_dirty_20210916_130443.jpg,Dusty,Dusty,dirty,solnet_002,train
155001831fbe,Data/curated/Dusty/solnet_002_dirty_20210916_130445.jpg,Dusty,Dusty,dirty,solnet_002,val
38112f22fb97,Data/curated/Dusty/solnet_002_dirty_20210916_130450.jpg,Dusty,Dusty,dirty,solnet_002,train
9a2e72278acc,Data/curated/Dusty/solnet_002_dirty_20210916_130511.jpg,Dusty,Dusty,dirty,solnet_002,train
ce6c7b07bbd8,Data/curated/Dusty/solnet_002_dirty_20210916_130514.jpg,Dusty,Dusty,dirty,solnet_002,test
429a6068bfb6,Data/curated/Dusty/solnet_002_dirty_20210916_130534(0).jpg,Dusty,Dusty,dirty,solnet_002,train
f37af7558de6,Data/curated/Dusty/solnet_002_dirty_20210916_130736.jpg,Dusty,Dusty,dirty,solnet_002,val
0b714a417d62,Data/curated/Dusty/solnet_002_dirty_20210916_130739.jpg,Dusty,Dusty,dirty,solnet_002,train
1cfce41174cc,Data/curated/Dusty/solnet_002_dirty_20210916_130740.jpg,Dusty,Dusty,dirty,solnet_002,train
641c7c5123b0,Data/curated/Dusty/solnet_002_dirty_20210916_130822.jpg,Dusty,Dusty,dirty,solnet_002,train
38f53eae386d,Data/curated/Dusty/solnet_002_dirty_20210916_130828.jpg,Dusty,Dusty,dirty,solnet_002,test
900e9e16ab80,Data/curated/Dusty/solnet_002_dirty_20210916_130834.jpg,Dusty,Dusty,dirty,solnet_002,train
70b5c55ba6f8,Data/curated/Dusty/solnet_002_dirty_20210916_130857.jpg,Dusty,Dusty,dirty,solnet_002,test
59a049787731,Data/curated/Dusty/solnet_002_dirty_20210916_130858.jpg,Dusty,Dusty,dirty,solnet_002,val
474492b137c7,Data/curated/Dusty/solnet_002_dirty_20210916_130926.jpg,Dusty,Dusty,dirty,solnet_002,train
a5aee1c8f953,Data/curated/Dusty/solnet_002_dirty_20210916_130935(0).jpg,Dusty,Dusty,dirty,solnet_002,val
de3fefb47780,Data/curated/Dusty/solnet_002_dirty_20210916_130936.jpg,Dusty,Dusty,dirty,solnet_002,train
b9f1a8aa6c1e,Data/curated/Dusty/solnet_002_dirty_20210916_130959.jpg,Dusty,Dusty,dirty,solnet_002,train
68dba239bc5b,Data/curated/Dusty/solnet_002_dirty_20210916_131001(0).jpg,Dusty,Dusty,dirty,solnet_002,train
37cfb4bd5533,Data/curated/Dusty/solnet_002_dirty_20210916_131001.jpg,Dusty,Dusty,dirty,solnet_002,test
43518a3d66c9,Data/curated/Dusty/solnet_002_dirty_20210916_131002.jpg,Dusty,Dusty,dirty,solnet_002,train
8c8ee51f4d12,Data/curated/Dusty/solnet_002_dirty_20210916_131003.jpg,Dusty,Dusty,dirty,solnet_002,train
58b7db5dcd8a,Data/curated/Dusty/solnet_002_dirty_20210916_131004.jpg,Dusty,Dusty,dirty,solnet_002,val
fa76033e5827,Data/curated/Dusty/solnet_002_dirty_20210916_131006.jpg,Dusty,Dusty,dirty,solnet_002,val
688ed7d036c2,Data/curated/Dusty/solnet_002_dirty_20210916_131008.jpg,Dusty,Dusty,dirty,solnet_002,test
630cac59d0e3,Data/curated/Dusty/solnet_002_dirty_20210916_131010.jpg,Dusty,Dusty,dirty,solnet_002,train
767a998cce2b,Data/curated/Dusty/solnet_002_dirty_20210916_131011.jpg,Dusty,Dusty,dirty,solnet_002,train
6e7fb826bf0c,Data/curated/Dusty/solnet_002_dirty_20210916_131014.jpg,Dusty,Dusty,dirty,solnet_002,train
ac8fdfbfbc7d,Data/curated/Dusty/solnet_002_dirty_20210916_131015(0).jpg,Dusty,Dusty,dirty,solnet_002,train
3888edb5a8df,Data/curated/Dusty/solnet_002_dirty_20210916_131015.jpg,Dusty,Dusty,dirty,solnet_002,test
30e5fd1725df,Data/curated/Dusty/solnet_002_dirty_20210916_131016.jpg,Dusty,Dusty,dirty,solnet_002,test
ef3f12bf642b,Data/curated/Dusty/solnet_002_dirty_20210916_131017.jpg,Dusty,Dusty,dirty,solnet_002,train
17ab6ab3828a,Data/curated/Dusty/solnet_002_dirty_20210916_131018.jpg,Dusty,Dusty,dirty,solnet_002,test
78f316e74eef,Data/curated/Dusty/solnet_002_dirty_20210916_131020(0).jpg,Dusty,Dusty,dirty,solnet_002,train
159f6166f22c,Data/curated/Dusty/solnet_002_dirty_20210916_131020.jpg,Dusty,Dusty,dirty,solnet_002,train
530c15cef0ae,Data/curated/Dusty/solnet_002_dirty_20210916_131029.jpg,Dusty,Dusty,dirty,solnet_002,train
107f35459b82,Data/curated/Dusty/solnet_002_dirty_20210916_131032.jpg,Dusty,Dusty,dirty,solnet_002,train
8680ddc42263,Data/curated/Dusty/solnet_002_dirty_20210916_131033.jpg,Dusty,Dusty,dirty,solnet_002,train
0d8b3fc9f420,Data/curated/Dusty/solnet_002_dirty_20210916_131034.jpg,Dusty,Dusty,dirty,solnet_002,val
2700edc727c4,Data/curated/Dusty/solnet_002_dirty_20210916_131035.jpg,Dusty,Dusty,dirty,solnet_002,test
343b29f1d176,Data/curated/Dusty/solnet_002_dirty_20210916_131036.jpg,Dusty,Dusty,dirty,solnet_002,train
df643deff6c4,Data/curated/Dusty/solnet_002_dirty_20210916_131053.jpg,Dusty,Dusty,dirty,solnet_002,train
2849b07e320e,Data/curated/Dusty/solnet_002_dirty_20210916_181039(1).jpg,Dusty,Dusty,dirty,solnet_002,train
7af484e7e281,Data/curated/Dusty/solnet_002_dirty_20210916_181046.jpg,Dusty,Dusty,dirty,solnet_002,train
a32e842a04f1,Data/curated/Dusty/solnet_002_dirty_20210916_181050(1).jpg,Dusty,Dusty,dirty,solnet_002,test
cdd8011e51f5,Data/curated/Dusty/solnet_002_dirty_20210916_181052.jpg,Dusty,Dusty,dirty,solnet_002,test
c4f9f65d9d59,Data/curated/Dusty/solnet_002_dirty_20210916_181106.jpg,Dusty,Dusty,dirty,solnet_002,train
88d004b84343,Data/curated/Dusty/solnet_002_dirty_20210916_181114.jpg,Dusty,Dusty,dirty,solnet_002,val
51a8f39e9657,Data/curated/Dusty/solnet_002_dirty_20210916_181256.jpg,Dusty,Dusty,dirty,solnet_002,train
