id,filepath,label_raw,label_canonical,label,source,split
74cbdcee27c5,Data/raw/faulty/Faulty_solar_panel/Bird-drop/1.JPG,Bird-drop,Bird-drop,Bird-drop,Faulty_solar_panel,train
820c8163daef,Data/raw/faulty/Faulty_solar_panel/Bird-drop/10.JPG,Bird-drop,Bird-drop,Bird-drop,Faulty_solar_panel,train
64c9256da620,Data/raw/faulty/Faulty_solar_panel/Bird-drop/11.JPG,Bird-drop,Bird-drop,Bird-drop,Faulty_solar_panel,val
d09f6302d908,Data/raw/faulty/Faulty_solar_panel/Bird-drop/12.JPG,Bird-drop,Bird-drop,Bird-drop,Faulty_solar_panel,train
dc6d35ed35fa,Data/raw/faulty/Faulty_solar_panel/Bird-drop/13.JPG,Bird-drop,Bird-drop,Bird-drop,Faulty_solar_panel,train
19467679a7ae,Data/raw/faulty/Faulty_solar_panel/Bird-drop/14.JPG,Bird-drop,Bird-drop,Bird-drop,Faulty_solar_panel,train
7390e74739c5,Data/raw/faulty/Faulty_solar_panel/Bird-drop/15.JPG,Bird-drop,Bird-drop,Bird-drop,Faulty_solar_panel,train
3396ce385d04,Data/raw/faulty/Faulty_solar_panel/Bird-drop/16.JPG,Bird-drop,Bird-drop,Bird-drop,Faulty_solar_panel,train
525150f21c61,Data/raw/faulty/Faulty_solar_panel/Bird-drop/2.JPG,Bird-drop,Bird-drop,Bird-drop,Faulty_solar_panel,train
9703702f892b,Data/raw/faulty/Faulty_solar_panel/Bird-drop/3.JPG,Bird-drop,Bird-drop,Bird-drop,Faulty_solar_panel,train
4b4e889884c6,Data/raw/faulty/Faulty_solar_panel/Bird-drop/4.JPG,Bird-drop,Bird-drop,Bird-drop,Faulty_solar_panel,train
51b7a55bd262,Data/raw/faulty/Faulty_solar_panel/Bird-drop/5.JPG,Bird-drop,Bird-drop,Bird-drop,Faulty_solar_panel,train
79a1406c29d6,Data/raw/faulty/Faulty_solar_panel/Bird-drop/6.JPG,Bird-drop,Bird-drop,Bird-drop,Faulty_solar_panel,train
9333a587746b,Data/raw/faulty/Faulty_solar_panel/Bird-drop/7.JPG,Bird-drop,Bird-drop,Bird-drop,Faulty_solar_panel,train
20ede53953d5,Data/raw/faulty/Faulty_solar_panel/Bird-drop/8.JPG,Bird-drop,Bird-drop,Bird-drop,Faulty_solar_panel,test
970b9ef28fdf,Data/raw/faulty/Faulty_solar_panel/Bird-drop/9.JPG,Bird-drop,Bird-drop,Bird-drop,Faulty_solar_panel,test
b5a9e4c38259,Data/raw/faulty/Faulty_solar_panel/Bird-drop/Bird (1).jpeg,Bird-drop,Bird-drop,Bird-drop,Faulty_solar_panel,train
a65f1373beed,Data/raw/faulty/Faulty_solar_panel/Bird-drop/Bird (10).jpg,Bird-drop,Bird-drop,Bird-drop,Faulty_solar_panel,val
a1b801cc4457,Data/raw/faulty/Faulty_solar_panel/Bird-drop/Bird (100).jpg,Bird-drop,Bird-drop,Bird-drop,Faulty_solar_panel,train
505337c7c2d0,Data/raw/faulty/Faulty_solar_panel/Bird-drop/Bird (101).jpg,Bird-drop,Bird-drop,Bird-drop,Faulty_solar_panel,train
9b09bd4eb1ce,Data/raw/faulty/Faulty_solar_panel/Bird-drop/Bird (102).jpg,Bird-drop,Bird-drop,Bird-drop,Faulty_solar_panel,train
075dab1b5484,Data/raw/faulty/Faulty_solar_panel/Bird-drop/Bird (103).jpg,Bird-drop,Bird-drop,Bird-drop,Faulty_solar_panel,train
bb917e292085,Data/raw/faulty/Faulty_solar_panel/Bird-drop/Bird (104).jpg,Bird-drop,Bird-drop,Bird-drop,Faulty_solar_panel,val
4ce0a6237be5,Data/raw/faulty/Faulty_solar_panel/Bird-drop/Bird (105).jpg,Bird-drop,Bird-drop,Bird-drop,Faulty_solar_panel,train
959f4a5aeca4,Data/raw/faulty/Faulty_solar_panel/Bird-drop/Bird (106).jpg,Bird-drop,Bird-drop,Bird-drop,Faulty_solar_panel,train
dccbb3df63d3,Data/raw/faulty/Faulty_solar_panel/Bird-drop/Bird (107).jpg,Bird-drop,Bird-drop,Bird-drop,Faulty_solar_panel,train
a0bd31e002cd,Data/raw/faulty/Faulty_solar_panel/Bird-drop/Bird (108).jpg,Bird-drop,Bird-drop,Bird-drop,Faulty_solar_panel,train
1778322df553,Data/raw/faulty/Faulty_solar_panel/Bird-drop/Bird (109).jpg,Bird-drop,Bird-drop,Bird-drop,Faulty_solar_panel,train
5a9e6a2a0152,Data/raw/faulty/Faulty_solar_panel/Bird-drop/Bird (11).jpg,Bird-drop,Bird-drop,Bird-drop,Faulty_solar_panel,train
3ae93e8b6fe4,Data/raw/faulty/Faulty_solar_panel/Bird-drop/Bird (110).jpg,Bird-drop,Bird-drop,Bird-drop,Faulty_solar_panel,train
5d6d74dab4df,Data/raw/faulty/Faulty_solar_panel/Bird-drop/Bird (111).jpg,Bird-drop,Bird-drop,Bird-drop,Faulty_solar_panel,train
fe15602b5c0c,Data/raw/faulty/Faulty_solar_panel/Bird-drop/Bird (112).jpg,Bird-drop,Bird-drop,Bird-drop,Faulty_solar_panel,train
c94f9386fa21,Data/raw/faulty/Faulty_solar_panel/Bird-drop/Bird (113).jpg,Bird-drop,Bird-drop,Bird-drop,Faulty_solar_panel,val
c235e4aac04a,Data/raw/faulty/Faulty_solar_panel/Bird-drop/Bird (114).jpg,Bird-drop,Bird-drop,Bird-drop,Faulty_solar_panel,train
ed4420f454e3,Data/raw/faulty/Faulty_solar_panel/Bird-drop/Bird (115).jpg,Bird-drop,Bird-drop,Bird-drop,Faulty_solar_panel,test
16036949811a,Data/raw/faulty/Faulty_solar_panel/Bird-drop/Bird (116).jpg,Bird-drop,Bird-drop,Bird-drop,Faulty_solar_panel,train
593f113e51cf,Data/raw/faulty/Faulty_solar_panel/Bird-drop/Bird (117).jpg,Bird-drop,Bird-drop,Bird-drop,Faulty_solar_panel,train
bd01ec00447b,Data/raw/faulty/Faulty_solar_panel/Bird-drop/Bird (118).jpg,Bird-drop,Bird-drop,Bird-drop,Faulty_solar_panel,train
ed0f4e4206c8,Data/raw/faulty/Faulty_solar_panel/Bird-drop/Bird (119).jpg,Bird-drop,Bird-drop,Bird-drop,Faulty_solar_panel,train
e8217534f857,Data/raw/faulty/Faulty_solar_panel/Bird-drop/Bird (12).jpg,Bird-drop,Bird-drop,Bird-drop,Faulty_solar_panel,test
7e04dc5bd9ae,Data/raw/faulty/Faulty_solar_panel/Bird-drop/Bird (120).jpg,Bird-drop,Bird-drop,Bird-drop,Faulty_solar_panel,train
2884d11e0a07,Data/raw/faulty/Faulty_solar_panel/Bird-drop/Bird (121).jpg,Bird-drop,Bird-drop,Bird-drop,Faulty_solar_panel,train
d6f5f0574bac,Data/raw/faulty/Faulty_solar_panel/Bird-drop/Bird (122).jpg,Bird-drop,Bird-drop,Bird-drop,Faulty_solar_panel,train
68773a8179ea,Data/raw/faulty/Faulty_solar_panel/Bird-drop/Bird (123).jpg,Bird-drop,Bird-drop,Bird-drop,Faulty_solar_panel,test
f89b126589b4,Data/raw/faulty/Faulty_solar_panel/Bird-drop/Bird (124).jpg,Bird-drop,Bird-drop,Bird-drop,Faulty_solar_panel,train
58fdf0f3189f,Data/raw/faulty/Faulty_solar_panel/Bird-drop/Bird (125).jpg,Bird-drop,Bird-drop,Bird-drop,Faulty_solar_panel,train
864b691556ee,Data/raw/faulty/Faulty_solar_panel/Bird-drop/Bird (126).jpg,Bird-drop,Bird-drop,Bird-drop,Faulty_solar_panel,train
ddc25c65d955,Data/raw/faulty/Faulty_solar_panel/Bird-drop/Bird (127).jpg,Bird-drop,Bird-drop,Bird-drop,Faulty_solar_panel,test
8c131e75dbc7,Data/raw/faulty/Faulty_solar_panel/Bird-drop/Bird (128).jpg,Bird-drop,Bird-drop,Bird-drop,Faulty_solar_panel,train
edabf9b86941,Data/raw/faulty/Faulty_solar_panel/Bird-drop/Bird (129).jpg,Bird-drop,Bird-drop,Bird-drop,Faulty_solar_panel,val
f406e91c3e42,Data/raw/faulty/Faulty_solar_panel/Bird-drop/Bird (13).jpg,Bird-drop,Bird-drop,Bird-drop,Faulty_solar_panel,train
f0d93a832a02,Data/raw/faulty/Faulty_solar_panel/Bird-drop/Bird (130).jpg,Bird-drop,Bird-drop,Bird-drop,Faulty_solar_panel,train
53f26e83eb38,Data/raw/faulty/Faulty_solar_panel/Bird-drop/Bird (131).jpg,Bird-drop,Bird-drop,Bird-drop,Faulty_solar_panel,train
c52fc50b4b18,Data/raw/faulty/Faulty_solar_panel/Bird-drop/Bird (132).jpg,Bird-drop,Bird-drop,Bird-drop,Faulty_solar_panel,train
4e0a71783025,Data/raw/faulty/Faulty_solar_panel/Bird-drop/Bird (133).jpg,Bird-drop,Bird-drop,Bird-drop,Faulty_solar_panel,train
370cc01f3e09,Data/raw/faulty/Faulty_solar_panel/Bird-drop/Bird (134).JPG,Bird-drop,Bird-drop,Bird-drop,Faulty_solar_panel,test
131b4f10eacf,Data/raw/faulty/Faulty_solar_panel/Bird-drop/Bird (135).jpg,Bird-drop,Bird-drop,Bird-drop,Faulty_solar_panel,train
d5db732e78c1,Data/raw/faulty/Faulty_solar_panel/Bird-drop/Bird (136).JPG,Bird-drop,Bird-drop,Bird-drop,Faulty_solar_panel,test
e39dadfa7580,Data/raw/faulty/Faulty_solar_panel/Bird-drop/Bird (137).JPG,Bird-drop,Bird-drop,Bird-drop,Faulty_solar_panel,test
061e6ef33216,Data/raw/faulty/Faulty_solar_panel/Bird-drop/Bird (138).JPG,Bird-drop,Bird-drop,Bird-drop,Faulty_solar_panel,train
0fbb0bc14647,Data/raw/faulty/Faulty_solar_panel/Bird-drop/Bird (139).jpg,Bird-drop,Bird-drop,Bird-drop,Faulty_solar_panel,train
ac7d9a9ae9d9,Data/raw/faulty/Faulty_solar_panel/Bird-drop/Bird (14).JPG,Bird-drop,Bird-drop,Bird-drop,Faulty_solar_panel,train
5dee995ba29d,Data/raw/faulty/Faulty_solar_panel/Bird-drop/Bird (140).jpg,Bird-drop,Bird-drop,Bird-drop,Faulty_solar_panel,train
3b4909a8e490,Data/raw/faulty/Faulty_solar_panel/Bird-drop/Bird (141).jpg,Bird-drop,Bird-drop,Bird-drop,Faulty_solar_panel,train
dc3ab70ee67e,Data/raw/faulty/Faulty_solar_panel/Bird-drop/Bird (142).jpg,Bird-drop,Bird-drop,Bird-drop,Faulty_solar_panel,test
71d994af2f6b,Data/raw/faulty/Faulty_solar_panel/Bird-drop/Bird (143).jpg,Bird-drop,Bird-drop,Bird-drop,Faulty_solar_panel,train
f87df347cc14,Data/raw/faulty/Faulty_solar_panel/Bird-drop/Bird (144).jpg,Bird-drop,Bird-drop,Bird-drop,Faulty_solar_panel,test
80a15594597b,Data/raw/faulty/Faulty_solar_panel/Bird-drop/Bird (145).jpg,Bird-drop,Bird-drop,Bird-drop,Faulty_solar_panel,train
909512c62e57,Data/raw/faulty/Faulty_solar_panel/Bird-drop/Bird (146).jpg,Bird-drop,Bird-drop,Bird-drop,Faulty_solar_panel,test
dba4d9e1fb1f,Data/raw/faulty/Faulty_solar_panel/Bird-drop/Bird (147).jpg,Bird-drop,Bird-drop,Bird-drop,Faulty_solar_panel,val
2a1ac5222f00,Data/raw/faulty/Faulty_solar_panel/Bird-drop/Bird (148).jpg,Bird-drop,Bird-drop,Bird-drop,Faulty_solar_panel,test
289b427c3452,Data/raw/faulty/Faulty_solar_panel/Bird-drop/Bird (149).jpg,Bird-drop,Bird-drop,Bird-drop,Faulty_solar_panel,train
5965e5948d5b,Data/raw/faulty/Faulty_solar_panel/Bird-drop/Bird (15).JPG,Bird-drop,Bird-drop,Bird-drop,Faulty_solar_panel,train
4c5abede4ddd,Data/raw/faulty/Faulty_solar_panel/Bird-drop/Bird (150).jpg,Bird-drop,Bird-drop,Bird-drop,Faulty_solar_panel,test
44c235b44bd0,Data/raw/faulty/Faulty_solar_panel/Bird-drop/Bird (159).jpg,Bird-drop,Bird-drop,Bird-drop,Faulty_solar_panel,train
f55fae6b77a9,Data/raw/faulty/Faulty_solar_panel/Bird-drop/Bird (16).JPG,Bird-drop,Bird-drop,Bird-drop,Faulty_solar_panel,test
1a3b291102c0,Data/raw/faulty/Faulty_solar_panel/Bird-drop/Bird (160).jpg,Bird-drop,Bird-drop,Bird-drop,Faulty_solar_panel,val
378fc898e33b,Data/raw/faulty/Faulty_solar_panel/Bird-drop/Bird (161).jpg,Bird-drop,Bird-drop,Bird-drop,Faulty_solar_panel,train
516884190806,Data/raw/faulty/Faulty_solar_panel/Bird-drop/Bird (162).jpg,Bird-drop,Bird-drop,Bird-drop,Faulty_solar_panel,val
3f35a7c17055,Data/raw/faulty/Faulty_solar_panel/Bird-drop/Bird (163).jpg,Bird-drop,Bird-drop,Bird-drop,Faulty_solar_panel,train
b246a57e1683,Data/raw/faulty/Faulty_solar_panel/Bird-drop/Bird (164).jpg,Bird-drop,Bird-drop,Bird-drop,Faulty_solar_panel,train
fba8a724110f,Data/raw/faulty/Faulty_solar_panel/Bird-drop/Bird (165).jpg,Bird-drop,Bird-drop,Bird-drop,Faulty_solar_panel,train
a4a324b316f2,Data/raw/faulty/Faulty_solar_panel/Bird-drop/Bird (166).jpg,Bird-drop,Bird-drop,Bird-drop,Faulty_solar_panel,train
f0d84c3cac50,Data/raw/faulty/Faulty_solar_panel/Bird-drop/Bird (167).JPG,Bird-drop,Bird-drop,Bird-drop,Faulty_solar_panel,val
dc20b87e5b50,Data/raw/faulty/Faulty_solar_panel/Bird-drop/Bird (168).jpg,Bird-drop,Bird-drop,Bird-drop,Faulty_solar_panel,val
05c1256c827b,Data/raw/faulty/Faulty_solar_panel/Bird-drop/Bird (169).jpg,Bird-drop,Bird-drop,Bird-drop,Faulty_solar_panel,train
deabb3a90eac,Data/raw/faulty/Faulty_solar_panel/Bird-drop/Bird (17).jpg,Bird-drop,Bird-drop,Bird-drop,Faulty_solar_panel,train
cbb7b93dc338,Data/raw/faulty/Faulty_solar_panel/Bird-drop/Bird (170).JPG,Bird-drop,Bird-drop,Bird-drop,Faulty_solar_panel,train
cf3ac529f9f8,Data/raw/faulty/Faulty_solar_panel/Bird-drop/Bird (171).JPG,Bird-drop,Bird-drop,Bird-drop,Faulty_solar_panel,train
aacda7b0a6a7,Data/raw/faulty/Faulty_solar_panel/Bird-drop/Bird (172).jpg,Bird-drop,Bird-drop,Bird-drop,Faulty_solar_panel,train
40f5f37ad086,Data/raw/faulty/Faulty_solar_panel/Bird-drop/Bird (173).jpg,Bird-drop,Bird-drop,Bird-drop,Faulty_solar_panel,train
046b40ad9cb0,Data/raw/faulty/Faulty_solar_panel/Bird-drop/Bird (174).jpg,Bird-drop,Bird-drop,Bird-drop,Faulty_solar_panel,train
cd6d7cdb59e4,Data/raw/faulty/Faulty_solar_panel/Bird-drop/Bird (175).jpg,Bird-drop,Bird-drop,Bird-drop,Faulty_solar_panel,test
840d3e6bc65d,Data/raw/faulty/Faulty_solar_panel/Bird-drop/Bird (176).jpg,Bird-drop,Bird-drop,Bird-drop,Faulty_solar_panel,train
e5f541805d4d,Data/raw/faulty/Faulty_solar_panel/Bird-drop/Bird (177).jpg,Bird-drop,Bird-drop,Bird-drop,Faulty_solar_panel,val
0fb8877e0fb6,Data/raw/faulty/Faulty_solar_panel/Bird-drop/Bird (178).jpg,Bird-drop,Bird-drop,Bird-drop,Faulty_solar_panel,train
f0d223235ef3,Data/raw/faulty/Faulty_solar_panel/Bird-drop/Bird (179).JPG,Bird-drop,Bird-drop,Bird-drop,Faulty_solar_panel,test
97ebce79e77b,Data/raw/faulty/Faulty_solar_panel/Bird-drop/Bird (18).jpg,Bird-drop,Bird-drop,Bird-drop,Faulty_solar_panel,test
73005719901f,Data/raw/faulty/Faulty_solar_panel/Bird-drop/Bird (180).jpg,Bird-drop,Bird-drop,Bird-drop,Faulty_solar_panel,test
2346f5eddc35,Data/raw/faulty/Faulty_solar_panel/Bird-drop/Bird (181).jpg,Bird-drop,Bird-drop,Bird-drop,Faulty_solar_panel,test
5f25f1e3171a,Data/raw/faulty/Faulty_solar_panel/Bird-drop/Bird (182).jpg,Bird-drop,Bird-drop,Bird-drop,Faulty_solar_panel,train
287a82a575bc,Data/raw/faulty/Faulty_solar_panel/Bird-drop/Bird (183).jpg,Bird-drop,Bird-drop,Bird-drop,Faulty_solar_panel,test
217072ebb1e1,Data/raw/faulty/Faulty_solar_panel/Bird-drop/Bird (184).jpg,Bird-drop,Bird-drop,Bird-drop,Faulty_solar_panel,val
bbd0d77464e7,Data/raw/faulty/Faulty_solar_panel/Bird-drop/Bird (185).jpg,Bird-drop,Bird-drop,Bird-drop,Faulty_solar_panel,val
f52b90ce9ab1,Data/raw/faulty/Faulty_solar_panel/Bird-drop/Bird (186).jpg,Bird-drop,Bird-drop,Bird-drop,Faulty_solar_panel,train
c0889866fe29,Data/raw/faulty/Faulty_solar_panel/Bird-drop/Bird (187).jpg,Bird-drop,Bird-drop,Bird-drop,Faulty_solar_panel,test
3755423f0b57,Data/raw/faulty/Faulty_solar_panel/Bird-drop/Bird (188).jpg,Bird-drop,Bird-drop,Bird-drop,Faulty_solar_panel,test
9155d8c39aa5,Data/raw/faulty/Faulty_solar_panel/Bird-drop/Bird (189).jpg,Bird-drop,Bird-drop,Bird-drop,Faulty_solar_panel,train
7f0e44fe27d5,Data/raw/faulty/Faulty_solar_panel/Bird-drop/Bird (19).jpg,Bird-drop,Bird-drop,Bird-drop,Faulty_solar_panel,train
1efaf5261ad8,Data/raw/faulty/Faulty_solar_panel/Bird-drop/Bird (190).jpg,Bird-drop,Bird-drop,Bird-drop,Faulty_solar_panel,test
da1bcb974b91,Data/raw/faulty/Faulty_solar_panel/Bird-drop/Bird (191).jpg,Bird-drop,Bird-drop,Bird-drop,Faulty_solar_panel,train
f1472eb70954,Data/raw/faulty/Faulty_solar_panel/Bird-drop/Bird (192).jpg,Bird-drop,Bird-drop,Bird-drop,Faulty_solar_panel,val
2ecb7801aa66,Data/raw/faulty/Faulty_solar_panel/Bird-drop/Bird (193).jpg,Bird-drop,Bird-drop,Bird-drop,Faulty_solar_panel,train
ad02fbb5b93f,Data/raw/faulty/Faulty_solar_panel/Bird-drop/Bird (194).jpg,Bird-drop,Bird-drop,Bird-drop,Faulty_solar_panel,val
7a428b65d927,Data/raw/faulty/Faulty_solar_panel/Bird-drop/Bird (195).jpg,Bird-drop,Bird-drop,Bird-drop,Faulty_solar_panel,train
62f3ae9b3f51,Data/raw/faulty/Faulty_solar_panel/Bird-drop/Bird (196).jpg,Bird-drop,Bird-drop,Bird-drop,Faulty_solar_panel,val
70b712d27aa0,Data/raw/faulty/Faulty_solar_panel/Bird-drop/Bird (197).jpg,Bird-drop,Bird-drop,Bird-drop,Faulty_solar_panel,train
3a682a155fa1,Data/raw/faulty/Faulty_solar_panel/Bird-drop/Bird (198).JPG,Bird-drop,Bird-drop,Bird-drop,Faulty_solar_panel,train
18b39fd5bc9e,Data/raw/faulty/Faulty_solar_panel/Bird-drop/Bird (2).JPG,Bird-drop,Bird-drop,Bird-drop,Faulty_solar_panel,test
1e17a0065a31,Data/raw/faulty/Faulty_solar_panel/Bird-drop/Bird (20).jpg,Bird-drop,Bird-drop,Bird-drop,Faulty_solar_panel,train
f5f22024a1e0,Data/raw/faulty/Faulty_solar_panel/Bird-drop/Bird (21).jpg,Bird-drop,Bird-drop,Bird-drop,Faulty_solar_panel,train
d71643ca70f3,Data/raw/faulty/Faulty_solar_panel/Bird-drop/Bird (22).jpg,Bird-drop,Bird-drop,Bird-drop,Faulty_solar_panel,train
8abdf8363639,Data/raw/faulty/Faulty_solar_panel/Bird-drop/Bird (23).JPG,Bird-drop,Bird-drop,Bird-drop,Faulty_solar_panel,train
5ab644cdce46,Data/raw/faulty/Faulty_solar_panel/Bird-drop/Bird (24).JPG,Bird-drop,Bird-drop,Bird-drop,Faulty_solar_panel,val
ba4fee7aff8e,Data/raw/faulty/Faulty_solar_panel/Bird-drop/Bird (25).jpg,Bird-drop,Bird-drop,Bird-drop,Faulty_solar_panel,val
690f63c8eca6,Data/raw/faulty/Faulty_solar_panel/Bird-drop/Bird (26).JPG,Bird-drop,Bird-drop,Bird-drop,Faulty_solar_panel,train
4b39ff1f4c09,Data/raw/faulty/Faulty_solar_panel/Bird-drop/Bird (27).JPG,Bird-drop,Bird-drop,Bird-drop,Faulty_solar_panel,val
ae32213c7c89,Data/raw/faulty/Faulty_solar_panel/Bird-drop/Bird (28).jpg,Bird-drop,Bird-drop,Bird-drop,Faulty_solar_panel,train
591c1b0c1174,Data/raw/faulty/Faulty_solar_panel/Bird-drop/Bird (29).jpg,Bird-drop,Bird-drop,Bird-drop,Faulty_solar_panel,train
76f5086871f4,Data/raw/faulty/Faulty_solar_panel/Bird-drop/Bird (3).jpeg,Bird-drop,Bird-drop,Bird-drop,Faulty_solar_panel,val
9dcd29d61367,Data/raw/faulty/Faulty_solar_panel/Bird-drop/Bird (3).jpg,Bird-drop,Bird-drop,Bird-drop,Faulty_solar_panel,train
d02462fdec2e,Data/raw/faulty/Faulty_solar_panel/Bird-drop/Bird (30).jpg,Bird-drop,Bird-drop,Bird-drop,Faulty_solar_panel,test
638a62480230,Data/raw/faulty/Faulty_solar_panel/Bird-drop/Bird (31).JPG,Bird-drop,Bird-drop,Bird-drop,Faulty_solar_panel,train
827cacaf72a9,Data/raw/faulty/Faulty_solar_panel/Bird-drop/Bird (32).JPG,Bird-drop,Bird-drop,Bird-drop,Faulty_solar_panel,train
0670cfa8694f,Data/raw/faulty/Faulty_solar_panel/Bird-drop/Bird (33).jpg,Bird-drop,Bird-drop,Bird-drop,Faulty_solar_panel,val
6af1b656165d,Data/raw/faulty/Faulty_solar_panel/Bird-drop/Bird (34).jpg,Bird-drop,Bird-drop,Bird-drop,Faulty_solar_panel,test
bd92cf177a1e,Data/raw/faulty/Faulty_solar_panel/Bird-drop/Bird (35).jpg,Bird-drop,Bird-drop,Bird-drop,Faulty_solar_panel,train
83863b2fb8cf,Data/raw/faulty/Faulty_solar_panel/Bird-drop/Bird (36).jpg,Bird-drop,Bird-drop,Bird-drop,Faulty_solar_panel,train
d95d79ee29c9,Data/raw/faulty/Faulty_solar_panel/Bird-drop/Bird (37).jpg,Bird-drop,Bird-drop,Bird-drop,Faulty_solar_panel,test
9aeb9713462c,Data/raw/faulty/Faulty_solar_panel/Bird-drop/Bird (38).jpg,Bird-drop,Bird-drop,Bird-drop,Faulty_solar_panel,train
aa06aaee70c2,Data/raw/faulty/Faulty_solar_panel/Bird-drop/Bird (39).jpg,Bird-drop,Bird-drop,Bird-drop,Faulty_solar_panel,train
94741f8e3a79,Data/raw/faulty/Faulty_solar_panel/Bird-drop/Bird (4).jpg,Bird-drop,Bird-drop,Bird-drop,Faulty_solar_panel,train
ade3d5022094,Data/raw/faulty/Faulty_solar_panel/Bird-drop/Bird (40).jpg,Bird-drop,Bird-drop,Bird-drop,Faulty_solar_panel,train
b8ce7abe97f5,Data/raw/faulty/Faulty_solar_panel/Bird-drop/Bird (41).jpg,Bird-drop,Bird-drop,Bird-drop,Faulty_solar_panel,train
019837145f33,Data/raw/faulty/Faulty_solar_panel/Bird-drop/Bird (42).jpg,Bird-drop,Bird-drop,Bird-drop,Faulty_solar_panel,train
ae86fccab61b,Data/raw/faulty/Faulty_solar_panel/Bird-drop/Bird (43).jpg,Bird-drop,Bird-drop,Bird-drop,Faulty_solar_panel,train
8c11fc2ad960,Data/raw/faulty/Faulty_solar_panel/Bird-drop/Bird (44).jpg,Bird-drop,Bird-drop,Bird-drop,Faulty_solar_panel,val
c0269e03efe9,Data/raw/faulty/Faulty_solar_panel/Bird-drop/Bird (45).jpg,Bird-drop,Bird-drop,Bird-drop,Faulty_solar_panel,train
b52fad800255,Data/raw/faulty/Faulty_solar_panel/Bird-drop/Bird (46).jpg,Bird-drop,Bird-drop,Bird-drop,Faulty_solar_panel,train
4d6e8ea773f7,Data/raw/faulty/Faulty_solar_panel/Bird-drop/Bird (47).jpg,Bird-drop,Bird-drop,Bird-drop,Faulty_solar_panel,train
8c664fd1587b,Data/raw/faulty/Faulty_solar_panel/Bird-drop/Bird (48).jpg,Bird-drop,Bird-drop,Bird-drop,Faulty_solar_panel,train
b2e692fee796,Data/raw/faulty/Faulty_solar_panel/Bird-drop/Bird (49).jpg,Bird-drop,Bird-drop,Bird-drop,Faulty_solar_panel,train
1fb719f32d93,Data/raw/faulty/Faulty_solar_panel/Bird-drop/Bird (5).jpg,Bird-drop,Bird-drop,Bird-drop,Faulty_solar_panel,train
7bc56be61a13,Data/raw/faulty/Faulty_solar_panel/Bird-drop/Bird (50).jpg,Bird-drop,Bird-drop,Bird-drop,Faulty_solar_panel,val
327da61fb1a2,Data/raw/faulty/Faulty_solar_panel/Bird-drop/Bird (51).jpg,Bird-drop,Bird-drop,Bird-drop,Faulty_solar_panel,train
32c5dcfeb3ed,Data/raw/faulty/Faulty_solar_panel/Bird-drop/Bird (52).jpg,Bird-drop,Bird-drop,Bird-drop,Faulty_solar_panel,val
54b54ce9baef,Data/raw/faulty/Faulty_solar_panel/Bird-drop/Bird (53).jpg,Bird-drop,Bird-drop,Bird-drop,Faulty_solar_panel,train
b325240e2bd2,Data/raw/faulty/Faulty_solar_panel/Bird-drop/Bird (54).jpg,Bird-drop,Bird-drop,Bird-drop,Faulty_solar_panel,train
fc0a592ee2ba,Data/raw/faulty/Faulty_solar_panel/Bird-drop/Bird (55).jpg,Bird-drop,Bird-drop,Bird-drop,Faulty_solar_panel,train
ae242f639019,Data/raw/faulty/Faulty_solar_panel/Bird-drop/Bird (56).jpg,Bird-drop,Bird-drop,Bird-drop,Faulty_solar_panel,train
c093fbf46679,Data/raw/faulty/Faulty_solar_panel/Bird-drop/Bird (57).jpg,Bird-drop,Bird-drop,Bird-drop,Faulty_solar_panel,train
58a461e8286a,Data/raw/faulty/Faulty_solar_panel/Bird-drop/Bird (58).jpg,Bird-drop,Bird-drop,Bird-drop,Faulty_solar_panel,train
8ad47b204648,Data/raw/faulty/Faulty_solar_panel/Bird-drop/Bird (59).jpg,Bird-drop,Bird-drop,Bird-drop,Faulty_solar_panel,train
5e829dbd390f,Data/raw/faulty/Faulty_solar_panel/Bird-drop/Bird (6).jpg,Bird-drop,Bird-drop,Bird-drop,Faulty_solar_panel,train
c736f39b2314,Data/raw/faulty/Faulty_solar_panel/Bird-drop/Bird (60).jpg,Bird-drop,Bird-drop,Bird-drop,Faulty_solar_panel,test
e2f8cc958bba,Data/raw/faulty/Faulty_solar_panel/Bird-drop/Bird (61).jpg,Bird-drop,Bird-drop,Bird-drop,Faulty_solar_panel,train
9d324de7778b,Data/raw/faulty/Faulty_solar_panel/Bird-drop/Bird (62).jpg,Bird-drop,Bird-drop,Bird-drop,Faulty_solar_panel,train
c78bbedaf4f8,Data/raw/faulty/Faulty_solar_panel/Bird-drop/Bird (63).jpg,Bird-drop,Bird-drop,Bird-drop,Faulty_solar_panel,train
6132958c51c7,Data/raw/faulty/Faulty_solar_panel/Bird-drop/Bird (64).jpg,Bird-drop,Bird-drop,Bird-drop,Faulty_solar_panel,train
20b49477c6a8,Data/raw/faulty/Faulty_solar_panel/Bird-drop/Bird (65).jpg,Bird-drop,Bird-drop,Bird-drop,Faulty_solar_panel,train
779098b5e01e,Data/raw/faulty/Faulty_solar_panel/Bird-drop/Bird (66).jpg,Bird-drop,Bird-drop,Bird-drop,Faulty_solar_panel,train
0e1ab529db5e,Data/raw/faulty/Faulty_solar_panel/Bird-drop/Bird (67).jpg,Bird-drop,Bird-drop,Bird-drop,Faulty_solar_panel,train
9e8ecd3facb9,Data/raw/faulty/Faulty_solar_panel/Bird-drop/Bird (68).jpg,Bird-drop,Bird-drop,Bird-drop,Faulty_solar_panel,train
00e07d26d6bd,Data/raw/faulty/Faulty_solar_panel/Bird-drop/Bird (69).JPG,Bird-drop,Bird-drop,Bird-drop,Faulty_solar_panel,train
6c9751224967,Data/raw/faulty/Faulty_solar_panel/Bird-drop/Bird (7).jpg,Bird-drop,Bird-drop,Bird-drop,Faulty_solar_panel,val
4dcc09be5b10,Data/raw/faulty/Faulty_solar_panel/Bird-drop/Bird (70).jpg,Bird-drop,Bird-drop,Bird-drop,Faulty_solar_panel,train
fa842124f324,Data/raw/faulty/Faulty_solar_panel/Bird-drop/Bird (71).jpg,Bird-drop,Bird-drop,Bird-drop,Faulty_solar_panel,train
f16894765455,Data/raw/faulty/Faulty_solar_panel/Bird-drop/Bird (72).jpg,Bird-drop,Bird-drop,Bird-drop,Faulty_solar_panel,train
7fefe03e4f28,Data/raw/faulty/Faulty_solar_panel/Bird-drop/Bird (73).jpg,Bird-drop,Bird-drop,Bird-drop,Faulty_solar_panel,train
bf0d5a757caf,Data/raw/faulty/Faulty_solar_panel/Bird-drop/Bird (74).jpg,Bird-drop,Bird-drop,Bird-drop,Faulty_solar_panel,train
e4f755381135,Data/raw/faulty/Faulty_solar_panel/Bird-drop/Bird (75).jpg,Bird-drop,Bird-drop,Bird-drop,Faulty_solar_panel,val
51e316bd5ba0,Data/raw/faulty/Faulty_solar_panel/Bird-drop/Bird (76).jpg,Bird-drop,Bird-drop,Bird-drop,Faulty_solar_panel,train
f84f23ec1618,Data/raw/faulty/Faulty_solar_panel/Bird-drop/Bird (77).jpg,Bird-drop,Bird-drop,Bird-drop,Faulty_solar_panel,train
83d5be90826a,Data/raw/faulty/Faulty_solar_panel/Bird-drop/Bird (78).jpg,Bird-drop,Bird-drop,Bird-drop,Faulty_solar_panel,train
23c761f4d231,Data/raw/faulty/Faulty_solar_panel/Bird-drop/Bird (79).jpg,Bird-drop,Bird-drop,Bird-drop,Faulty_solar_panel,train
5281b8246d52,Data/raw/faulty/Faulty_solar_panel/Bird-drop/Bird (8).jpg,Bird-drop,Bird-drop,Bird-drop,Faulty_solar_panel,train
a3729531b6fa,Data/raw/faulty/Faulty_solar_panel/Bird-drop/Bird (80).jpg,Bird-drop,Bird-drop,Bird-drop,Faulty_solar_panel,train
510c549a18f2,Data/raw/faulty/Faulty_solar_panel/Bird-drop/Bird (81).jpg,Bird-drop,Bird-drop,Bird-drop,Faulty_solar_panel,train
66f0855abb9c,Data/raw/faulty/Faulty_solar_panel/Bird-drop/Bird (82).jpg,Bird-drop,Bird-drop,Bird-drop,Faulty_solar_panel,train
4e64581197e2,Data/raw/faulty/Faulty_solar_panel/Bird-drop/Bird (83).jpg,Bird-drop,Bird-drop,Bird-drop,Faulty_solar_panel,train
323e2946dfca,Data/raw/faulty/Faulty_solar_panel/Bird-drop/Bird (84).jpg,Bird-drop,Bird-drop,Bird-drop,Faulty_solar_panel,train
cb34962b51fd,Data/raw/faulty/Faulty_solar_panel/Bird-drop/Bird (85).jpg,Bird-drop,Bird-drop,Bird-drop,Faulty_solar_panel,train
d4761387b036,Data/raw/faulty/Faulty_solar_panel/Bird-drop/Bird (86).jpg,Bird-drop,Bird-drop,Bird-drop,Faulty_solar_panel,train
53bd40f26043,Data/raw/faulty/Faulty_solar_panel/Bird-drop/Bird (87).jpg,Bird-drop,Bird-drop,Bird-drop,Faulty_solar_panel,train
5c079b63503f,Data/raw/faulty/Faulty_solar_panel/Bird-drop/Bird (88).jpg,Bird-drop,Bird-drop,Bird-drop,Faulty_solar_panel,val
d7a336566367,Data/raw/faulty/Faulty_solar_panel/Bird-drop/Bird (89).jpg,Bird-drop,Bird-drop,Bird-drop,Faulty_solar_panel,train
27d37677c3a8,Data/raw/faulty/Faulty_solar_panel/Bird-drop/Bird (9).jpg,Bird-drop,Bird-drop,Bird-drop,Faulty_solar_panel,train
38e895e5bcb3,Data/raw/faulty/Faulty_solar_panel/Bird-drop/Bird (90).jpg,Bird-drop,Bird-drop,Bird-drop,Faulty_solar_panel,val
3c2c6fec0375,Data/raw/faulty/Faulty_solar_panel/Bird-drop/Bird (91).jpg,Bird-drop,Bird-drop,Bird-drop,Faulty_solar_panel,train
d34c6a1756da,Data/raw/faulty/Faulty_solar_panel/Bird-drop/Bird (92).jpg,Bird-drop,Bird-drop,Bird-drop,Faulty_solar_panel,train
26cc367451ad,Data/raw/faulty/Faulty_solar_panel/Bird-drop/Bird (93).jpg,Bird-drop,Bird-drop,Bird-drop,Faulty_solar_panel,test
a8fe4b2adc56,Data/raw/faulty/Faulty_solar_panel/Bird-drop/Bird (94).jpg,Bird-drop,Bird-drop,Bird-drop,Faulty_solar_panel,val
8d4cd8a61ec3,Data/raw/faulty/Faulty_solar_panel/Bird-drop/Bird (95).jpg,Bird-drop,Bird-drop,Bird-drop,Faulty_solar_panel,train
331f2f382ebc,Data/raw/faulty/Faulty_solar_panel/Bird-drop/Bird (96).jpg,Bird-drop,Bird-drop,Bird-drop,Faulty_solar_panel,train
59512e3f9c45,Data/raw/faulty/Faulty_solar_panel/Bird-drop/Bird (97).jpg,Bird-drop,Bird-drop,Bird-drop,Faulty_solar_panel,val
5eb70ca20e43,Data/raw/faulty/Faulty_solar_panel/Bird-drop/Bird (98).jpg,Bird-drop,Bird-drop,Bird-drop,Faulty_solar_panel,test
8fd415b9f2fb,Data/raw/faulty/Faulty_solar_panel/Bird-drop/Bird (99).jpg,Bird-drop,Bird-drop,Bird-drop,Faulty_solar_panel,val
07a9fb56212a,Data/raw/faulty/Faulty_solar_panel/Clean/Clean (1).jpeg,Clean,Clean,Clean,Faulty_solar_panel,train
fc3f6277245b,Data/raw/faulty/Faulty_solar_panel/Clean/Clean (10).JPG,Clean,Clean,Clean,Faulty_solar_panel,test
480d7a609217,Data/raw/faulty/Faulty_solar_panel/Clean/Clean (100).jpg,Clean,Clean,Clean,Faulty_solar_panel,train
0e95794601ba,Data/raw/faulty/Faulty_solar_panel/Clean/Clean (101).jpg,Clean,Clean,Clean,Faulty_solar_panel,train
38f075dcfdad,Data/raw/faulty/Faulty_solar_panel/Clean/Clean (102).jpg,Clean,Clean,Clean,Faulty_solar_panel,val
acd99932dfed,Data/raw/faulty/Faulty_solar_panel/Clean/Clean (103).jpg,Clean,Clean,Clean,Faulty_solar_panel,train
295810828f8d,Data/raw/faulty/Faulty_solar_panel/Clean/Clean (104).jpg,Clean,Clean,Clean,Faulty_solar_panel,train
cc169f23c37f,Data/raw/faulty/Faulty_solar_panel/Clean/Clean (105).jpg,Clean,Clean,Clean,Faulty_solar_panel,test
19537455242c,Data/raw/faulty/Faulty_solar_panel/Clean/Clean (106).jpg,Clean,Clean,Clean,Faulty_solar_panel,train
224b12146bb1,Data/raw/faulty/Faulty_solar_panel/Clean/Clean (107).jpg,Clean,Clean,Clean,Faulty_solar_panel,train
19b76a26f2c7,Data/raw/faulty/Faulty_solar_panel/Clean/Clean (108).jpg,Clean,Clean,Clean,Faulty_solar_panel,test
2ad8e2f6a563,Data/raw/faulty/Faulty_solar_panel/Clean/Clean (109).jpg,Clean,Clean,Clean,Faulty_solar_panel,train
32a560b5c3e5,Data/raw/faulty/Faulty_solar_panel/Clean/Clean (11).jpg,Clean,Clean,Clean,Faulty_solar_panel,train
9a36d876ef2f,Data/raw/faulty/Faulty_solar_panel/Clean/Clean (110).jpg,Clean,Clean,Clean,Faulty_solar_panel,train
fb81a500e5be,Data/raw/faulty/Faulty_solar_panel/Clean/Clean (111).jpg,Clean,Clean,Clean,Faulty_solar_panel,val
919916e18049,Data/raw/faulty/Faulty_solar_panel/Clean/Clean (112).jpg,Clean,Clean,Clean,Faulty_solar_panel,train
fc9a5979dad8,Data/raw/faulty/Faulty_solar_panel/Clean/Clean (113).jpg,Clean,Clean,Clean,Faulty_solar_panel,train
ef620147dbbd,Data/raw/faulty/Faulty_solar_panel/Clean/Clean (114).jpg,Clean,Clean,Clean,Faulty_solar_panel,train
0071b96063cc,Data/raw/faulty/Faulty_solar_panel/Clean/Clean (115).jpg,Clean,Clean,Clean,Faulty_solar_panel,train
e52ea41e3355,Data/raw/faulty/Faulty_solar_panel/Clean/Clean (116).jpg,Clean,Clean,Clean,Faulty_solar_panel,train
a9789506d2d0,Data/raw/faulty/Faulty_solar_panel/Clean/Clean (117).jpg,Clean,Clean,Clean,Faulty_solar_panel,train
6cf352b0502a,Data/raw/faulty/Faulty_solar_panel/Clean/Clean (118).jpg,Clean,Clean,Clean,Faulty_solar_panel,train
2eb353ef55a3,Data/raw/faulty/Faulty_solar_panel/Clean/Clean (119).jpg,Clean,Clean,Clean,Faulty_solar_panel,val
e98da07cee22,Data/raw/faulty/Faulty_solar_panel/Clean/Clean (12).jpg,Clean,Clean,Clean,Faulty_solar_panel,val
76ab1522d68c,Data/raw/faulty/Faulty_solar_panel/Clean/Clean (120).jpg,Clean,Clean,Clean,Faulty_solar_panel,train
ce53ef6466e6,Data/raw/faulty/Faulty_solar_panel/Clean/Clean (121).jpg,Clean,Clean,Clean,Faulty_solar_panel,test
79ae484a8501,Data/raw/faulty/Faulty_solar_panel/Clean/Clean (122).jpg,Clean,Clean,Clean,Faulty_solar_panel,train
13bc68f7899f,Data/raw/faulty/Faulty_solar_panel/Clean/Clean (123).jpg,Clean,Clean,Clean,Faulty_solar_panel,train
09ab12e0a4e1,Data/raw/faulty/Faulty_solar_panel/Clean/Clean (124).jpg,Clean,Clean,Clean,Faulty_solar_panel,train
6ef3cfcaef5f,Data/raw/faulty/Faulty_solar_panel/Clean/Clean (125).jpg,Clean,Clean,Clean,Faulty_solar_panel,train
a0b35f53eb69,Data/raw/faulty/Faulty_solar_panel/Clean/Clean (126).jpg,Clean,Clean,Clean,Faulty_solar_panel,train
c528108ef122,Data/raw/faulty/Faulty_solar_panel/Clean/Clean (127).jpg,Clean,Clean,Clean,Faulty_solar_panel,train
3d1955c9b826,Data/raw/faulty/Faulty_solar_panel/Clean/Clean (128).jpg,Clean,Clean,Clean,Faulty_solar_panel,val
afe20f3c34d9,Data/raw/faulty/Faulty_solar_panel/Clean/Clean (129).jpg,Clean,Clean,Clean,Faulty_solar_panel,train
d28f3eb3aac2,Data/raw/faulty/Faulty_solar_panel/Clean/Clean (13).jpg,Clean,Clean,Clean,Faulty_solar_panel,train
c5cdbcf0e60c,Data/raw/faulty/Faulty_solar_panel/Clean/Clean (130).jpg,Clean,Clean,Clean,Faulty_solar_panel,train
7f120e67deb2,Data/raw/faulty/Faulty_solar_panel/Clean/Clean (131).jpg,Clean,Clean,Clean,Faulty_solar_panel,train
7408e87b1038,Data/raw/faulty/Faulty_solar_panel/Clean/Clean (132).jpg,Clean,Clean,Clean,Faulty_solar_panel,train
f3b28ae1635e,Data/raw/faulty/Faulty_solar_panel/Clean/Clean (133).jpg,Clean,Clean,Clean,Faulty_solar_panel,train
30b846c2dab4,Data/raw/faulty/Faulty_solar_panel/Clean/Clean (134).jpg,Clean,Clean,Clean,Faulty_solar_panel,train
b181632635b6,Data/raw/faulty/Faulty_solar_panel/Clean/Clean (135).JPG,Clean,Clean,Clean,Faulty_solar_panel,train
816ae0e0e93b,Data/raw/faulty/Faulty_solar_panel/Clean/Clean (136).JPG,Clean,Clean,Clean,Faulty_solar_panel,train
bed89234c82c,Data/raw/faulty/Faulty_solar_panel/Clean/Clean (137).jpg,Clean,Clean,Clean,Faulty_solar_panel,train
fd100089d23b,Data/raw/faulty/Faulty_solar_panel/Clean/Clean (138).jpg,Clean,Clean,Clean,Faulty_solar_panel,train
2920ae52a4be,Data/raw/faulty/Faulty_solar_panel/Clean/Clean (139).JPG,Clean,Clean,Clean,Faulty_solar_panel,val
7951f397e8b0,Data/raw/faulty/Faulty_solar_panel/Clean/Clean (14).jpg,Clean,Clean,Clean,Faulty_solar_panel,val
22899deee76b,Data/raw/faulty/Faulty_solar_panel/Clean/Clean (140).JPG,Clean,Clean,Clean,Faulty_solar_panel,train
480011178cc1,Data/raw/faulty/Faulty_solar_panel/Clean/Clean (141).JPG,Clean,Clean,Clean,Faulty_solar_panel,train
06e20ae39fd3,Data/raw/faulty/Faulty_solar_panel/Clean/Clean (142).jpg,Clean,Clean,Clean,Faulty_solar_panel,train
c16bccf7f51e,Data/raw/faulty/Faulty_solar_panel/Clean/Clean (143).jpg,Clean,Clean,Clean,Faulty_solar_panel,train
c55e5af150cb,Data/raw/faulty/Faulty_solar_panel/Clean/Clean (144).jpg,Clean,Clean,Clean,Faulty_solar_panel,val
2f16dc299b2e,Data/raw/faulty/Faulty_solar_panel/Clean/Clean (145).jpg,Clean,Clean,Clean,Faulty_solar_panel,train
7fa5c8388f2c,Data/raw/faulty/Faulty_solar_panel/Clean/Clean (146).jpg,Clean,Clean,Clean,Faulty_solar_panel,train
9741f352234a,Data/raw/faulty/Faulty_solar_panel/Clean/Clean (147).jpg,Clean,Clean,Clean,Faulty_solar_panel,test
06682f655575,Data/raw/faulty/Faulty_solar_panel/Clean/Clean (148).jpg,Clean,Clean,Clean,Faulty_solar_panel,train
cf894694cbd1,Data/raw/faulty/Faulty_solar_panel/Clean/Clean (149).jpg,Clean,Clean,Clean,Faulty_solar_panel,train
3419a9c806f1,Data/raw/faulty/Faulty_solar_panel/Clean/Clean (15).JPG,Clean,Clean,Clean,Faulty_solar_panel,train
ac88d7e5689c,Data/raw/faulty/Faulty_solar_panel/Clean/Clean (150).jpg,Clean,Clean,Clean,Faulty_solar_panel,train
9cde908a6aa6,Data/raw/faulty/Faulty_solar_panel/Clean/Clean (151).jpg,Clean,Clean,Clean,Faulty_solar_panel,val
e6d25505f665,Data/raw/faulty/Faulty_solar_panel/Clean/Clean (152).jpg,Clean,Clean,Clean,Faulty_solar_panel,train
00e0c85b959f,Data/raw/faulty/Faulty_solar_panel/Clean/Clean (153).jpg,Clean,Clean,Clean,Faulty_solar_panel,train
9e9987069c57,Data/raw/faulty/Faulty_solar_panel/Clean/Clean (154).jpg,Clean,Clean,Clean,Faulty_solar_panel,test
6399970077ab,Data/raw/faulty/Faulty_solar_panel/Clean/Clean (155).jpg,Clean,Clean,Clean,Faulty_solar_panel,val
99aa79985711,Data/raw/faulty/Faulty_solar_panel/Clean/Clean (156).jpg,Clean,Clean,Clean,Faulty_solar_panel,train
7dee5ae07959,Data/raw/faulty/Faulty_solar_panel/Clean/Clean (157).jpg,Clean,Clean,Clean,Faulty_solar_panel,train
a16b42b6c860,Data/raw/faulty/Faulty_solar_panel/Clean/Clean (158).jpg,Clean,Clean,Clean,Faulty_solar_panel,test
4d95003bca87,Data/raw/faulty/Faulty_solar_panel/Clean/Clean (159).jpg,Clean,Clean,Clean,Faulty_solar_panel,train
c3f7ede0086d,Data/raw/faulty/Faulty_solar_panel/Clean/Clean (16).JPG,Clean,Clean,Clean,Faulty_solar_panel,test
78afddc1dcea,Data/raw/faulty/Faulty_solar_panel/Clean/Clean (160).jpg,Clean,Clean,Clean,Faulty_solar_panel,val
a87192d4b9b7,Data/raw/faulty/Faulty_solar_panel/Clean/Clean (161).jpg,Clean,Clean,Clean,Faulty_solar_panel,train
d6cbf315072c,Data/raw/faulty/Faulty_solar_panel/Clean/Clean (162).jpg,Clean,Clean,Clean,Faulty_solar_panel,train
c1c757881914,Data/raw/faulty/Faulty_solar_panel/Clean/Clean (163).jpg,Clean,Clean,Clean,Faulty_solar_panel,train
c8d195b00824,Data/raw/faulty/Faulty_solar_panel/Clean/Clean (164).jpg,Clean,Clean,Clean,Faulty_solar_panel,train
ec24eea2f5e3,Data/raw/faulty/Faulty_solar_panel/Clean/Clean (165).jpg,Clean,Clean,Clean,Faulty_solar_panel,train
e512b78cf9e1,Data/raw/faulty/Faulty_solar_panel/Clean/Clean (166).jpg,Clean,Clean,Clean,Faulty_solar_panel,val
33617918382c,Data/raw/faulty/Faulty_solar_panel/Clean/Clean (167).jpg,Clean,Clean,Clean,Faulty_solar_panel,train
6d32ca6568c4,Data/raw/faulty/Faulty_solar_panel/Clean/Clean (168).jpg,Clean,Clean,Clean,Faulty_solar_panel,train
0be046ef2b48,Data/raw/faulty/Faulty_solar_panel/Clean/Clean (169).jpg,Clean,Clean,Clean,Faulty_solar_panel,train
eeb6f332aaa4,Data/raw/faulty/Faulty_solar_panel/Clean/Clean (17).jpg,Clean,Clean,Clean,Faulty_solar_panel,train
4b42b260fe03,Data/raw/faulty/Faulty_solar_panel/Clean/Clean (170).jpg,Clean,Clean,Clean,Faulty_solar_panel,train
e6da14917160,Data/raw/faulty/Faulty_solar_panel/Clean/Clean (171).jpg,Clean,Clean,Clean,Faulty_solar_panel,val
036b1e82eb38,Data/raw/faulty/Faulty_solar_panel/Clean/Clean (172).jpg,Clean,Clean,Clean,Faulty_solar_panel,val
26c0f200084e,Data/raw/faulty/Faulty_solar_panel/Clean/Clean (173).jpg,Clean,Clean,Clean,Faulty_solar_panel,train
bc954640d3d9,Data/raw/faulty/Faulty_solar_panel/Clean/Clean (174).jpg,Clean,Clean,Clean,Faulty_solar_panel,test
edf7d4b79fe2,Data/raw/faulty/Faulty_solar_panel/Clean/Clean (175).jpg,Clean,Clean,Clean,Faulty_solar_panel,test
fd7b60aac452,Data/raw/faulty/Faulty_solar_panel/Clean/Clean (176).jpg,Clean,Clean,Clean,Faulty_solar_panel,val
fa7e52af00a5,Data/raw/faulty/Faulty_solar_panel/Clean/Clean (177).jpg,Clean,Clean,Clean,Faulty_solar_panel,train
1bf79876adfe,Data/raw/faulty/Faulty_solar_panel/Clean/Clean (178).jpg,Clean,Clean,Clean,Faulty_solar_panel,train
a862650deb48,Data/raw/faulty/Faulty_solar_panel/Clean/Clean (179).jpg,Clean,Clean,Clean,Faulty_solar_panel,train
02fea824d366,Data/raw/faulty/Faulty_solar_panel/Clean/Clean (18).jpg,Clean,Clean,Clean,Faulty_solar_panel,val
1e417231dea2,Data/raw/faulty/Faulty_solar_panel/Clean/Clean (180).jpg,Clean,Clean,Clean,Faulty_solar_panel,test
7047f956ed1f,Data/raw/faulty/Faulty_solar_panel/Clean/Clean (181).jpg,Clean,Clean,Clean,Faulty_solar_panel,train
e9d2efaa862a,Data/raw/faulty/Faulty_solar_panel/Clean/Clean (182).jpg,Clean,Clean,Clean,Faulty_solar_panel,val
8e704ad59a14,Data/raw/faulty/Faulty_solar_panel/Clean/Clean (183).jpg,Clean,Clean,Clean,Faulty_solar_panel,train
e78d819c670f,Data/raw/faulty/Faulty_solar_panel/Clean/Clean (184).jpg,Clean,Clean,Clean,Faulty_solar_panel,train
9455c4bfabb2,Data/raw/faulty/Faulty_solar_panel/Clean/Clean (185).jpg,Clean,Clean,Clean,Faulty_solar_panel,train
b81c48e4dffe,Data/raw/faulty/Faulty_solar_panel/Clean/Clean (186).jpg,Clean,Clean,Clean,Faulty_solar_panel,train
be82e8419880,Data/raw/faulty/Faulty_solar_panel/Clean/Clean (187).jpg,Clean,Clean,Clean,Faulty_solar_panel,train
29696eb76424,Data/raw/faulty/Faulty_solar_panel/Clean/Clean (188).jpg,Clean,Clean,Clean,Faulty_solar_panel,test
e7eacfa78d6b,Data/raw/faulty/Faulty_solar_panel/Clean/Clean (189).jpg,Clean,Clean,Clean,Faulty_solar_panel,test
6d2cde23284d,Data/raw/faulty/Faulty_solar_panel/Clean/Clean (19).jpg,Clean,Clean,Clean,Faulty_solar_panel,train
2d1e416a18de,Data/raw/faulty/Faulty_solar_panel/Clean/Clean (190).jpg,Clean,Clean,Clean,Faulty_solar_panel,train
491e4c90b304,Data/raw/faulty/Faulty_solar_panel/Clean/Clean (191).jpg,Clean,Clean,Clean,Faulty_solar_panel,train
346dd2fc7ecd,Data/raw/faulty/Faulty_solar_panel/Clean/Clean (192).jpg,Clean,Clean,Clean,Faulty_solar_panel,val
802e2dd01fba,Data/raw/faulty/Faulty_solar_panel/Clean/Clean (193).png,Clean,Clean,Clean,Faulty_solar_panel,test
795aaad0466a,Data/raw/faulty/Faulty_solar_panel/Clean/Clean (2).jpg,Clean,Clean,Clean,Faulty_solar_panel,train
6063d3a900ab,Data/raw/faulty/Faulty_solar_panel/Clean/Clean (20).jpg,Clean,Clean,Clean,Faulty_solar_panel,test
2ac934b8ae83,Data/raw/faulty/Faulty_solar_panel/Clean/Clean (21).jpg,Clean,Clean,Clean,Faulty_solar_panel,train
d397fdb8b8fc,Data/raw/faulty/Faulty_solar_panel/Clean/Clean (22).jpg,Clean,Clean,Clean,Faulty_solar_panel,val
6a1537237dd9,Data/raw/faulty/Faulty_solar_panel/Clean/Clean (23).jpg,Clean,Clean,Clean,Faulty_solar_panel,train
df9999f3bda4,Data/raw/faulty/Faulty_solar_panel/Clean/Clean (24).jpg,Clean,Clean,Clean,Faulty_solar_panel,train
bcc7ce637313,Data/raw/faulty/Faulty_solar_panel/Clean/Clean (25).jpg,Clean,Clean,Clean,Faulty_solar_panel,train
f3b4066256bf,Data/raw/faulty/Faulty_solar_panel/Clean/Clean (26).jpg,Clean,Clean,Clean,Faulty_solar_panel,train
68b6247eadd0,Data/raw/faulty/Faulty_solar_panel/Clean/Clean (27).jpg,Clean,Clean,Clean,Faulty_solar_panel,train
b0c93a5da004,Data/raw/faulty/Faulty_solar_panel/Clean/Clean (28).jpg,Clean,Clean,Clean,Faulty_solar_panel,train
0ffc72c343c7,Data/raw/faulty/Faulty_solar_panel/Clean/Clean (29).jpg,Clean,Clean,Clean,Faulty_solar_panel,val
cc9b01454f33,Data/raw/faulty/Faulty_solar_panel/Clean/Clean (3).jpg,Clean,Clean,Clean,Faulty_solar_panel,train
bf3374fbc439,Data/raw/faulty/Faulty_solar_panel/Clean/Clean (30).jpg,Clean,Clean,Clean,Faulty_solar_panel,test
3165e01c81fd,Data/raw/faulty/Faulty_solar_panel/Clean/Clean (31).jpg,Clean,Clean,Clean,Faulty_solar_panel,train
dba9b9b46405,Data/raw/faulty/Faulty_solar_panel/Clean/Clean (32).jpg,Clean,Clean,Clean,Faulty_solar_panel,train
1a1e9711fc46,Data/raw/faulty/Faulty_solar_panel/Clean/Clean (33).jpg,Clean,Clean,Clean,Faulty_solar_panel,train
7a21ac6fad00,Data/raw/faulty/Faulty_solar_panel/Clean/Clean (34).jpg,Clean,Clean,Clean,Faulty_solar_panel,train
8f43bc6e309e,Data/raw/faulty/Faulty_solar_panel/Clean/Clean (35).jpg,Clean,Clean,Clean,Faulty_solar_panel,train
e2dbc0bfb1e2,Data/raw/faulty/Faulty_solar_panel/Clean/Clean (36).jpg,Clean,Clean,Clean,Faulty_solar_panel,train
1012a05f49e1,Data/raw/faulty/Faulty_solar_panel/Clean/Clean (37).jpg,Clean,Clean,Clean,Faulty_solar_panel,train
74c99e13b345,Data/raw/faulty/Faulty_solar_panel/Clean/Clean (38).jpg,Clean,Clean,Clean,Faulty_solar_panel,train
9a51e085536e,Data/raw/faulty/Faulty_solar_panel/Clean/Clean (39).jpg,Clean,Clean,Clean,Faulty_solar_panel,test
bd33e511d784,Data/raw/faulty/Faulty_solar_panel/Clean/Clean (4).jpg,Clean,Clean,Clean,Faulty_solar_panel,test
c90b5bbcafd7,Data/raw/faulty/Faulty_solar_panel/Clean/Clean (40).jpg,Clean,Clean,Clean,Faulty_solar_panel,test
581c31b4fe2e,Data/raw/faulty/Faulty_solar_panel/Clean/Clean (41).jpg,Clean,Clean,Clean,Faulty_solar_panel,val
fa1f7c06d0b6,Data/raw/faulty/Faulty_solar_panel/Clean/Clean (42).jpg,Clean,Clean,Clean,Faulty_solar_panel,train
2e54a284fb29,Data/raw/faulty/Faulty_solar_panel/Clean/Clean (43).jpg,Clean,Clean,Clean,Faulty_solar_panel,train
aa529f955eac,Data/raw/faulty/Faulty_solar_panel/Clean/Clean (44).jpg,Clean,Clean,Clean,Faulty_solar_panel,train
653c82246500,Data/raw/faulty/Faulty_solar_panel/Clean/Clean (45).jpg,Clean,Clean,Clean,Faulty_solar_panel,test
9d87d933fc90,Data/raw/faulty/Faulty_solar_panel/Clean/Clean (46).jpg,Clean,Clean,Clean,Faulty_solar_panel,train
f3181f8ad686,Data/raw/faulty/Faulty_solar_panel/Clean/Clean (47).jpg,Clean,Clean,Clean,Faulty_solar_panel,train
cfaa1948f91e,Data/raw/faulty/Faulty_solar_panel/Clean/Clean (48).jpg,Clean,Clean,Clean,Faulty_solar_panel,val
c8968aaac505,Data/raw/faulty/Faulty_solar_panel/Clean/Clean (49).jpg,Clean,Clean,Clean,Faulty_solar_panel,test
989c6e1c8cca,Data/raw/faulty/Faulty_solar_panel/Clean/Clean (5).jpg,Clean,Clean,Clean,Faulty_solar_panel,train
1e5a3cd982aa,Data/raw/faulty/Faulty_solar_panel/Clean/Clean (50).jpg,Clean,Clean,Clean,Faulty_solar_panel,train
890045ebd28b,Data/raw/faulty/Faulty_solar_panel/Clean/Clean (51).jpg,Clean,Clean,Clean,Faulty_solar_panel,train
1131f62ed0aa,Data/raw/faulty/Faulty_solar_panel/Clean/Clean (52).jpg,Clean,Clean,Clean,Faulty_solar_panel,train
15a901e70108,Data/raw/faulty/Faulty_solar_panel/Clean/Clean (53).jpg,Clean,Clean,Clean,Faulty_solar_panel,train
8b0196a95f45,Data/raw/faulty/Faulty_solar_panel/Clean/Clean (54).jpg,Clean,Clean,Clean,Faulty_solar_panel,test
eb4090e1b3df,Data/raw/faulty/Faulty_solar_panel/Clean/Clean (55).jpg,Clean,Clean,Clean,Faulty_solar_panel,train
8d1dbdf66b17,Data/raw/faulty/Faulty_solar_panel/Clean/Clean (56).jpg,Clean,Clean,Clean,Faulty_solar_panel,test
32334c108eac,Data/raw/faulty/Faulty_solar_panel/Clean/Clean (57).jpg,Clean,Clean,Clean,Faulty_solar_panel,train
9a6f6b119bb9,Data/raw/faulty/Faulty_solar_panel/Clean/Clean (58).jpg,Clean,Clean,Clean,Faulty_solar_panel,train
8585493d27ed,Data/raw/faulty/Faulty_solar_panel/Clean/Clean (59).jpg,Clean,Clean,Clean,Faulty_solar_panel,train
748516d90547,Data/raw/faulty/Faulty_solar_panel/Clean/Clean (6).jpg,Clean,Clean,Clean,Faulty_solar_panel,val
cd4ec6223d50,Data/raw/faulty/Faulty_solar_panel/Clean/Clean (60).jpg,Clean,Clean,Clean,Faulty_solar_panel,train
39a2b8681eaf,Data/raw/faulty/Faulty_solar_panel/Clean/Clean (61).jpg,Clean,Clean,Clean,Faulty_solar_panel,train
5757b8b084a1,Data/raw/faulty/Faulty_solar_panel/Clean/Clean (62).jpg,Clean,Clean,Clean,Faulty_solar_panel,val
07fa934266e8,Data/raw/faulty/Faulty_solar_panel/Clean/Clean (63).jpg,Clean,Clean,Clean,Faulty_solar_panel,val
4c4ce8e25bdf,Data/raw/faulty/Faulty_solar_panel/Clean/Clean (64).jpg,Clean,Clean,Clean,Faulty_solar_panel,test
18e51007c30e,Data/raw/faulty/Faulty_solar_panel/Clean/Clean (65).jpg,Clean,Clean,Clean,Faulty_solar_panel,train
a986bdec906b,Data/raw/faulty/Faulty_solar_panel/Clean/Clean (66).jpg,Clean,Clean,Clean,Faulty_solar_panel,val
8f952e511d17,Data/raw/faulty/Faulty_solar_panel/Clean/Clean (67).jpg,Clean,Clean,Clean,Faulty_solar_panel,val
f2b10b26a5da,Data/raw/faulty/Faulty_solar_panel/Clean/Clean (68).jpg,Clean,Clean,Clean,Faulty_solar_panel,train
729b020d3bbe,Data/raw/faulty/Faulty_solar_panel/Clean/Clean (69).jpg,Clean,Clean,Clean,Faulty_solar_panel,train
4a5fa1630d43,Data/raw/faulty/Faulty_solar_panel/Clean/Clean (7).jpg,Clean,Clean,Clean,Faulty_solar_panel,train
d7af6f5df07d,Data/raw/faulty/Faulty_solar_panel/Clean/Clean (70).jpg,Clean,Clean,Clean,Faulty_solar_panel,train
8d797661c096,Data/raw/faulty/Faulty_solar_panel/Clean/Clean (71).jpg,Clean,Clean,Clean,Faulty_solar_panel,train
9f89b3c54966,Data/raw/faulty/Faulty_solar_panel/Clean/Clean (72).jpg,Clean,Clean,Clean,Faulty_solar_panel,train
edd2569f294f,Data/raw/faulty/Faulty_solar_panel/Clean/Clean (73).jpg,Clean,Clean,Clean,Faulty_solar_panel,test
c0e85582fc2f,Data/raw/faulty/Faulty_solar_panel/Clean/Clean (74).jpg,Clean,Clean,Clean,Faulty_solar_panel,train
520c7b2067b7,Data/raw/faulty/Faulty_solar_panel/Clean/Clean (75).jpg,Clean,Clean,Clean,Faulty_solar_panel,test
16ffa3ea7519,Data/raw/faulty/Faulty_solar_panel/Clean/Clean (76).jpg,Clean,Clean,Clean,Faulty_solar_panel,val
6bf531463467,Data/raw/faulty/Faulty_solar_panel/Clean/Clean (77).jpg,Clean,Clean,Clean,Faulty_solar_panel,test
289fc60c2661,Data/raw/faulty/Faulty_solar_panel/Clean/Clean (78).jpg,Clean,Clean,Clean,Faulty_solar_panel,test
ac7b3cf1678c,Data/raw/faulty/Faulty_solar_panel/Clean/Clean (79).jpg,Clean,Clean,Clean,Faulty_solar_panel,train
81afeea8488f,Data/raw/faulty/Faulty_solar_panel/Clean/Clean (8).jpg,Clean,Clean,Clean,Faulty_solar_panel,train
6d95ffe4b139,Data/raw/faulty/Faulty_solar_panel/Clean/Clean (80).jpg,Clean,Clean,Clean,Faulty_solar_panel,train
6c7a3baf14ca,Data/raw/faulty/Faulty_solar_panel/Clean/Clean (81).jpg,Clean,Clean,Clean,Faulty_solar_panel,train
c38e7c4f37e4,Data/raw/faulty/Faulty_solar_panel/Clean/Clean (82).jpg,Clean,Clean,Clean,Faulty_solar_panel,train
0bf21aca6bcf,Data/raw/faulty/Faulty_solar_panel/Clean/Clean (83).jpg,Clean,Clean,Clean,Faulty_solar_panel,train
54077d2f5ecb,Data/raw/faulty/Faulty_solar_panel/Clean/Clean (84).jpg,Clean,Clean,Clean,Faulty_solar_panel,train
fc9fcc62698c,Data/raw/faulty/Faulty_solar_panel/Clean/Clean (85).jpg,Clean,Clean,Clean,Faulty_solar_panel,train
9f06050e2af9,Data/raw/faulty/Faulty_solar_panel/Clean/Clean (86).jpg,Clean,Clean,Clean,Faulty_solar_panel,train
fde494378614,Data/raw/faulty/Faulty_solar_panel/Clean/Clean (87).jpg,Clean,Clean,Clean,Faulty_solar_panel,train
b391d5e9fde9,Data/raw/faulty/Faulty_solar_panel/Clean/Clean (88).jpg,Clean,Clean,Clean,Faulty_solar_panel,train
5b2405d918a7,Data/raw/faulty/Faulty_solar_panel/Clean/Clean (89).jpg,Clean,Clean,Clean,Faulty_solar_panel,train
796862f76539,Data/raw/faulty/Faulty_solar_panel/Clean/Clean (9).jpg,Clean,Clean,Clean,Faulty_solar_panel,train
86cc9a0a1397,Data/raw/faulty/Faulty_solar_panel/Clean/Clean (90).jpg,Clean,Clean,Clean,Faulty_solar_panel,train
cf168345cff8,Data/raw/faulty/Faulty_solar_panel/Clean/Clean (91).jpg,Clean,Clean,Clean,Faulty_solar_panel,test
a5143ce41f55,Data/raw/faulty/Faulty_solar_panel/Clean/Clean (92).jpg,Clean,Clean,Clean,Faulty_solar_panel,train
92b235d71602,Data/raw/faulty/Faulty_solar_panel/Clean/Clean (93).jpg,Clean,Clean,Clean,Faulty_solar_panel,val
daf03d3b5d52,Data/raw/faulty/Faulty_solar_panel/Clean/Clean (94).jpg,Clean,Clean,Clean,Faulty_solar_panel,train
73373b1ebea8,Data/raw/faulty/Faulty_solar_panel/Clean/Clean (95).jpg,Clean,Clean,Clean,Faulty_solar_panel,train
9a00001853d1,Data/raw/faulty/Faulty_solar_panel/Clean/Clean (96).jpg,Clean,Clean,Clean,Faulty_solar_panel,train
9e08440334a0,Data/raw/faulty/Faulty_solar_panel/Clean/Clean (97).jpg,Clean,Clean,Clean,Faulty_solar_panel,train
33c7b11d7845,Data/raw/faulty/Faulty_solar_panel/Clean/Clean (98).jpg,Clean,Clean,Clean,Faulty_solar_panel,train
fd1e59111521,Data/raw/faulty/Faulty_solar_panel/Clean/Clean (99).jpg,Clean,Clean,Clean,Faulty_solar_panel,train
53e26c476611,Data/raw/faulty/Faulty_solar_panel/Dusty/Dust (1).jpg,Dusty,Dusty,Dusty,Faulty_solar_panel,test
e89d4f6da906,Data/raw/faulty/Faulty_solar_panel/Dusty/Dust (10).jpg,Dusty,Dusty,Dusty,Faulty_solar_panel,train
c355141474cd,Data/raw/faulty/Faulty_solar_panel/Dusty/Dust (100).jpg,Dusty,Dusty,Dusty,Faulty_solar_panel,val
08ea9a8f067f,Data/raw/faulty/Faulty_solar_panel/Dusty/Dust (101).jpg,Dusty,Dusty,Dusty,Faulty_solar_panel,test
9f20129a8f9a,Data/raw/faulty/Faulty_solar_panel/Dusty/Dust (102).jpg,Dusty,Dusty,Dusty,Faulty_solar_panel,train
c502f84ea4e8,Data/raw/faulty/Faulty_solar_panel/Dusty/Dust (103).jpg,Dusty,Dusty,Dusty,Faulty_solar_panel,train
202ea98f0faf,Data/raw/faulty/Faulty_solar_panel/Dusty/Dust (104).jpg,Dusty,Dusty,Dusty,Faulty_solar_panel,train
188d23a22253,Data/raw/faulty/Faulty_solar_panel/Dusty/Dust (105).jpg,Dusty,Dusty,Dusty,Faulty_solar_panel,train
df882b093f2e,Data/raw/faulty/Faulty_solar_panel/Dusty/Dust (106).jpg,Dusty,Dusty,Dusty,Faulty_solar_panel,val
fad309d61de7,Data/raw/faulty/Faulty_solar_panel/Dusty/Dust (107).jpg,Dusty,Dusty,Dusty,Faulty_solar_panel,train
0cd430c66a53,Data/raw/faulty/Faulty_solar_panel/Dusty/Dust (108).jpg,Dusty,Dusty,Dusty,Faulty_solar_panel,train
0a4cfb5531a8,Data/raw/faulty/Faulty_solar_panel/Dusty/Dust (109).jpg,Dusty,Dusty,Dusty,Faulty_solar_panel,train
24bcfee6b094,Data/raw/faulty/Faulty_solar_panel/Dusty/Dust (11).jpg,Dusty,Dusty,Dusty,Faulty_solar_panel,train
0631539543d5,Data/raw/faulty/Faulty_solar_panel/Dusty/Dust (110).jpg,Dusty,Dusty,Dusty,Faulty_solar_panel,train
87dad2ff7b75,Data/raw/faulty/Faulty_solar_panel/Dusty/Dust (111).jpg,Dusty,Dusty,Dusty,Faulty_solar_panel,train
6d5a396b497d,Data/raw/faulty/Faulty_solar_panel/Dusty/Dust (112).jpg,Dusty,Dusty,Dusty,Faulty_solar_panel,train
020849d8545b,Data/raw/faulty/Faulty_solar_panel/Dusty/Dust (113).jpg,Dusty,Dusty,Dusty,Faulty_solar_panel,train
a97290035dee,Data/raw/faulty/Faulty_solar_panel/Dusty/Dust (114).jpg,Dusty,Dusty,Dusty,Faulty_solar_panel,train
1f6438c092d2,Data/raw/faulty/Faulty_solar_panel/Dusty/Dust (115).jpg,Dusty,Dusty,Dusty,Faulty_solar_panel,test
070e6f708a9f,Data/raw/faulty/Faulty_solar_panel/Dusty/Dust (116).jpg,Dusty,Dusty,Dusty,Faulty_solar_panel,val
bc39cfecff91,Data/raw/faulty/Faulty_solar_panel/Dusty/Dust (117).jpg,Dusty,Dusty,Dusty,Faulty_solar_panel,val
3261518a560f,Data/raw/faulty/Faulty_solar_panel/Dusty/Dust (118).jpg,Dusty,Dusty,Dusty,Faulty_solar_panel,train
96d97f09352d,Data/raw/faulty/Faulty_solar_panel/Dusty/Dust (119).jpg,Dusty,Dusty,Dusty,Faulty_solar_panel,test
6b7afdf35e14,Data/raw/faulty/Faulty_solar_panel/Dusty/Dust (12).jpg,Dusty,Dusty,Dusty,Faulty_solar_panel,val
82bef022b539,Data/raw/faulty/Faulty_solar_panel/Dusty/Dust (120).jpg,Dusty,Dusty,Dusty,Faulty_solar_panel,test
2544cf06756e,Data/raw/faulty/Faulty_solar_panel/Dusty/Dust (121).jpg,Dusty,Dusty,Dusty,Faulty_solar_panel,train
0374ff95effd,Data/raw/faulty/Faulty_solar_panel/Dusty/Dust (122).jpg,Dusty,Dusty,Dusty,Faulty_solar_panel,test
c377ba4dac53,Data/raw/faulty/Faulty_solar_panel/Dusty/Dust (123).jpg,Dusty,Dusty,Dusty,Faulty_solar_panel,train
7f4779c9d953,Data/raw/faulty/Faulty_solar_panel/Dusty/Dust (124).jpg,Dusty,Dusty,Dusty,Faulty_solar_panel,train
783b62f3a9eb,Data/raw/faulty/Faulty_solar_panel/Dusty/Dust (125).jpg,Dusty,Dusty,Dusty,Faulty_solar_panel,test
c3f4f8243940,Data/raw/faulty/Faulty_solar_panel/Dusty/Dust (126).jpg,Dusty,Dusty,Dusty,Faulty_solar_panel,test
d787706c3e64,Data/raw/faulty/Faulty_solar_panel/Dusty/Dust (127).jpg,Dusty,Dusty,Dusty,Faulty_solar_panel,train
d199079ad8ac,Data/raw/faulty/Faulty_solar_panel/Dusty/Dust (128).jpg,Dusty,Dusty,Dusty,Faulty_solar_panel,test
99a62ce8a651,Data/raw/faulty/Faulty_solar_panel/Dusty/Dust (129).jpg,Dusty,Dusty,Dusty,Faulty_solar_panel,train
9e46a9aca58b,Data/raw/faulty/Faulty_solar_panel/Dusty/Dust (13).jpg,Dusty,Dusty,Dusty,Faulty_solar_panel,train
227d1533619b,Data/raw/faulty/Faulty_solar_panel/Dusty/Dust (130).jpg,Dusty,Dusty,Dusty,Faulty_solar_panel,train
2d9707da9d71,Data/raw/faulty/Faulty_solar_panel/Dusty/Dust (131).jpg,Dusty,Dusty,Dusty,Faulty_solar_panel,train
144970e41fbf,Data/raw/faulty/Faulty_solar_panel/Dusty/Dust (132).jpg,Dusty,Dusty,Dusty,Faulty_solar_panel,train
ba7cb4ba5683,Data/raw/faulty/Faulty_solar_panel/Dusty/Dust (133).jpg,Dusty,Dusty,Dusty,Faulty_solar_panel,test
953a8440b792,Data/raw/faulty/Faulty_solar_panel/Dusty/Dust (134).jpg,Dusty,Dusty,Dusty,Faulty_solar_panel,test
db69dd7e1fe4,Data/raw/faulty/Faulty_solar_panel/Dusty/Dust (135).jpg,Dusty,Dusty,Dusty,Faulty_solar_panel,train
8c1755c38a0a,Data/raw/faulty/Faulty_solar_panel/Dusty/Dust (136).jpg,Dusty,Dusty,Dusty,Faulty_solar_panel,train
f6996c1c47fd,Data/raw/faulty/Faulty_solar_panel/Dusty/Dust (137).jpg,Dusty,Dusty,Dusty,Faulty_solar_panel,train
2ed469a5a727,Data/raw/faulty/Faulty_solar_panel/Dusty/Dust (138).jpg,Dusty,Dusty,Dusty,Faulty_solar_panel,train
2d799247a41b,Data/raw/faulty/Faulty_solar_panel/Dusty/Dust (139).jpg,Dusty,Dusty,Dusty,Faulty_solar_panel,train
fab72524f8e2,Data/raw/faulty/Faulty_solar_panel/Dusty/Dust (14).jpg,Dusty,Dusty,Dusty,Faulty_solar_panel,train
946a992d3116,Data/raw/faulty/Faulty_solar_panel/Dusty/Dust (140).jpg,Dusty,Dusty,Dusty,Faulty_solar_panel,val
01ca2d4c2e8a,Data/raw/faulty/Faulty_solar_panel/Dusty/Dust (141).jpg,Dusty,Dusty,Dusty,Faulty_solar_panel,train
b325a9d9618a,Data/raw/faulty/Faulty_solar_panel/Dusty/Dust (142).jpg,Dusty,Dusty,Dusty,Faulty_solar_panel,train
a3d5cc6a935d,Data/raw/faulty/Faulty_solar_panel/Dusty/Dust (143).jpg,Dusty,Dusty,Dusty,Faulty_solar_panel,val
5927bcd7c661,Data/raw/faulty/Faulty_solar_panel/Dusty/Dust (144).jpg,Dusty,Dusty,Dusty,Faulty_solar_panel,train
199318ea0f71,Data/raw/faulty/Faulty_solar_panel/Dusty/Dust (145).jpg,Dusty,Dusty,Dusty,Faulty_solar_panel,train
c22f193b8fa1,Data/raw/faulty/Faulty_solar_panel/Dusty/Dust (146).jpg,Dusty,Dusty,Dusty,Faulty_solar_panel,val
81f1c8ce0f5c,Data/raw/faulty/Faulty_solar_panel/Dusty/Dust (147).jpg,Dusty,Dusty,Dusty,Faulty_solar_panel,test
d35ea1cf683f,Data/raw/faulty/Faulty_solar_panel/Dusty/Dust (148).jpg,Dusty,Dusty,Dusty,Faulty_solar_panel,train
cb039ccac51e,Data/raw/faulty/Faulty_solar_panel/Dusty/Dust (149).jpg,Dusty,Dusty,Dusty,Faulty_solar_panel,val
ba232ecac1df,Data/raw/faulty/Faulty_solar_panel/Dusty/Dust (15).jpg,Dusty,Dusty,Dusty,Faulty_solar_panel,train
7eaed25fefa4,Data/raw/faulty/Faulty_solar_panel/Dusty/Dust (150).jpg,Dusty,Dusty,Dusty,Faulty_solar_panel,train
9fb2481bdbcc,Data/raw/faulty/Faulty_solar_panel/Dusty/Dust (151).jpg,Dusty,Dusty,Dusty,Faulty_solar_panel,train
32b56d272e3e,Data/raw/faulty/Faulty_solar_panel/Dusty/Dust (152).jpg,Dusty,Dusty,Dusty,Faulty_solar_panel,train
edfb8bf8a121,Data/raw/faulty/Faulty_solar_panel/Dusty/Dust (153).jpg,Dusty,Dusty,Dusty,Faulty_solar_panel,test
100e5b095ab6,Data/raw/faulty/Faulty_solar_panel/Dusty/Dust (154).jpg,Dusty,Dusty,Dusty,Faulty_solar_panel,val
2572469097a4,Data/raw/faulty/Faulty_solar_panel/Dusty/Dust (155).jpg,Dusty,Dusty,Dusty,Faulty_solar_panel,train
b8ac923fd303,Data/raw/faulty/Faulty_solar_panel/Dusty/Dust (156).jpg,Dusty,Dusty,Dusty,Faulty_solar_panel,train
cc5cbd27c3e5,Data/raw/faulty/Faulty_solar_panel/Dusty/Dust (157).jpg,Dusty,Dusty,Dusty,Faulty_solar_panel,val
5720ccf852fa,Data/raw/faulty/Faulty_solar_panel/Dusty/Dust (158).jpg,Dusty,Dusty,Dusty,Faulty_solar_panel,train
c98b850e4e8a,Data/raw/faulty/Faulty_solar_panel/Dusty/Dust (159).jpg,Dusty,Dusty,Dusty,Faulty_solar_panel,train
114ac1f34659,Data/raw/faulty/Faulty_solar_panel/Dusty/Dust (16).jpg,Dusty,Dusty,Dusty,Faulty_solar_panel,train
8d5e5497e965,Data/raw/faulty/Faulty_solar_panel/Dusty/Dust (160).jpg,Dusty,Dusty,Dusty,Faulty_solar_panel,train
cea01ec6fdae,Data/raw/faulty/Faulty_solar_panel/Dusty/Dust (161).jpg,Dusty,Dusty,Dusty,Faulty_solar_panel,train
c1548de36c8a,Data/raw/faulty/Faulty_solar_panel/Dusty/Dust (162).jpg,Dusty,Dusty,Dusty,Faulty_solar_panel,val
73a874e8271b,Data/raw/faulty/Faulty_solar_panel/Dusty/Dust (163).jpg,Dusty,Dusty,Dusty,Faulty_solar_panel,val
8c1b0996e2c3,Data/raw/faulty/Faulty_solar_panel/Dusty/Dust (164).jpg,Dusty,Dusty,Dusty,Faulty_solar_panel,test
e0683802ab29,Data/raw/faulty/Faulty_solar_panel/Dusty/Dust (165).jpg,Dusty,Dusty,Dusty,Faulty_solar_panel,train
b4a445d8c494,Data/raw/faulty/Faulty_solar_panel/Dusty/Dust (166).jpg,Dusty,Dusty,Dusty,Faulty_solar_panel,val
e0e9f4bff3b9,Data/raw/faulty/Faulty_solar_panel/Dusty/Dust (167).jpg,Dusty,Dusty,Dusty,Faulty_solar_panel,train
38a874385496,Data/raw/faulty/Faulty_solar_panel/Dusty/Dust (168).jpg,Dusty,Dusty,Dusty,Faulty_solar_panel,train
de72cc98263b,Data/raw/faulty/Faulty_solar_panel/Dusty/Dust (169).jpg,Dusty,Dusty,Dusty,Faulty_solar_panel,train
fffc2ab3fc0d,Data/raw/faulty/Faulty_solar_panel/Dusty/Dust (17).jpg,Dusty,Dusty,Dusty,Faulty_solar_panel,train
eb35d6649589,Data/raw/faulty/Faulty_solar_panel/Dusty/Dust (170).jpg,Dusty,Dusty,Dusty,Faulty_solar_panel,train
6a28cf9c795c,Data/raw/faulty/Faulty_solar_panel/Dusty/Dust (171).jpg,Dusty,Dusty,Dusty,Faulty_solar_panel,train
cdc0d42a5dad,Data/raw/faulty/Faulty_solar_panel/Dusty/Dust (172).jpg,Dusty,Dusty,Dusty,Faulty_solar_panel,test
a5e2a11463ce,Data/raw/faulty/Faulty_solar_panel/Dusty/Dust (173).jpg,Dusty,Dusty,Dusty,Faulty_solar_panel,train
04254854f96e,Data/raw/faulty/Faulty_solar_panel/Dusty/Dust (174).jpg,Dusty,Dusty,Dusty,Faulty_solar_panel,train
0e21ecb21eee,Data/raw/faulty/Faulty_solar_panel/Dusty/Dust (175).jpg,Dusty,Dusty,Dusty,Faulty_solar_panel,train
6be5e8d2b4fc,Data/raw/faulty/Faulty_solar_panel/Dusty/Dust (176).jpg,Dusty,Dusty,Dusty,Faulty_solar_panel,train
626f7eeda6c9,Data/raw/faulty/Faulty_solar_panel/Dusty/Dust (177).jpg,Dusty,Dusty,Dusty,Faulty_solar_panel,train
89470ab0fd7d,Data/raw/faulty/Faulty_solar_panel/Dusty/Dust (178).jpg,Dusty,Dusty,Dusty,Faulty_solar_panel,train
9bf1927c4db1,Data/raw/faulty/Faulty_solar_panel/Dusty/Dust (179).jpg,Dusty,Dusty,Dusty,Faulty_solar_panel,train
4bdd68359a05,Data/raw/faulty/Faulty_solar_panel/Dusty/Dust (18).jpg,Dusty,Dusty,Dusty,Faulty_solar_panel,train
0639e7936b4e,Data/raw/faulty/Faulty_solar_panel/Dusty/Dust (180).jpg,Dusty,Dusty,Dusty,Faulty_solar_panel,train
5f730718d4d4,Data/raw/faulty/Faulty_solar_panel/Dusty/Dust (181).jpg,Dusty,Dusty,Dusty,Faulty_solar_panel,test
e0906b2be439,Data/raw/faulty/Faulty_solar_panel/Dusty/Dust (182).jpg,Dusty,Dusty,Dusty,Faulty_solar_panel,train
644905be9c4a,Data/raw/faulty/Faulty_solar_panel/Dusty/Dust (183).jpg,Dusty,Dusty,Dusty,Faulty_solar_panel,train
e6f5a095db2b,Data/raw/faulty/Faulty_solar_panel/Dusty/Dust (184).jpg,Dusty,Dusty,Dusty,Faulty_solar_panel,train
a2a49bba4302,Data/raw/faulty/Faulty_solar_panel/Dusty/Dust (185).jpg,Dusty,Dusty,Dusty,Faulty_solar_panel,train
7b0484fb1585,Data/raw/faulty/Faulty_solar_panel/Dusty/Dust (186).jpg,Dusty,Dusty,Dusty,Faulty_solar_panel,train
21170c70d084,Data/raw/faulty/Faulty_solar_panel/Dusty/Dust (187).jpg,Dusty,Dusty,Dusty,Faulty_solar_panel,train
9d48ee989085,Data/raw/faulty/Faulty_solar_panel/Dusty/Dust (188).jpg,Dusty,Dusty,Dusty,Faulty_solar_panel,train
8f63260d4512,Data/raw/faulty/Faulty_solar_panel/Dusty/Dust (189).jpg,Dusty,Dusty,Dusty,Faulty_solar_panel,train
94fe48ce9103,Data/raw/faulty/Faulty_solar_panel/Dusty/Dust (19).jpg,Dusty,Dusty,Dusty,Faulty_solar_panel,train
cee22a48b933,Data/raw/faulty/Faulty_solar_panel/Dusty/Dust (190).jpg,Dusty,Dusty,Dusty,Faulty_solar_panel,train
5c8fffe0b539,Data/raw/faulty/Faulty_solar_panel/Dusty/Dust (2).jpg,Dusty,Dusty,Dusty,Faulty_solar_panel,train
e4fe626faed2,Data/raw/faulty/Faulty_solar_panel/Dusty/Dust (20).jpg,Dusty,Dusty,Dusty,Faulty_solar_panel,train
046c81c163d3,Data/raw/faulty/Faulty_solar_panel/Dusty/Dust (21).jpg,Dusty,Dusty,Dusty,Faulty_solar_panel,train
ec40ff59cfa7,Data/raw/faulty/Faulty_solar_panel/Dusty/Dust (22).jpg,Dusty,Dusty,Dusty,Faulty_solar_panel,val
edd0cc502004,Data/raw/faulty/Faulty_solar_panel/Dusty/Dust (23).jpg,Dusty,Dusty,Dusty,Faulty_solar_panel,train
a35054a4dc13,Data/raw/faulty/Faulty_solar_panel/Dusty/Dust (24).jpg,Dusty,Dusty,Dusty,Faulty_solar_panel,train
6bc84436df48,Data/raw/faulty/Faulty_solar_panel/Dusty/Dust (25).jpg,Dusty,Dusty,Dusty,Faulty_solar_panel,train
39a2b0cb49c7,Data/raw/faulty/Faulty_solar_panel/Dusty/Dust (26).jpg,Dusty,Dusty,Dusty,Faulty_solar_panel,train
fe492a729c14,Data/raw/faulty/Faulty_solar_panel/Dusty/Dust (27).jpg,Dusty,Dusty,Dusty,Faulty_solar_panel,train
856cd72e0adc,Data/raw/faulty/Faulty_solar_panel/Dusty/Dust (28).jpg,Dusty,Dusty,Dusty,Faulty_solar_panel,test
9b548c41d912,Data/raw/faulty/Faulty_solar_panel/Dusty/Dust (29).jpg,Dusty,Dusty,Dusty,Faulty_solar_panel,train
711754e2995c,Data/raw/faulty/Faulty_solar_panel/Dusty/Dust (3).jpg,Dusty,Dusty,Dusty,Faulty_solar_panel,val
7fe065b25097,Data/raw/faulty/Faulty_solar_panel/Dusty/Dust (30).jpg,Dusty,Dusty,Dusty,Faulty_solar_panel,val
4c6f4b80af7e,Data/raw/faulty/Faulty_solar_panel/Dusty/Dust (31).jpg,Dusty,Dusty,Dusty,Faulty_solar_panel,test
c70fb775c8b0,Data/raw/faulty/Faulty_solar_panel/Dusty/Dust (32).jpg,Dusty,Dusty,Dusty,Faulty_solar_panel,test
d02be6dd6950,Data/raw/faulty/Faulty_solar_panel/Dusty/Dust (33).jpg,Dusty,Dusty,Dusty,Faulty_solar_panel,train
0ae92f64414d,Data/raw/faulty/Faulty_solar_panel/Dusty/Dust (34).jpg,Dusty,Dusty,Dusty,Faulty_solar_panel,train
3457e96db65f,Data/raw/faulty/Faulty_solar_panel/Dusty/Dust (35).jpg,Dusty,Dusty,Dusty,Faulty_solar_panel,train
3b6c8187307f,Data/raw/faulty/Faulty_solar_panel/Dusty/Dust (36).jpg,Dusty,Dusty,Dusty,Faulty_solar_panel,train
33dd79939a39,Data/raw/faulty/Faulty_solar_panel/Dusty/Dust (37).jpg,Dusty,Dusty,Dusty,Faulty_solar_panel,val
936a6ec6683d,Data/raw/faulty/Faulty_solar_panel/Dusty/Dust (38).jpg,Dusty,Dusty,Dusty,Faulty_solar_panel,val
1c69e3e56075,Data/raw/faulty/Faulty_solar_panel/Dusty/Dust (39).jpg,Dusty,Dusty,Dusty,Faulty_solar_panel,val
78c104a9090c,Data/raw/faulty/Faulty_solar_panel/Dusty/Dust (4).jpg,Dusty,Dusty,Dusty,Faulty_solar_panel,train
43bdf205e46c,Data/raw/faulty/Faulty_solar_panel/Dusty/Dust (40).jpg,Dusty,Dusty,Dusty,Faulty_solar_panel,train
ff085e93bd7f,Data/raw/faulty/Faulty_solar_panel/Dusty/Dust (41).jpg,Dusty,Dusty,Dusty,Faulty_solar_panel,test
2c1ebb5aa8d7,Data/raw/faulty/Faulty_solar_panel/Dusty/Dust (42).jpg,Dusty,Dusty,Dusty,Faulty_solar_panel,train
082248655210,Data/raw/faulty/Faulty_solar_panel/Dusty/Dust (43).jpg,Dusty,Dusty,Dusty,Faulty_solar_panel,train
2c85a8201e59,Data/raw/faulty/Faulty_solar_panel/Dusty/Dust (44).jpg,Dusty,Dusty,Dusty,Faulty_solar_panel,train
008ae9bc827d,Data/raw/faulty/Faulty_solar_panel/Dusty/Dust (45).jpg,Dusty,Dusty,Dusty,Faulty_solar_panel,test
3b0711f94741,Data/raw/faulty/Faulty_solar_panel/Dusty/Dust (46).jpg,Dusty,Dusty,Dusty,Faulty_solar_panel,train
7a4e297da063,Data/raw/faulty/Faulty_solar_panel/Dusty/Dust (47).jpg,Dusty,Dusty,Dusty,Faulty_solar_panel,train
2a7414f4bd49,Data/raw/faulty/Faulty_solar_panel/Dusty/Dust (48).jpg,Dusty,Dusty,Dusty,Faulty_solar_panel,train
1cf223c30c4c,Data/raw/faulty/Faulty_solar_panel/Dusty/Dust (49).jpg,Dusty,Dusty,Dusty,Faulty_solar_panel,train
fb05f02681be,Data/raw/faulty/Faulty_solar_panel/Dusty/Dust (5).jpg,Dusty,Dusty,Dusty,Faulty_solar_panel,train
9fd5ffe6598c,Data/raw/faulty/Faulty_solar_panel/Dusty/Dust (50).jpg,Dusty,Dusty,Dusty,Faulty_solar_panel,train
4da81e4c9d90,Data/raw/faulty/Faulty_solar_panel/Dusty/Dust (51).jpg,Dusty,Dusty,Dusty,Faulty_solar_panel,train
e6584f80249f,Data/raw/faulty/Faulty_solar_panel/Dusty/Dust (52).jpg,Dusty,Dusty,Dusty,Faulty_solar_panel,train
17fb6cd65503,Data/raw/faulty/Faulty_solar_panel/Dusty/Dust (53).jpg,Dusty,Dusty,Dusty,Faulty_solar_panel,train
08e18d5b1ec3,Data/raw/faulty/Faulty_solar_panel/Dusty/Dust (54).jpg,Dusty,Dusty,Dusty,Faulty_solar_panel,test
8591850d7335,Data/raw/faulty/Faulty_solar_panel/Dusty/Dust (55).jpg,Dusty,Dusty,Dusty,Faulty_solar_panel,train
d681bdf844ca,Data/raw/faulty/Faulty_solar_panel/Dusty/Dust (56).jpg,Dusty,Dusty,Dusty,Faulty_solar_panel,train
0a6f08f71623,Data/raw/faulty/Faulty_solar_panel/Dusty/Dust (57).jpg,Dusty,Dusty,Dusty,Faulty_solar_panel,train
3cd295a51aa6,Data/raw/faulty/Faulty_solar_panel/Dusty/Dust (58).jpg,Dusty,Dusty,Dusty,Faulty_solar_panel,train
32e4fcf7b5fb,Data/raw/faulty/Faulty_solar_panel/Dusty/Dust (59).jpg,Dusty,Dusty,Dusty,Faulty_solar_panel,test
9db50fcfd1cd,Data/raw/faulty/Faulty_solar_panel/Dusty/Dust (6).jpg,Dusty,Dusty,Dusty,Faulty_solar_panel,val
d60c00243294,Data/raw/faulty/Faulty_solar_panel/Dusty/Dust (60).jpg,Dusty,Dusty,Dusty,Faulty_solar_panel,train
da8539f30763,Data/raw/faulty/Faulty_solar_panel/Dusty/Dust (61).jpg,Dusty,Dusty,Dusty,Faulty_solar_panel,val
0adc82fd4d1f,Data/raw/faulty/Faulty_solar_panel/Dusty/Dust (62).jpg,Dusty,Dusty,Dusty,Faulty_solar_panel,train
230cd5fbbb17,Data/raw/faulty/Faulty_solar_panel/Dusty/Dust (63).jpg,Dusty,Dusty,Dusty,Faulty_solar_panel,train
ad86793ed428,Data/raw/faulty/Faulty_solar_panel/Dusty/Dust (64).jpg,Dusty,Dusty,Dusty,Faulty_solar_panel,train
4b77967e62d8,Data/raw/faulty/Faulty_solar_panel/Dusty/Dust (65).jpg,Dusty,Dusty,Dusty,Faulty_solar_panel,train
baef98bbcd29,Data/raw/faulty/Faulty_solar_panel/Dusty/Dust (66).jpg,Dusty,Dusty,Dusty,Faulty_solar_panel,train
3697a12a9351,Data/raw/faulty/Faulty_solar_panel/Dusty/Dust (67).jpg,Dusty,Dusty,Dusty,Faulty_solar_panel,test
a4ba856610f6,Data/raw/faulty/Faulty_solar_panel/Dusty/Dust (68).jpg,Dusty,Dusty,Dusty,Faulty_solar_panel,train
4ac14d5dc80a,Data/raw/faulty/Faulty_solar_panel/Dusty/Dust (69).jpg,Dusty,Dusty,Dusty,Faulty_solar_panel,train
ada65d978fcb,Data/raw/faulty/Faulty_solar_panel/Dusty/Dust (7).jpg,Dusty,Dusty,Dusty,Faulty_solar_panel,val
15ff2a17d801,Data/raw/faulty/Faulty_solar_panel/Dusty/Dust (70).jpg,Dusty,Dusty,Dusty,Faulty_solar_panel,test
288581662e23,Data/raw/faulty/Faulty_solar_panel/Dusty/Dust (71).jpg,Dusty,Dusty,Dusty,Faulty_solar_panel,train
9852cf433f99,Data/raw/faulty/Faulty_solar_panel/Dusty/Dust (72).jpg,Dusty,Dusty,Dusty,Faulty_solar_panel,train
bcf8d4f35649,Data/raw/faulty/Faulty_solar_panel/Dusty/Dust (73).jpg,Dusty,Dusty,Dusty,Faulty_solar_panel,train
b899b617771a,Data/raw/faulty/Faulty_solar_panel/Dusty/Dust (74).jpg,Dusty,Dusty,Dusty,Faulty_solar_panel,train
792db80884d7,Data/raw/faulty/Faulty_solar_panel/Dusty/Dust (75).jpg,Dusty,Dusty,Dusty,Faulty_solar_panel,test
e860713dbb7a,Data/raw/faulty/Faulty_solar_panel/Dusty/Dust (76).jpg,Dusty,Dusty,Dusty,Faulty_solar_panel,train
77f3611b3449,Data/raw/faulty/Faulty_solar_panel/Dusty/Dust (77).jpg,Dusty,Dusty,Dusty,Faulty_solar_panel,test
dbb3c548d50f,Data/raw/faulty/Faulty_solar_panel/Dusty/Dust (78).jpg,Dusty,Dusty,Dusty,Faulty_solar_panel,train
6f7f399e3c07,Data/raw/faulty/Faulty_solar_panel/Dusty/Dust (79).jpg,Dusty,Dusty,Dusty,Faulty_solar_panel,test
68d30ae737f6,Data/raw/faulty/Faulty_solar_panel/Dusty/Dust (8).jpg,Dusty,Dusty,Dusty,Faulty_solar_panel,train
d0f5a3f97633,Data/raw/faulty/Faulty_solar_panel/Dusty/Dust (80).jpg,Dusty,Dusty,Dusty,Faulty_solar_panel,train
b8622a9e4f9e,Data/raw/faulty/Faulty_solar_panel/Dusty/Dust (81).jpg,Dusty,Dusty,Dusty,Faulty_solar_panel,train
1baaa1d09dfe,Data/raw/faulty/Faulty_solar_panel/Dusty/Dust (82).jpg,Dusty,Dusty,Dusty,Faulty_solar_panel,train
2ab5c32c405d,Data/raw/faulty/Faulty_solar_panel/Dusty/Dust (83).jpg,Dusty,Dusty,Dusty,Faulty_solar_panel,train
de91957764e1,Data/raw/faulty/Faulty_solar_panel/Dusty/Dust (84).jpg,Dusty,Dusty,Dusty,Faulty_solar_panel,train
95fe040e790e,Data/raw/faulty/Faulty_solar_panel/Dusty/Dust (85).jpg,Dusty,Dusty,Dusty,Faulty_solar_panel,train
0234af13360f,Data/raw/faulty/Faulty_solar_panel/Dusty/Dust (86).jpg,Dusty,Dusty,Dusty,Faulty_solar_panel,val
960c59f4549a,Data/raw/faulty/Faulty_solar_panel/Dusty/Dust (87).jpg,Dusty,Dusty,Dusty,Faulty_solar_panel,train
030346b65429,Data/raw/faulty/Faulty_solar_panel/Dusty/Dust (88).jpg,Dusty,Dusty,Dusty,Faulty_solar_panel,train
feb17793551f,Data/raw/faulty/Faulty_solar_panel/Dusty/Dust (89).jpg,Dusty,Dusty,Dusty,Faulty_solar_panel,val
c0c4a99cc6e6,Data/raw/faulty/Faulty_solar_panel/Dusty/Dust (9).jpg,Dusty,Dusty,Dusty,Faulty_solar_panel,val
b4dd9c90f7f7,Data/raw/faulty/Faulty_solar_panel/Dusty/Dust (90).jpg,Dusty,Dusty,Dusty,Faulty_solar_panel,val
6b144136e5e1,Data/raw/faulty/Faulty_solar_panel/Dusty/Dust (91).jpg,Dusty,Dusty,Dusty,Faulty_solar_panel,train
bca5d9483370,Data/raw/faulty/Faulty_solar_panel/Dusty/Dust (92).jpg,Dusty,Dusty,Dusty,Faulty_solar_panel,val
fdb525b48528,Data/raw/faulty/Faulty_solar_panel/Dusty/Dust (93).jpg,Dusty,Dusty,Dusty,Faulty_solar_panel,train
f8732b215f56,Data/raw/faulty/Faulty_solar_panel/Dusty/Dust (94).jpg,Dusty,Dusty,Dusty,Faulty_solar_panel,train
01cd3d917145,Data/raw/faulty/Faulty_solar_panel/Dusty/Dust (95).jpg,Dusty,Dusty,Dusty,Faulty_solar_panel,train
3f03048e81a8,Data/raw/faulty/Faulty_solar_panel/Dusty/Dust (96).jpg,Dusty,Dusty,Dusty,Faulty_solar_panel,train
895e1a8dba4c,Data/raw/faulty/Faulty_solar_panel/Dusty/Dust (97).jpg,Dusty,Dusty,Dusty,Faulty_solar_panel,train
e6bd2e6bcce2,Data/raw/faulty/Faulty_solar_panel/Dusty/Dust (98).jpg,Dusty,Dusty,Dusty,Faulty_solar_panel,val
c78d0a90ed3d,Data/raw/faulty/Faulty_solar_panel/Dusty/Dust (99).jpg,Dusty,Dusty,Dusty,Faulty_solar_panel,train
a84faa82901b,Data/raw/faulty/Faulty_solar_panel/Electrical-damage/Electrical (1).jpg,Electrical-damage,Electrical-damage,Electrical-damage,Faulty_solar_panel,val
cb989cff24dc,Data/raw/faulty/Faulty_solar_panel/Electrical-damage/Electrical (1).png,Electrical-damage,Electrical-damage,Electrical-damage,Faulty_solar_panel,train
4dfe0fec0cb1,Data/raw/faulty/Faulty_solar_panel/Electrical-damage/Electrical (10).jpg,Electrical-damage,Electrical-damage,Electrical-damage,Faulty_solar_panel,test
3bdf384182ea,Data/raw/faulty/Faulty_solar_panel/Electrical-damage/Electrical (11).jpg,Electrical-damage,Electrical-damage,Electrical-damage,Faulty_solar_panel,train
e6106688cad7,Data/raw/faulty/Faulty_solar_panel/Electrical-damage/Electrical (12).jpg,Electrical-damage,Electrical-damage,Electrical-damage,Faulty_solar_panel,test
82b49bc041c4,Data/raw/faulty/Faulty_solar_panel/Electrical-damage/Electrical (13).jpg,Electrical-damage,Electrical-damage,Electrical-damage,Faulty_solar_panel,test
3993fc765d0f,Data/raw/faulty/Faulty_solar_panel/Electrical-damage/Electrical (14).jpg,Electrical-damage,Electrical-damage,Electrical-damage,Faulty_solar_panel,train
9f6f396d85fb,Data/raw/faulty/Faulty_solar_panel/Electrical-damage/Electrical (15).jpg,Electrical-damage,Electrical-damage,Electrical-damage,Faulty_solar_panel,val
15d273f94725,Data/raw/faulty/Faulty_solar_panel/Electrical-damage/Electrical (16).jpg,Electrical-damage,Electrical-damage,Electrical-damage,Faulty_solar_panel,train
8a7b7c80f2fe,Data/raw/faulty/Faulty_solar_panel/Electrical-damage/Electrical (17).jpg,Electrical-damage,Electrical-damage,Electrical-damage,Faulty_solar_panel,test
4b91feaff651,Data/raw/faulty/Faulty_solar_panel/Electrical-damage/Electrical (18).jpg,Electrical-damage,Electrical-damage,Electrical-damage,Faulty_solar_panel,train
8374c2ae2a17,Data/raw/faulty/Faulty_solar_panel/Electrical-damage/Electrical (19).jpg,Electrical-damage,Electrical-damage,Electrical-damage,Faulty_solar_panel,train
99e797265964,Data/raw/faulty/Faulty_solar_panel/Electrical-damage/Electrical (2).JPG,Electrical-damage,Electrical-damage,Electrical-damage,Faulty_solar_panel,val
22edc58b25f1,Data/raw/faulty/Faulty_solar_panel/Electrical-damage/Electrical (2).png,Electrical-damage,Electrical-damage,Electrical-damage,Faulty_solar_panel,train
24cab8a10fc6,Data/raw/faulty/Faulty_solar_panel/Electrical-damage/Electrical (20).jpg,Electrical-damage,Electrical-damage,Electrical-damage,Faulty_solar_panel,train
6e81184c193f,Data/raw/faulty/Faulty_solar_panel/Electrical-damage/Electrical (21).jpg,Electrical-damage,Electrical-damage,Electrical-damage,Faulty_solar_panel,train
0f51a2d155bd,Data/raw/faulty/Faulty_solar_panel/Electrical-damage/Electrical (22).jpg,Electrical-damage,Electrical-damage,Electrical-damage,Faulty_solar_panel,train
8a5954eae044,Data/raw/faulty/Faulty_solar_panel/Electrical-damage/Electrical (23).jpg,Electrical-damage,Electrical-damage,Electrical-damage,Faulty_solar_panel,train
f7f30328f5ae,Data/raw/faulty/Faulty_solar_panel/Electrical-damage/Electrical (24).jpg,Electrical-damage,Electrical-damage,Electrical-damage,Faulty_solar_panel,train
64466e3e82a0,Data/raw/faulty/Faulty_solar_panel/Electrical-damage/Electrical (25).jpg,Electrical-damage,Electrical-damage,Electrical-damage,Faulty_solar_panel,test
3b614c912ae4,Data/raw/faulty/Faulty_solar_panel/Electrical-damage/Electrical (26).jpg,Electrical-damage,Electrical-damage,Electrical-damage,Faulty_solar_panel,train
61902e8654c4,Data/raw/faulty/Faulty_solar_panel/Electrical-damage/Electrical (27).jpg,Electrical-damage,Electrical-damage,Electrical-damage,Faulty_solar_panel,train
09df281732c7,Data/raw/faulty/Faulty_solar_panel/Electrical-damage/Electrical (28).jpg,Electrical-damage,Electrical-damage,Electrical-damage,Faulty_solar_panel,test
d8dc558873ac,Data/raw/faulty/Faulty_solar_panel/Electrical-damage/Electrical (29).jpg,Electrical-damage,Electrical-damage,Electrical-damage,Faulty_solar_panel,train
97f40298aaa0,Data/raw/faulty/Faulty_solar_panel/Electrical-damage/Electrical (3).JPG,Electrical-damage,Electrical-damage,Electrical-damage,Faulty_solar_panel,test
4c729d8c53dc,Data/raw/faulty/Faulty_solar_panel/Electrical-damage/Electrical (3).png,Electrical-damage,Electrical-damage,Electrical-damage,Faulty_solar_panel,train
2c744577402f,Data/raw/faulty/Faulty_solar_panel/Electrical-damage/Electrical (30).jpg,Electrical-damage,Electrical-damage,Electrical-damage,Faulty_solar_panel,train
41370e74f55f,Data/raw/faulty/Faulty_solar_panel/Electrical-damage/Electrical (31).jpg,Electrical-damage,Electrical-damage,Electrical-damage,Faulty_solar_panel,test
af6586774868,Data/raw/faulty/Faulty_solar_panel/Electrical-damage/Electrical (32).jpg,Electrical-damage,Electrical-damage,Electrical-damage,Faulty_solar_panel,train
3e8d16436c4c,Data/raw/faulty/Faulty_solar_panel/Electrical-damage/Electrical (33).jpg,Electrical-damage,Electrical-damage,Electrical-damage,Faulty_solar_panel,train
69c72d33e03a,Data/raw/faulty/Faulty_solar_panel/Electrical-damage/Electrical (34).jpg,Electrical-damage,Electrical-damage,Electrical-damage,Faulty_solar_panel,train
b07768bb1a80,Data/raw/faulty/Faulty_solar_panel/Electrical-damage/Electrical (35).jpg,Electrical-damage,Electrical-damage,Electrical-damage,Faulty_solar_panel,train
49c60ea82930,Data/raw/faulty/Faulty_solar_panel/Electrical-damage/Electrical (36).jpg,Electrical-damage,Electrical-damage,Electrical-damage,Faulty_solar_panel,train
10113aa2545e,Data/raw/faulty/Faulty_solar_panel/Electrical-damage/Electrical (37).jpg,Electrical-damage,Electrical-damage,Electrical-damage,Faulty_solar_panel,val
1d0bbc8fa86e,Data/raw/faulty/Faulty_solar_panel/Electrical-damage/Electrical (38).jpg,Electrical-damage,Electrical-damage,Electrical-damage,Faulty_solar_panel,train
05689a2b0376,Data/raw/faulty/Faulty_solar_panel/Electrical-damage/Electrical (39).jpg,Electrical-damage,Electrical-damage,Electrical-damage,Faulty_solar_panel,test
ac010a37a2ce,Data/raw/faulty/Faulty_solar_panel/Electrical-damage/Electrical (4).JPG,Electrical-damage,Electrical-damage,Electrical-damage,Faulty_solar_panel,train
3526c1706273,Data/raw/faulty/Faulty_solar_panel/Electrical-damage/Electrical (4).png,Electrical-damage,Electrical-damage,Electrical-damage,Faulty_solar_panel,val
7eafb4889334,Data/raw/faulty/Faulty_solar_panel/Electrical-damage/Electrical (40).jpg,Electrical-damage,Electrical-damage,Electrical-damage,Faulty_solar_panel,val
4ca972be9c88,Data/raw/faulty/Faulty_solar_panel/Electrical-damage/Electrical (41).jpg,Electrical-damage,Electrical-damage,Electrical-damage,Faulty_solar_panel,train
80410901f0fe,Data/raw/faulty/Faulty_solar_panel/Electrical-damage/Electrical (42).jpg,Electrical-damage,Electrical-damage,Electrical-damage,Faulty_solar_panel,train
445d0262bbf2,Data/raw/faulty/Faulty_solar_panel/Electrical-damage/Electrical (43).jpg,Electrical-damage,Electrical-damage,Electrical-damage,Faulty_solar_panel,train
8328ac8fea8d,Data/raw/faulty/Faulty_solar_panel/Electrical-damage/Electrical (44).jpg,Electrical-damage,Electrical-damage,Electrical-damage,Faulty_solar_panel,train
2588b592e56b,Data/raw/faulty/Faulty_solar_panel/Electrical-damage/Electrical (45).jpg,Electrical-damage,Electrical-damage,Electrical-damage,Faulty_solar_panel,train
dcf756dd07b6,Data/raw/faulty/Faulty_solar_panel/Electrical-damage/Electrical (46).jpg,Electrical-damage,Electrical-damage,Electrical-damage,Faulty_solar_panel,train
d78e5daba36b,Data/raw/faulty/Faulty_solar_panel/Electrical-damage/Electrical (47).jpg,Electrical-damage,Electrical-damage,Electrical-damage,Faulty_solar_panel,val
d2c0812863b4,Data/raw/faulty/Faulty_solar_panel/Electrical-damage/Electrical (48).jpg,Electrical-damage,Electrical-damage,Electrical-damage,Faulty_solar_panel,test
50d8298a425c,Data/raw/faulty/Faulty_solar_panel/Electrical-damage/Electrical (49).jpg,Electrical-damage,Electrical-damage,Electrical-damage,Faulty_solar_panel,train
8f080bf68a34,Data/raw/faulty/Faulty_solar_panel/Electrical-damage/Electrical (5).jpg,Electrical-damage,Electrical-damage,Electrical-damage,Faulty_solar_panel,train
d0dc0e8fdba8,Data/raw/faulty/Faulty_solar_panel/Electrical-damage/Electrical (50).jpg,Electrical-damage,Electrical-damage,Electrical-damage,Faulty_solar_panel,train
33c12f7ebeab,Data/raw/faulty/Faulty_solar_panel/Electrical-damage/Electrical (51).jpg,Electrical-damage,Electrical-damage,Electrical-damage,Faulty_solar_panel,train
4d10181d7447,Data/raw/faulty/Faulty_solar_panel/Electrical-damage/Electrical (52).jpg,Electrical-damage,Electrical-damage,Electrical-damage,Faulty_solar_panel,train
023eab24a9a8,Data/raw/faulty/Faulty_solar_panel/Electrical-damage/Electrical (53).JPG,Electrical-damage,Electrical-damage,Electrical-damage,Faulty_solar_panel,train
9b405a2c1bfe,Data/raw/faulty/Faulty_solar_panel/Electrical-damage/Electrical (54).jpg,Electrical-damage,Electrical-damage,Electrical-damage,Faulty_solar_panel,train
e58c3a22e873,Data/raw/faulty/Faulty_solar_panel/Electrical-damage/Electrical (55).jpg,Electrical-damage,Electrical-damage,Electrical-damage,Faulty_solar_panel,train
18d36e7b561f,Data/raw/faulty/Faulty_solar_panel/Electrical-damage/Electrical (56).jpg,Electrical-damage,Electrical-damage,Electrical-damage,Faulty_solar_panel,train
237b4413dfc0,Data/raw/faulty/Faulty_solar_panel/Electrical-damage/Electrical (57).JPG,Electrical-damage,Electrical-damage,Electrical-damage,Faulty_solar_panel,train
cfd4d2826f50,Data/raw/faulty/Faulty_solar_panel/Electrical-damage/Electrical (58).jpg,Electrical-damage,Electrical-damage,Electrical-damage,Faulty_solar_panel,train
dfd8a281531d,Data/raw/faulty/Faulty_solar_panel/Electrical-damage/Electrical (59).jpg,Electrical-damage,Electrical-damage,Electrical-damage,Faulty_solar_panel,train
9a2ddc5cd305,Data/raw/faulty/Faulty_solar_panel/Electrical-damage/Electrical (6).jpg,Electrical-damage,Electrical-damage,Electrical-damage,Faulty_solar_panel,train
4b28da7cb978,Data/raw/faulty/Faulty_solar_panel/Electrical-damage/Electrical (60).jpg,Electrical-damage,Electrical-damage,Electrical-damage,Faulty_solar_panel,train
9b2eecda61bc,Data/raw/faulty/Faulty_solar_panel/Electrical-damage/Electrical (61).jpg,Electrical-damage,Electrical-damage,Electrical-damage,Faulty_solar_panel,train
04bb904b3b8c,Data/raw/faulty/Faulty_solar_panel/Electrical-damage/Electrical (62).jpg,Electrical-damage,Electrical-damage,Electrical-damage,Faulty_solar_panel,train
87d005e411f1,Data/raw/faulty/Faulty_solar_panel/Electrical-damage/Electrical (63).jpg,Electrical-damage,Electrical-damage,Electrical-damage,Faulty_solar_panel,train
9b33e2c06d8b,Data/raw/faulty/Faulty_solar_panel/Electrical-damage/Electrical (64).JPG,Electrical-damage,Electrical-damage,Electrical-damage,Faulty_solar_panel,val
9e60f7b80095,Data/raw/faulty/Faulty_solar_panel/Electrical-damage/Electrical (65).JPG,Electrical-damage,Electrical-damage,Electrical-damage,Faulty_solar_panel,train
31f31ffdf82a,Data/raw/faulty/Faulty_solar_panel/Electrical-damage/Electrical (66).JPG,Electrical-damage,Electrical-damage,Electrical-damage,Faulty_solar_panel,train
20f402cb0144,Data/raw/faulty/Faulty_solar_panel/Electrical-damage/Electrical (67).JPG,Electrical-damage,Electrical-damage,Electrical-damage,Faulty_solar_panel,train
98164e12b3d5,Data/raw/faulty/Faulty_solar_panel/Electrical-damage/Electrical (68).JPG,Electrical-damage,Electrical-damage,Electrical-damage,Faulty_solar_panel,train
1cce9da1fa5e,Data/raw/faulty/Faulty_solar_panel/Electrical-damage/Electrical (69).jpg,Electrical-damage,Electrical-damage,Electrical-damage,Faulty_solar_panel,test
8e041c6880bd,Data/raw/faulty/Faulty_solar_panel/Electrical-damage/Electrical (7).jpg,Electrical-damage,Electrical-damage,Electrical-damage,Faulty_solar_panel,train
f640f97f7cda,Data/raw/faulty/Faulty_solar_panel/Electrical-damage/Electrical (70).jpg,Electrical-damage,Electrical-damage,Electrical-damage,Faulty_solar_panel,test
d7b612e759c9,Data/raw/faulty/Faulty_solar_panel/Electrical-damage/Electrical (71).jpg,Electrical-damage,Electrical-damage,Electrical-damage,Faulty_solar_panel,test
e0695ce3f1ac,Data/raw/faulty/Faulty_solar_panel/Electrical-damage/Electrical (72).jpg,Electrical-damage,Electrical-damage,Electrical-damage,Faulty_solar_panel,train
97c214136051,Data/raw/faulty/Faulty_solar_panel/Electrical-damage/Electrical (73).JPG,Electrical-damage,Electrical-damage,Electrical-damage,Faulty_solar_panel,train
6c7efd5a9ea3,Data/raw/faulty/Faulty_solar_panel/Electrical-damage/Electrical (74).jpg,Electrical-damage,Electrical-damage,Electrical-damage,Faulty_solar_panel,train
6c45abae54d7,Data/raw/faulty/Faulty_solar_panel/Electrical-damage/Electrical (75).jpg,Electrical-damage,Electrical-damage,Electrical-damage,Faulty_solar_panel,train
c6da001f182d,Data/raw/faulty/Faulty_solar_panel/Electrical-damage/Electrical (76).jpg,Electrical-damage,Electrical-damage,Electrical-damage,Faulty_solar_panel,train
9c9dbf265f80,Data/raw/faulty/Faulty_solar_panel/Electrical-damage/Electrical (77).jpg,Electrical-damage,Electrical-damage,Electrical-damage,Faulty_solar_panel,train
fe2ea8fba71b,Data/raw/faulty/Faulty_solar_panel/Electrical-damage/Electrical (78).jpg,Electrical-damage,Electrical-damage,Electrical-damage,Faulty_solar_panel,train
f395aed1a756,Data/raw/faulty/Faulty_solar_panel/Electrical-damage/Electrical (79).jpg,Electrical-damage,Electrical-damage,Electrical-damage,Faulty_solar_panel,train
796fac063622,Data/raw/faulty/Faulty_solar_panel/Electrical-damage/Electrical (8).jpg,Electrical-damage,Electrical-damage,Electrical-damage,Faulty_solar_panel,test
75fbb5849039,Data/raw/faulty/Faulty_solar_panel/Electrical-damage/Electrical (80).jpg,Electrical-damage,Electrical-damage,Electrical-damage,Faulty_solar_panel,val
635be7d58a67,Data/raw/faulty/Faulty_solar_panel/Electrical-damage/Electrical (81).jpg,Electrical-damage,Electrical-damage,Electrical-damage,Faulty_solar_panel,val
8a909f62bc57,Data/raw/faulty/Faulty_solar_panel/Electrical-damage/Electrical (82).jpg,Electrical-damage,Electrical-damage,Electrical-damage,Faulty_solar_panel,val
7e416995fce0,Data/raw/faulty/Faulty_solar_panel/Electrical-damage/Electrical (83).jpg,Electrical-damage,Electrical-damage,Electrical-damage,Faulty_solar_panel,train
5270cbe57029,Data/raw/faulty/Faulty_solar_panel/Electrical-damage/Electrical (84).jpg,Electrical-damage,Electrical-damage,Electrical-damage,Faulty_solar_panel,train
3f1d9193b868,Data/raw/faulty/Faulty_solar_panel/Electrical-damage/Electrical (85).JPG,Electrical-damage,Electrical-damage,Electrical-damage,Faulty_solar_panel,train
71f91c9c0d25,Data/raw/faulty/Faulty_solar_panel/Electrical-damage/Electrical (86).JPG,Electrical-damage,Electrical-damage,Electrical-damage,Faulty_solar_panel,train
43cfa25a5a30,Data/raw/faulty/Faulty_solar_panel/Electrical-damage/Electrical (87).jpg,Electrical-damage,Electrical-damage,Electrical-damage,Faulty_solar_panel,val
4ecd572c2a38,Data/raw/faulty/Faulty_solar_panel/Electrical-damage/Electrical (88).jpg,Electrical-damage,Electrical-damage,Electrical-damage,Faulty_solar_panel,train
533cd465b148,Data/raw/faulty/Faulty_solar_panel/Electrical-damage/Electrical (89).jpg,Electrical-damage,Electrical-damage,Electrical-damage,Faulty_solar_panel,train
dbd1f6d4b42e,Data/raw/faulty/Faulty_solar_panel/Electrical-damage/Electrical (9).jpg,Electrical-damage,Electrical-damage,Electrical-damage,Faulty_solar_panel,val
05a1c1a8180d,Data/raw/faulty/Faulty_solar_panel/Electrical-damage/Electrical (90).jpg,Electrical-damage,Electrical-damage,Electrical-damage,Faulty_solar_panel,val
841f91c23e8d,Data/raw/faulty/Faulty_solar_panel/Electrical-damage/Electrical (91).jpg,Electrical-damage,Electrical-damage,Electrical-damage,Faulty_solar_panel,test
ebcc319b66cb,Data/raw/faulty/Faulty_solar_panel/Electrical-damage/Electrical (92).jpg,Electrical-damage,Electrical-damage,Electrical-damage,Faulty_solar_panel,train
7c8165687ee1,Data/raw/faulty/Faulty_solar_panel/Electrical-damage/Electrical (93).jpg,Electrical-damage,Electrical-damage,Electrical-damage,Faulty_solar_panel,train
8854e06ca296,Data/raw/faulty/Faulty_solar_panel/Electrical-damage/Electrical (94).jpg,Electrical-damage,Electrical-damage,Electrical-damage,Faulty_solar_panel,train
dfaa189f3de6,Data/raw/faulty/Faulty_solar_panel/Electrical-damage/Electrical (95).jpg,Electrical-damage,Electrical-damage,Electrical-damage,Faulty_solar_panel,test
4c412eae0be3,Data/raw/faulty/Faulty_solar_panel/Electrical-damage/Electrical (96).jpg,Electrical-damage,Electrical-damage,Electrical-damage,Faulty_solar_panel,train
dfcda9fe7996,Data/raw/faulty/Faulty_solar_panel/Electrical-damage/Electrical (97).jpg,Electrical-damage,Electrical-damage,Electrical-damage,Faulty_solar_panel,val
77c00606d17c,Data/raw/faulty/Faulty_solar_panel/Electrical-damage/Electrical (98).jpg,Electrical-damage,Electrical-damage,Electrical-damage,Faulty_solar_panel,train
89562588d4b6,Data/raw/faulty/Faulty_solar_panel/Electrical-damage/Electrical (99).jpg,Electrical-damage,Electrical-damage,Electrical-damage,Faulty_solar_panel,train
9689a9d77d90,Data/raw/faulty/Faulty_solar_panel/Physical-Damage/Physical (1).jpg,Physical-Damage,Physical-Damage,Physical-Damage,Faulty_solar_panel,train
070899ad14d4,Data/raw/faulty/Faulty_solar_panel/Physical-Damage/Physical (10).jpg,Physical-Damage,Physical-Damage,Physical-Damage,Faulty_solar_panel,train
f3450e6233c3,Data/raw/faulty/Faulty_solar_panel/Physical-Damage/Physical (11).jpg,Physical-Damage,Physical-Damage,Physical-Damage,Faulty_solar_panel,train
a22e2c99c83d,Data/raw/faulty/Faulty_solar_panel/Physical-Damage/Physical (12).jpg,Physical-Damage,Physical-Damage,Physical-Damage,Faulty_solar_panel,train
75a3a5b6335c,Data/raw/faulty/Faulty_solar_panel/Physical-Damage/Physical (13).jpg,Physical-Damage,Physical-Damage,Physical-Damage,Faulty_solar_panel,train
adb35e2a20b8,Data/raw/faulty/Faulty_solar_panel/Physical-Damage/Physical (14).jpg,Physical-Damage,Physical-Damage,Physical-Damage,Faulty_solar_panel,train
7e8223f50fdf,Data/raw/faulty/Faulty_solar_panel/Physical-Damage/Physical (15).jpg,Physical-Damage,Physical-Damage,Physical-Damage,Faulty_solar_panel,train
cac93514f03b,Data/raw/faulty/Faulty_solar_panel/Physical-Damage/Physical (16).jpg,Physical-Damage,Physical-Damage,Physical-Damage,Faulty_solar_panel,test
9b36949a0790,Data/raw/faulty/Faulty_solar_panel/Physical-Damage/Physical (17).jpg,Physical-Damage,Physical-Damage,Physical-Damage,Faulty_solar_panel,train
5f7ec5c6a2bd,Data/raw/faulty/Faulty_solar_panel/Physical-Damage/Physical (18).jpg,Physical-Damage,Physical-Damage,Physical-Damage,Faulty_solar_panel,train
4d6c26e071f0,Data/raw/faulty/Faulty_solar_panel/Physical-Damage/Physical (19).jpg,Physical-Damage,Physical-Damage,Physical-Damage,Faulty_solar_panel,test
68b8d79a9a7b,Data/raw/faulty/Faulty_solar_panel/Physical-Damage/Physical (2).jpg,Physical-Damage,Physical-Damage,Physical-Damage,Faulty_solar_panel,test
1f43e800a70d,Data/raw/faulty/Faulty_solar_panel/Physical-Damage/Physical (20).jpg,Physical-Damage,Physical-Damage,Physical-Damage,Faulty_solar_panel,train
442a665ef6b2,Data/raw/faulty/Faulty_solar_panel/Physical-Damage/Physical (21).jpg,Physical-Damage,Physical-Damage,Physical-Damage,Faulty_solar_panel,val
0b85ebf9cab3,Data/raw/faulty/Faulty_solar_panel/Physical-Damage/Physical (22).jpg,Physical-Damage,Physical-Damage,Physical-Damage,Faulty_solar_panel,test
e76e54bfc665,Data/raw/faulty/Faulty_solar_panel/Physical-Damage/Physical (23).jpg,Physical-Damage,Physical-Damage,Physical-Damage,Faulty_solar_panel,test
a9765e7b1cab,Data/raw/faulty/Faulty_solar_panel/Physical-Damage/Physical (24).jpg,Physical-Damage,Physical-Damage,Physical-Damage,Faulty_solar_panel,train
1d01365df27a,Data/raw/faulty/Faulty_solar_panel/Physical-Damage/Physical (25).jpg,Physical-Damage,Physical-Damage,Physical-Damage,Faulty_solar_panel,val
3617029cc2ff,Data/raw/faulty/Faulty_solar_panel/Physical-Damage/Physical (26).JPG,Physical-Damage,Physical-Damage,Physical-Damage,Faulty_solar_panel,train
433de5de6751,Data/raw/faulty/Faulty_solar_panel/Physical-Damage/Physical (27).JPG,Physical-Damage,Physical-Damage,Physical-Damage,Faulty_solar_panel,train
8020f99d28c5,Data/raw/faulty/Faulty_solar_panel/Physical-Damage/Physical (28).jpg,Physical-Damage,Physical-Damage,Physical-Damage,Faulty_solar_panel,val
cb8fa00d6ca8,Data/raw/faulty/Faulty_solar_panel/Physical-Damage/Physical (29).jpg,Physical-Damage,Physical-Damage,Physical-Damage,Faulty_solar_panel,train
881d7d53f2bb,Data/raw/faulty/Faulty_solar_panel/Physical-Damage/Physical (3).jpg,Physical-Damage,Physical-Damage,Physical-Damage,Faulty_solar_panel,train
abd431ea39c0,Data/raw/faulty/Faulty_solar_panel/Physical-Damage/Physical (30).jpg,Physical-Damage,Physical-Damage,Physical-Damage,Faulty_solar_panel,test
d65a407b6fb2,Data/raw/faulty/Faulty_solar_panel/Physical-Damage/Physical (31).jpg,Physical-Damage,Physical-Damage,Physical-Damage,Faulty_solar_panel,test
228e2b2aebf5,Data/raw/faulty/Faulty_solar_panel/Physical-Damage/Physical (32).jpg,Physical-Damage,Physical-Damage,Physical-Damage,Faulty_solar_panel,train
c760dac9e0bd,Data/raw/faulty/Faulty_solar_panel/Physical-Damage/Physical (33).jpg,Physical-Damage,Physical-Damage,Physical-Damage,Faulty_solar_panel,train
cfacf096c692,Data/raw/faulty/Faulty_solar_panel/Physical-Damage/Physical (34).jpg,Physical-Damage,Physical-Damage,Physical-Damage,Faulty_solar_panel,train
fc5ba3c32d19,Data/raw/faulty/Faulty_solar_panel/Physical-Damage/Physical (35).jpg,Physical-Damage,Physical-Damage,Physical-Damage,Faulty_solar_panel,train
04a910a3f185,Data/raw/faulty/Faulty_solar_panel/Physical-Damage/Physical (36).jpg,Physical-Damage,Physical-Damage,Physical-Damage,Faulty_solar_panel,train
11456c33b973,Data/raw/faulty/Faulty_solar_panel/Physical-Damage/Physical (37).jpg,Physical-Damage,Physical-Damage,Physical-Damage,Faulty_solar_panel,val
279b5c3c9651,Data/raw/faulty/Faulty_solar_panel/Physical-Damage/Physical (38).jpg,Physical-Damage,Physical-Damage,Physical-Damage,Faulty_solar_panel,train
c73fa2fb770a,Data/raw/faulty/Faulty_solar_panel/Physical-Damage/Physical (39).jpg,Physical-Damage,Physical-Damage,Physical-Damage,Faulty_solar_panel,train
b382a8079d86,Data/raw/faulty/Faulty_solar_panel/Physical-Damage/Physical (4).jpg,Physical-Damage,Physical-Damage,Physical-Damage,Faulty_solar_panel,train
280836f9cc98,Data/raw/faulty/Faulty_solar_panel/Physical-Damage/Physical (40).jpg,Physical-Damage,Physical-Damage,Physical-Damage,Faulty_solar_panel,train
02e37f57a2dc,Data/raw/faulty/Faulty_solar_panel/Physical-Damage/Physical (41).jpg,Physical-Damage,Physical-Damage,Physical-Damage,Faulty_solar_panel,train
6d240cba2a68,Data/raw/faulty/Faulty_solar_panel/Physical-Damage/Physical (42).jpg,Physical-Damage,Physical-Damage,Physical-Damage,Faulty_solar_panel,train
77dfd9481052,Data/raw/faulty/Faulty_solar_panel/Physical-Damage/Physical (43).jpg,Physical-Damage,Physical-Damage,Physical-Damage,Faulty_solar_panel,val
ef38ec63c720,Data/raw/faulty/Faulty_solar_panel/Physical-Damage/Physical (44).jpg,Physical-Damage,Physical-Damage,Physical-Damage,Faulty_solar_panel,train
ea27931ca9f5,Data/raw/faulty/Faulty_solar_panel/Physical-Damage/Physical (45).jpg,Physical-Damage,Physical-Damage,Physical-Damage,Faulty_solar_panel,train
6c1185d1937b,Data/raw/faulty/Faulty_solar_panel/Physical-Damage/Physical (46).jpg,Physical-Damage,Physical-Damage,Physical-Damage,Faulty_solar_panel,test
271e59ae2eda,Data/raw/faulty/Faulty_solar_panel/Physical-Damage/Physical (47).jpg,Physical-Damage,Physical-Damage,Physical-Damage,Faulty_solar_panel,train
6ff32aed680a,Data/raw/faulty/Faulty_solar_panel/Physical-Damage/Physical (48).jpg,Physical-Damage,Physical-Damage,Physical-Damage,Faulty_solar_panel,train
eea12f832fad,Data/raw/faulty/Faulty_solar_panel/Physical-Damage/Physical (49).jpg,Physical-Damage,Physical-Damage,Physical-Damage,Faulty_solar_panel,train
f169b9ddb001,Data/raw/faulty/Faulty_solar_panel/Physical-Damage/Physical (5).jpg,Physical-Damage,Physical-Damage,Physical-Damage,Faulty_solar_panel,test
d7f1f745d909,Data/raw/faulty/Faulty_solar_panel/Physical-Damage/Physical (50).jpg,Physical-Damage,Physical-Damage,Physical-Damage,Faulty_solar_panel,train
1d2b1ceed706,Data/raw/faulty/Faulty_solar_panel/Physical-Damage/Physical (51).jpg,Physical-Damage,Physical-Damage,Physical-Damage,Faulty_solar_panel,train
446a0f6c9883,Data/raw/faulty/Faulty_solar_panel/Physical-Damage/Physical (52).JPG,Physical-Damage,Physical-Damage,Physical-Damage,Faulty_solar_panel,train
a530be251ec4,Data/raw/faulty/Faulty_solar_panel/Physical-Damage/Physical (53).jpg,Physical-Damage,Physical-Damage,Physical-Damage,Faulty_solar_panel,train
5d4d474ec68e,Data/raw/faulty/Faulty_solar_panel/Physical-Damage/Physical (54).jpg,Physical-Damage,Physical-Damage,Physical-Damage,Faulty_solar_panel,train
c57f00e7068a,Data/raw/faulty/Faulty_solar_panel/Physical-Damage/Physical (55).jpg,Physical-Damage,Physical-Damage,Physical-Damage,Faulty_solar_panel,val
7fe617a3813d,Data/raw/faulty/Faulty_solar_panel/Physical-Damage/Physical (56).jpg,Physical-Damage,Physical-Damage,Physical-Damage,Faulty_solar_panel,train
d9c9e50a8000,Data/raw/faulty/Faulty_solar_panel/Physical-Damage/Physical (57).jpg,Physical-Damage,Physical-Damage,Physical-Damage,Faulty_solar_panel,train
ca33abf34151,Data/raw/faulty/Faulty_solar_panel/Physical-Damage/Physical (58).jpg,Physical-Damage,Physical-Damage,Physical-Damage,Faulty_solar_panel,train
db07b5135dcf,Data/raw/faulty/Faulty_solar_panel/Physical-Damage/Physical (59).jpg,Physical-Damage,Physical-Damage,Physical-Damage,Faulty_solar_panel,train
cf23984a091d,Data/raw/faulty/Faulty_solar_panel/Physical-Damage/Physical (6).jpg,Physical-Damage,Physical-Damage,Physical-Damage,Faulty_solar_panel,val
e41ee8c1a45e,Data/raw/faulty/Faulty_solar_panel/Physical-Damage/Physical (60).jpg,Physical-Damage,Physical-Damage,Physical-Damage,Faulty_solar_panel,train
f72caed532da,Data/raw/faulty/Faulty_solar_panel/Physical-Damage/Physical (61).jpg,Physical-Damage,Physical-Damage,Physical-Damage,Faulty_solar_panel,test
343bac097864,Data/raw/faulty/Faulty_solar_panel/Physical-Damage/Physical (62).jpg,Physical-Damage,Physical-Damage,Physical-Damage,Faulty_solar_panel,train
7b4a210ea461,Data/raw/faulty/Faulty_solar_panel/Physical-Damage/Physical (63).jpg,Physical-Damage,Physical-Damage,Physical-Damage,Faulty_solar_panel,val
fa46e67ecb13,Data/raw/faulty/Faulty_solar_panel/Physical-Damage/Physical (64).jpg,Physical-Damage,Physical-Damage,Physical-Damage,Faulty_solar_panel,train
04713ec93c68,Data/raw/faulty/Faulty_solar_panel/Physical-Damage/Physical (65).jpg,Physical-Damage,Physical-Damage,Physical-Damage,Faulty_solar_panel,train
7bb0732c00c3,Data/raw/faulty/Faulty_solar_panel/Physical-Damage/Physical (66).jpg,Physical-Damage,Physical-Damage,Physical-Damage,Faulty_solar_panel,train
63659497697e,Data/raw/faulty/Faulty_solar_panel/Physical-Damage/Physical (67).jpg,Physical-Damage,Physical-Damage,Physical-Damage,Faulty_solar_panel,val
a71029eff058,Data/raw/faulty/Faulty_solar_panel/Physical-Damage/Physical (68).jpg,Physical-Damage,Physical-Damage,Physical-Damage,Faulty_solar_panel,val
c76c0c7e1a54,Data/raw/faulty/Faulty_solar_panel/Physical-Damage/Physical (69).jpg,Physical-Damage,Physical-Damage,Physical-Damage,Faulty_solar_panel,train
ec1bc077d5b3,Data/raw/faulty/Faulty_solar_panel/Physical-Damage/Physical (7).jpg,Physical-Damage,Physical-Damage,Physical-Damage,Faulty_solar_panel,test
0772c20c0153,Data/raw/faulty/Faulty_solar_panel/Physical-Damage/Physical (8).jpg,Physical-Damage,Physical-Damage,Physical-Damage,Faulty_solar_panel,train
82afc43d97ce,Data/raw/faulty/Faulty_solar_panel/Physical-Damage/Physical (9).jpg,Physical-Damage,Physical-Damage,Physical-Damage,Faulty_solar_panel,train
991cc96d768f,Data/raw/faulty/Faulty_solar_panel/Snow-Covered/Snow (1).jpg,Snow-Covered,Snow-Covered,Snow-Covered,Faulty_solar_panel,train
630c58086b64,Data/raw/faulty/Faulty_solar_panel/Snow-Covered/Snow (10).jpg,Snow-Covered,Snow-Covered,Snow-Covered,Faulty_solar_panel,test
15b25910a8a7,Data/raw/faulty/Faulty_solar_panel/Snow-Covered/Snow (100).jpg,Snow-Covered,Snow-Covered,Snow-Covered,Faulty_solar_panel,train
56441dfc6348,Data/raw/faulty/Faulty_solar_panel/Snow-Covered/Snow (101).jpg,Snow-Covered,Snow-Covered,Snow-Covered,Faulty_solar_panel,train
ebd6697d3984,Data/raw/faulty/Faulty_solar_panel/Snow-Covered/Snow (102).jpg,Snow-Covered,Snow-Covered,Snow-Covered,Faulty_solar_panel,train
df17143d7378,Data/raw/faulty/Faulty_solar_panel/Snow-Covered/Snow (103).jpg,Snow-Covered,Snow-Covered,Snow-Covered,Faulty_solar_panel,train
896165d83f48,Data/raw/faulty/Faulty_solar_panel/Snow-Covered/Snow (104).jpg,Snow-Covered,Snow-Covered,Snow-Covered,Faulty_solar_panel,train
ca44ab0afa1d,Data/raw/faulty/Faulty_solar_panel/Snow-Covered/Snow (105).jpg,Snow-Covered,Snow-Covered,Snow-Covered,Faulty_solar_panel,train
84d90f3ec4fb,Data/raw/faulty/Faulty_solar_panel/Snow-Covered/Snow (106).jpg,Snow-Covered,Snow-Covered,Snow-Covered,Faulty_solar_panel,train
fd75a83ee939,Data/raw/faulty/Faulty_solar_panel/Snow-Covered/Snow (107).jpg,Snow-Covered,Snow-Covered,Snow-Covered,Faulty_solar_panel,test
335bdf02731e,Data/raw/faulty/Faulty_solar_panel/Snow-Covered/Snow (108).jpg,Snow-Covered,Snow-Covered,Snow-Covered,Faulty_solar_panel,test
da53ce19d22d,Data/raw/faulty/Faulty_solar_panel/Snow-Covered/Snow (109).jpg,Snow-Covered,Snow-Covered,Snow-Covered,Faulty_solar_panel,val
3e9f62013ea4,Data/raw/faulty/Faulty_solar_panel/Snow-Covered/Snow (11).jpg,Snow-Covered,Snow-Covered,Snow-Covered,Faulty_solar_panel,train
50356bbcb10f,Data/raw/faulty/Faulty_solar_panel/Snow-Covered/Snow (110).jpg,Snow-Covered,Snow-Covered,Snow-Covered,Faulty_solar_panel,train
ea60c7a86a71,Data/raw/faulty/Faulty_solar_panel/Snow-Covered/Snow (111).jpg,Snow-Covered,Snow-Covered,Snow-Covered,Faulty_solar_panel,test
63e77e82dcc2,Data/raw/faulty/Faulty_solar_panel/Snow-Covered/Snow (112).jpg,Snow-Covered,Snow-Covered,Snow-Covered,Faulty_solar_panel,train
7d445785fefe,Data/raw/faulty/Faulty_solar_panel/Snow-Covered/Snow (113).jpg,Snow-Covered,Snow-Covered,Snow-Covered,Faulty_solar_panel,train
b31d682b22fa,Data/raw/faulty/Faulty_solar_panel/Snow-Covered/Snow (114).jpg,Snow-Covered,Snow-Covered,Snow-Covered,Faulty_solar_panel,train
720d60d06b83,Data/raw/faulty/Faulty_solar_panel/Snow-Covered/Snow (115).jpg,Snow-Covered,Snow-Covered,Snow-Covered,Faulty_solar_panel,train
664907725207,Data/raw/faulty/Faulty_solar_panel/Snow-Covered/Snow (116).jpg,Snow-Covered,Snow-Covered,Snow-Covered,Faulty_solar_panel,val
474e7a2f4594,Data/raw/faulty/Faulty_solar_panel/Snow-Covered/Snow (117).jpg,Snow-Covered,Snow-Covered,Snow-Covered,Faulty_solar_panel,val
54bba3d5dd6c,Data/raw/faulty/Faulty_solar_panel/Snow-Covered/Snow (118).jpg,Snow-Covered,Snow-Covered,Snow-Covered,Faulty_solar_panel,val
544f6a28784a,Data/raw/faulty/Faulty_solar_panel/Snow-Covered/Snow (119).jpg,Snow-Covered,Snow-Covered,Snow-Covered,Faulty_solar_panel,train
4cfe165ab8a3,Data/raw/faulty/Faulty_solar_panel/Snow-Covered/Snow (12).jpg,Snow-Covered,Snow-Covered,Snow-Covered,Faulty_solar_panel,train
87f47a2b1482,Data/raw/faulty/Faulty_solar_panel/Snow-Covered/Snow (120).jpg,Snow-Covered,Snow-Covered,Snow-Covered,Faulty_solar_panel,train
3ccc39701d88,Data/raw/faulty/Faulty_solar_panel/Snow-Covered/Snow (121).jpg,Snow-Covered,Snow-Covered,Snow-Covered,Faulty_solar_panel,train
f941ced4991c,Data/raw/faulty/Faulty_solar_panel/Snow-Covered/Snow (122).jpg,Snow-Covered,Snow-Covered,Snow-Covered,Faulty_solar_panel,train
dbade97acfd5,Data/raw/faulty/Faulty_solar_panel/Snow-Covered/Snow (123).jpg,Snow-Covered,Snow-Covered,Snow-Covered,Faulty_solar_panel,train
a175a7c01cd9,Data/raw/faulty/Faulty_solar_panel/Snow-Covered/Snow (13).jpg,Snow-Covered,Snow-Covered,Snow-Covered,Faulty_solar_panel,val
ec95a9042ea0,Data/raw/faulty/Faulty_solar_panel/Snow-Covered/Snow (14).jpg,Snow-Covered,Snow-Covered,Snow-Covered,Faulty_solar_panel,val
8e535d229926,Data/raw/faulty/Faulty_solar_panel/Snow-Covered/Snow (15).jpg,Snow-Covered,Snow-Covered,Snow-Covered,Faulty_solar_panel,train
6f4c4a9a53e5,Data/raw/faulty/Faulty_solar_panel/Snow-Covered/Snow (16).jpg,Snow-Covered,Snow-Covered,Snow-Covered,Faulty_solar_panel,val
2c65ad56e8d8,Data/raw/faulty/Faulty_solar_panel/Snow-Covered/Snow (17).jpg,Snow-Covered,Snow-Covered,Snow-Covered,Faulty_solar_panel,val
929cd33165f5,Data/raw/faulty/Faulty_solar_panel/Snow-Covered/Snow (18).jpg,Snow-Covered,Snow-Covered,Snow-Covered,Faulty_solar_panel,train
5a3199b7434a,Data/raw/faulty/Faulty_solar_panel/Snow-Covered/Snow (19).jpg,Snow-Covered,Snow-Covered,Snow-Covered,Faulty_solar_panel,val
4db7c75b009d,Data/raw/faulty/Faulty_solar_panel/Snow-Covered/Snow (2).jpg,Snow-Covered,Snow-Covered,Snow-Covered,Faulty_solar_panel,train
70c1fa6144b3,Data/raw/faulty/Faulty_solar_panel/Snow-Covered/Snow (20).jpg,Snow-Covered,Snow-Covered,Snow-Covered,Faulty_solar_panel,test
0c03f0d31a7c,Data/raw/faulty/Faulty_solar_panel/Snow-Covered/Snow (21).jpg,Snow-Covered,Snow-Covered,Snow-Covered,Faulty_solar_panel,train
265966a97dc8,Data/raw/faulty/Faulty_solar_panel/Snow-Covered/Snow (22).jpg,Snow-Covered,Snow-Covered,Snow-Covered,Faulty_solar_panel,test
ed6fea6b41f0,Data/raw/faulty/Faulty_solar_panel/Snow-Covered/Snow (23).jpg,Snow-Covered,Snow-Covered,Snow-Covered,Faulty_solar_panel,train
e9db84f29e6d,Data/raw/faulty/Faulty_solar_panel/Snow-Covered/Snow (24).jpg,Snow-Covered,Snow-Covered,Snow-Covered,Faulty_solar_panel,val
a5952284758d,Data/raw/faulty/Faulty_solar_panel/Snow-Covered/Snow (25).jpg,Snow-Covered,Snow-Covered,Snow-Covered,Faulty_solar_panel,train
a084d99b1eba,Data/raw/faulty/Faulty_solar_panel/Snow-Covered/Snow (26).jpg,Snow-Covered,Snow-Covered,Snow-Covered,Faulty_solar_panel,train
f60c23e44ecb,Data/raw/faulty/Faulty_solar_panel/Snow-Covered/Snow (27).jpg,Snow-Covered,Snow-Covered,Snow-Covered,Faulty_solar_panel,train
389db346b694,Data/raw/faulty/Faulty_solar_panel/Snow-Covered/Snow (28).JPG,Snow-Covered,Snow-Covered,Snow-Covered,Faulty_solar_panel,train
0df626eb0d09,Data/raw/faulty/Faulty_solar_panel/Snow-Covered/Snow (29).JPG,Snow-Covered,Snow-Covered,Snow-Covered,Faulty_solar_panel,test
b46b84fde00b,Data/raw/faulty/Faulty_solar_panel/Snow-Covered/Snow (3).jpg,Snow-Covered,Snow-Covered,Snow-Covered,Faulty_solar_panel,train
00bc0c317866,Data/raw/faulty/Faulty_solar_panel/Snow-Covered/Snow (30).JPG,Snow-Covered,Snow-Covered,Snow-Covered,Faulty_solar_panel,train
2090820964c0,Data/raw/faulty/Faulty_solar_panel/Snow-Covered/Snow (31).JPG,Snow-Covered,Snow-Covered,Snow-Covered,Faulty_solar_panel,train
befc76c83f36,Data/raw/faulty/Faulty_solar_panel/Snow-Covered/Snow (32).JPG,Snow-Covered,Snow-Covered,Snow-Covered,Faulty_solar_panel,train
d33eeb57a002,Data/raw/faulty/Faulty_solar_panel/Snow-Covered/Snow (33).JPG,Snow-Covered,Snow-Covered,Snow-Covered,Faulty_solar_panel,train
fd51faceb2d4,Data/raw/faulty/Faulty_solar_panel/Snow-Covered/Snow (34).jpg,Snow-Covered,Snow-Covered,Snow-Covered,Faulty_solar_panel,train
bc9dc2ae75ab,Data/raw/faulty/Faulty_solar_panel/Snow-Covered/Snow (35).JPG,Snow-Covered,Snow-Covered,Snow-Covered,Faulty_solar_panel,test
39af17061107,Data/raw/faulty/Faulty_solar_panel/Snow-Covered/Snow (36).JPG,Snow-Covered,Snow-Covered,Snow-Covered,Faulty_solar_panel,train
3c1a52f005fd,Data/raw/faulty/Faulty_solar_panel/Snow-Covered/Snow (37).jpg,Snow-Covered,Snow-Covered,Snow-Covered,Faulty_solar_panel,val
dbae11ff5ad2,Data/raw/faulty/Faulty_solar_panel/Snow-Covered/Snow (38).jpg,Snow-Covered,Snow-Covered,Snow-Covered,Faulty_solar_panel,test
91b55c219fee,Data/raw/faulty/Faulty_solar_panel/Snow-Covered/Snow (39).JPG,Snow-Covered,Snow-Covered,Snow-Covered,Faulty_solar_panel,train
9c2ed4dd881a,Data/raw/faulty/Faulty_solar_panel/Snow-Covered/Snow (4).jpg,Snow-Covered,Snow-Covered,Snow-Covered,Faulty_solar_panel,test
8d02152b75bc,Data/raw/faulty/Faulty_solar_panel/Snow-Covered/Snow (40).JPG,Snow-Covered,Snow-Covered,Snow-Covered,Faulty_solar_panel,test
e0b7de81e5b6,Data/raw/faulty/Faulty_solar_panel/Snow-Covered/Snow (41).jpg,Snow-Covered,Snow-Covered,Snow-Covered,Faulty_solar_panel,val
574d73ca9cc1,Data/raw/faulty/Faulty_solar_panel/Snow-Covered/Snow (42).jpg,Snow-Covered,Snow-Covered,Snow-Covered,Faulty_solar_panel,train
69210cb6db32,Data/raw/faulty/Faulty_solar_panel/Snow-Covered/Snow (43).jpg,Snow-Covered,Snow-Covered,Snow-Covered,Faulty_solar_panel,train
4c500530b5ca,Data/raw/faulty/Faulty_solar_panel/Snow-Covered/Snow (44).jpg,Snow-Covered,Snow-Covered,Snow-Covered,Faulty_solar_panel,train
98a35e63e7b7,Data/raw/faulty/Faulty_solar_panel/Snow-Covered/Snow (45).jpg,Snow-Covered,Snow-Covered,Snow-Covered,Faulty_solar_panel,val
c5363f78e4c7,Data/raw/faulty/Faulty_solar_panel/Snow-Covered/Snow (46).jpg,Snow-Covered,Snow-Covered,Snow-Covered,Faulty_solar_panel,test
b7d00bbc3f0a,Data/raw/faulty/Faulty_solar_panel/Snow-Covered/Snow (47).jpg,Snow-Covered,Snow-Covered,Snow-Covered,Faulty_solar_panel,train
bbc32b796816,Data/raw/faulty/Faulty_solar_panel/Snow-Covered/Snow (48).jpg,Snow-Covered,Snow-Covered,Snow-Covered,Faulty_solar_panel,train
920ac596ffc5,Data/raw/faulty/Faulty_solar_panel/Snow-Covered/Snow (49).jpg,Snow-Covered,Snow-Covered,Snow-Covered,Faulty_solar_panel,train
df6d434eee35,Data/raw/faulty/Faulty_solar_panel/Snow-Covered/Snow (5).jpg,Snow-Covered,Snow-Covered,Snow-Covered,Faulty_solar_panel,train
d1d2f8dbf43f,Data/raw/faulty/Faulty_solar_panel/Snow-Covered/Snow (50).jpg,Snow-Covered,Snow-Covered,Snow-Covered,Faulty_solar_panel,train
aae6ff8101aa,Data/raw/faulty/Faulty_solar_panel/Snow-Covered/Snow (51).jpg,Snow-Covered,Snow-Covered,Snow-Covered,Faulty_solar_panel,train
09a41e273107,Data/raw/faulty/Faulty_solar_panel/Snow-Covered/Snow (52).jpg,Snow-Covered,Snow-Covered,Snow-Covered,Faulty_solar_panel,train
ed1e1a57ddc1,Data/raw/faulty/Faulty_solar_panel/Snow-Covered/Snow (53).jpg,Snow-Covered,Snow-Covered,Snow-Covered,Faulty_solar_panel,test
3599ab773d8e,Data/raw/faulty/Faulty_solar_panel/Snow-Covered/Snow (54).jpg,Snow-Covered,Snow-Covered,Snow-Covered,Faulty_solar_panel,train
58a8fdecf516,Data/raw/faulty/Faulty_solar_panel/Snow-Covered/Snow (55).jpg,Snow-Covered,Snow-Covered,Snow-Covered,Faulty_solar_panel,train
065748b0e833,Data/raw/faulty/Faulty_solar_panel/Snow-Covered/Snow (56).jpg,Snow-Covered,Snow-Covered,Snow-Covered,Faulty_solar_panel,train
2b8d66242ccf,Data/raw/faulty/Faulty_solar_panel/Snow-Covered/Snow (57).jpg,Snow-Covered,Snow-Covered,Snow-Covered,Faulty_solar_panel,train
3d1d63eac15f,Data/raw/faulty/Faulty_solar_panel/Snow-Covered/Snow (58).jpg,Snow-Covered,Snow-Covered,Snow-Covered,Faulty_solar_panel,train
c88da7d5ced0,Data/raw/faulty/Faulty_solar_panel/Snow-Covered/Snow (59).jpg,Snow-Covered,Snow-Covered,Snow-Covered,Faulty_solar_panel,train
d2119e1bdf22,Data/raw/faulty/Faulty_solar_panel/Snow-Covered/Snow (6).jpg,Snow-Covered,Snow-Covered,Snow-Covered,Faulty_solar_panel,test
0e01cb5e22a9,Data/raw/faulty/Faulty_solar_panel/Snow-Covered/Snow (60).jpg,Snow-Covered,Snow-Covered,Snow-Covered,Faulty_solar_panel,train
80e6de635f5e,Data/raw/faulty/Faulty_solar_panel/Snow-Covered/Snow (61).jpg,Snow-Covered,Snow-Covered,Snow-Covered,Faulty_solar_panel,val
5c93f62801c1,Data/raw/faulty/Faulty_solar_panel/Snow-Covered/Snow (62).jpg,Snow-Covered,Snow-Covered,Snow-Covered,Faulty_solar_panel,train
7e6c88c8ee94,Data/raw/faulty/Faulty_solar_panel/Snow-Covered/Snow (63).jpg,Snow-Covered,Snow-Covered,Snow-Covered,Faulty_solar_panel,train
e8231858c22f,Data/raw/faulty/Faulty_solar_panel/Snow-Covered/Snow (64).jpg,Snow-Covered,Snow-Covered,Snow-Covered,Faulty_solar_panel,train
5500c6241a96,Data/raw/faulty/Faulty_solar_panel/Snow-Covered/Snow (65).jpg,Snow-Covered,Snow-Covered,Snow-Covered,Faulty_solar_panel,train
e2bffbfbe714,Data/raw/faulty/Faulty_solar_panel/Snow-Covered/Snow (66).jpg,Snow-Covered,Snow-Covered,Snow-Covered,Faulty_solar_panel,train
fc069e263521,Data/raw/faulty/Faulty_solar_panel/Snow-Covered/Snow (67).jpg,Snow-Covered,Snow-Covered,Snow-Covered,Faulty_solar_panel,train
dd6ea9bb2b40,Data/raw/faulty/Faulty_solar_panel/Snow-Covered/Snow (68).jpg,Snow-Covered,Snow-Covered,Snow-Covered,Faulty_solar_panel,val
ffe74d850a09,Data/raw/faulty/Faulty_solar_panel/Snow-Covered/Snow (69).jpg,Snow-Covered,Snow-Covered,Snow-Covered,Faulty_solar_panel,test
92c3c3d3a32a,Data/raw/faulty/Faulty_solar_panel/Snow-Covered/Snow (7).jpg,Snow-Covered,Snow-Covered,Snow-Covered,Faulty_solar_panel,train
e16f5bfb02d3,Data/raw/faulty/Faulty_solar_panel/Snow-Covered/Snow (70).jpg,Snow-Covered,Snow-Covered,Snow-Covered,Faulty_solar_panel,train
63a2404e04fd,Data/raw/faulty/Faulty_solar_panel/Snow-Covered/Snow (71).jpg,Snow-Covered,Snow-Covered,Snow-Covered,Faulty_solar_panel,train
42d73792e739,Data/raw/faulty/Faulty_solar_panel/Snow-Covered/Snow (72).jpg,Snow-Covered,Snow-Covered,Snow-Covered,Faulty_solar_panel,train
9b87e7c013b0,Data/raw/faulty/Faulty_solar_panel/Snow-Covered/Snow (73).jpg,Snow-Covered,Snow-Covered,Snow-Covered,Faulty_solar_panel,val
8f718a2bca77,Data/raw/faulty/Faulty_solar_panel/Snow-Covered/Snow (74).jpg,Snow-Covered,Snow-Covered,Snow-Covered,Faulty_solar_panel,val
925d9d8a554b,Data/raw/faulty/Faulty_solar_panel/Snow-Covered/Snow (75).jpg,Snow-Covered,Snow-Covered,Snow-Covered,Faulty_solar_panel,train
d1bea40f83ba,Data/raw/faulty/Faulty_solar_panel/Snow-Covered/Snow (76).jpg,Snow-Covered,Snow-Covered,Snow-Covered,Faulty_solar_panel,train
64e888445f7d,Data/raw/faulty/Faulty_solar_panel/Snow-Covered/Snow (77).JPG,Snow-Covered,Snow-Covered,Snow-Covered,Faulty_solar_panel,train
7e4c01bb4df5,Data/raw/faulty/Faulty_solar_panel/Snow-Covered/Snow (78).jpg,Snow-Covered,Snow-Covered,Snow-Covered,Faulty_solar_panel,val
4ff7eab8a882,Data/raw/faulty/Faulty_solar_panel/Snow-Covered/Snow (79).jpg,Snow-Covered,Snow-Covered,Snow-Covered,Faulty_solar_panel,train
c4837003fb78,Data/raw/faulty/Faulty_solar_panel/Snow-Covered/Snow (8).jpg,Snow-Covered,Snow-Covered,Snow-Covered,Faulty_solar_panel,train
0ae7991483b3,Data/raw/faulty/Faulty_solar_panel/Snow-Covered/Snow (80).jpg,Snow-Covered,Snow-Covered,Snow-Covered,Faulty_solar_panel,train
80c4eb24d374,Data/raw/faulty/Faulty_solar_panel/Snow-Covered/Snow (81).JPG,Snow-Covered,Snow-Covered,Snow-Covered,Faulty_solar_panel,train
3eaa23fdb091,Data/raw/faulty/Faulty_solar_panel/Snow-Covered/Snow (82).JPG,Snow-Covered,Snow-Covered,Snow-Covered,Faulty_solar_panel,train
66348dbd3447,Data/raw/faulty/Faulty_solar_panel/Snow-Covered/Snow (83).jpg,Snow-Covered,Snow-Covered,Snow-Covered,Faulty_solar_panel,train
bbcf319814a9,Data/raw/faulty/Faulty_solar_panel/Snow-Covered/Snow (84).jpg,Snow-Covered,Snow-Covered,Snow-Covered,Faulty_solar_panel,train
0c98c1db24da,Data/raw/faulty/Faulty_solar_panel/Snow-Covered/Snow (85).jpg,Snow-Covered,Snow-Covered,Snow-Covered,Faulty_solar_panel,train
6427acad9703,Data/raw/faulty/Faulty_solar_panel/Snow-Covered/Snow (86).jpg,Snow-Covered,Snow-Covered,Snow-Covered,Faulty_solar_panel,train
887a9216e0b1,Data/raw/faulty/Faulty_solar_panel/Snow-Covered/Snow (87).JPG,Snow-Covered,Snow-Covered,Snow-Covered,Faulty_solar_panel,test
6a4d343529a3,Data/raw/faulty/Faulty_solar_panel/Snow-Covered/Snow (88).JPG,Snow-Covered,Snow-Covered,Snow-Covered,Faulty_solar_panel,train
a6b0bf8724ed,Data/raw/faulty/Faulty_solar_panel/Snow-Covered/Snow (89).jpg,Snow-Covered,Snow-Covered,Snow-Covered,Faulty_solar_panel,test
d8d30e2b3199,Data/raw/faulty/Faulty_solar_panel/Snow-Covered/Snow (9).jpg,Snow-Covered,Snow-Covered,Snow-Covered,Faulty_solar_panel,test
8e8f8f11b5ee,Data/raw/faulty/Faulty_solar_panel/Snow-Covered/Snow (90).jpg,Snow-Covered,Snow-Covered,Snow-Covered,Faulty_solar_panel,train
e0a1b2ecbe1f,Data/raw/faulty/Faulty_solar_panel/Snow-Covered/Snow (91).JPG,Snow-Covered,Snow-Covered,Snow-Covered,Faulty_solar_panel,train
506fa847402c,Data/raw/faulty/Faulty_solar_panel/Snow-Covered/Snow (92).JPG,Snow-Covered,Snow-Covered,Snow-Covered,Faulty_solar_panel,train
4cdea57adcc1,Data/raw/faulty/Faulty_solar_panel/Snow-Covered/Snow (93).JPG,Snow-Covered,Snow-Covered,Snow-Covered,Faulty_solar_panel,train
d5db39fc7cb2,Data/raw/faulty/Faulty_solar_panel/Snow-Covered/Snow (94).jpg,Snow-Covered,Snow-Covered,Snow-Covered,Faulty_solar_panel,val
10d3a2adb4ce,Data/raw/faulty/Faulty_solar_panel/Snow-Covered/Snow (95).jpg,Snow-Covered,Snow-Covered,Snow-Covered,Faulty_solar_panel,train
ae17f5b0e0e6,Data/raw/faulty/Faulty_solar_panel/Snow-Covered/Snow (96).jpg,Snow-Covered,Snow-Covered,Snow-Covered,Faulty_solar_panel,train
244c7dd2c006,Data/raw/faulty/Faulty_solar_panel/Snow-Covered/Snow (97).jpg,Snow-Covered,Snow-Covered,Snow-Covered,Faulty_solar_panel,train
6e1035487ffe,Data/raw/faulty/Faulty_solar_panel/Snow-Covered/Snow (98).jpg,Snow-Covered,Snow-Covered,Snow-Covered,Faulty_solar_panel,train
26cadce14ac8,Data/raw/faulty/Faulty_solar_panel/Snow-Covered/Snow (99).jpg,Snow-Covered,Snow-Covered,Snow-Covered,Faulty_solar_panel,train
