id,filepath,label_raw,label,source,split
0c314a635471,Data/raw/roboflow_dirt/train/IMG_20241003_094903_065_jpg.rf.182b5c915d6fb49dd9cfab13d174f6e0.jpg,Low-Dirty,dirty,roboflow_dirt_det,test
f0b0bf6e4779,Data/raw/roboflow_dirt/train/IMG_20241003_095057_014_jpg.rf.18c486892626f002f4f16b59f4ee4400.jpg,Low-Dirty,dirty,roboflow_dirt_det,test
d4c897663485,Data/raw/roboflow_dirt/train/IMG_20241003_094242_672_jpg.rf.1908cb11489f8bf503b3a3b5ae19b40b.jpg,Low-Dirty,dirty,roboflow_dirt_det,test
083db8b83d9e,Data/raw/roboflow_dirt/train/IMG_20241003_093405_237_jpg.rf.1962d633ba150b2bae80cf80721e2371.jpg,High-Dirty,dirty,roboflow_dirt_det,test
513b9d2e79bd,Data/raw/roboflow_dirt/train/IMG_20241003_093405_237_jpg.rf.1868002d873877655b4d87e70fb8a4fd.jpg,High-Dirty,dirty,roboflow_dirt_det,test
99be0752712e,Data/raw/roboflow_dirt/train/IMG_20241002_214850_622_jpg.rf.198b006b8ff641ce1d1a7dc65d65a5a1.jpg,Clean,clean,roboflow_dirt_det,test
a91164be08e8,Data/raw/roboflow_dirt/train/IMG_20241003_094303_233_jpg.rf.192e7d70c395309a0cb09abe0310a7db.jpg,Low-Dirty,dirty,roboflow_dirt_det,test
61fde0021d51,Data/raw/roboflow_dirt/train/IMG_20241003_085827_567_jpg.rf.194cb3fd9f65b2ee082c1165ff25a873.jpg,Clean,clean,roboflow_dirt_det,test
0b8913c9093b,Data/raw/roboflow_dirt/train/IMG_20241003_095745_366_jpg.rf.1965fe2eac6df1e7df4728be06815a2e.jpg,Low-Dirty,dirty,roboflow_dirt_det,test
d2851f7ed80e,Data/raw/roboflow_dirt/train/IMG_20241003_093857_613_jpg.rf.19807a833c9ded604961ab3b825571bd.jpg,Low-Dirty,dirty,roboflow_dirt_det,test
78e12b54ed61,Data/raw/roboflow_dirt/train/IMG_20241003_093410_022_jpg.rf.1833edf006914d36fd0c4f408bc62671.jpg,High-Dirty,dirty,roboflow_dirt_det,test
f2d4f4d053fd,Data/raw/roboflow_dirt/train/IMG_20241003_094239_799_jpg.rf.18c4d0a302eb3ab034d7fcae0e17f762.jpg,Low-Dirty,dirty,roboflow_dirt_det,test
4b55f9328737,Data/raw/roboflow_dirt/train/IMG_20241003_093354_574_jpg.rf.195c189602b9c35c6381f6bf01b03cde.jpg,High-Dirty,dirty,roboflow_dirt_det,test
6515331269b9,Data/raw/roboflow_dirt/train/IMG_20241003_090247_560_jpg.rf.19c16d195a5be0f04e24bb9ce43e8d3c.jpg,Clean,clean,roboflow_dirt_det,test
78726920dfc2,Data/raw/roboflow_dirt/train/IMG_20241003_094307_316_jpg.rf.19e7aa4567759195f2f8b9bab0256ed6.jpg,Low-Dirty,dirty,roboflow_dirt_det,test
3ec6f2c02ea9,Data/raw/roboflow_dirt/train/IMG_20241003_092250_176_jpg.rf.19555a86461ca64eae84534d46b0bcee.jpg,High-Dirty,dirty,roboflow_dirt_det,test
6cb69f965bdb,Data/raw/roboflow_dirt/train/IMG_20241003_093426_720_jpg.rf.197579793b4aa59f4091f1472497e543.jpg,High-Dirty,dirty,roboflow_dirt_det,test
37b8aa64fc0c,Data/raw/roboflow_dirt/train/IMG_20241003_092538_771_jpg.rf.1834d621547cb34ed60264c7fb8f6f92.jpg,High-Dirty,dirty,roboflow_dirt_det,test
94725e1c67c9,Data/raw/roboflow_dirt/train/IMG_20241003_095250_310_jpg.rf.182c56e8a152da41685720be84932b5a.jpg,Low-Dirty,dirty,roboflow_dirt_det,test
74db448309cd,Data/raw/roboflow_dirt/train/IMG_20241003_093812_538_jpg.rf.1a30dea284734bb683bba7da5de19c1d.jpg,Low-Dirty,dirty,roboflow_dirt_det,test
de2654782c10,Data/raw/roboflow_dirt/train/IMG_20241003_093707_702_jpg.rf.18d9eaaa9e637a80edd36ca95a6db881.jpg,High-Dirty,dirty,roboflow_dirt_det,test
5e2b6c836bd2,Data/raw/roboflow_dirt/train/IMG_20241003_095250_310_jpg.rf.19c7c1851df631e5dca16229518aff04.jpg,Low-Dirty,dirty,roboflow_dirt_det,test
5d93568f8cf0,Data/raw/roboflow_dirt/train/IMG_20241003_093411_907_jpg.rf.1a4ddc584bad89448b39d4a05397c5c9.jpg,High-Dirty,dirty,roboflow_dirt_det,test
e7dfb8e4145e,Data/raw/roboflow_dirt/train/IMG_20241003_085832_965_jpg.rf.1a294a858c7e3b7607fafb92a0d59470.jpg,Clean,clean,roboflow_dirt_det,test
9756f6f9d1a8,Data/raw/roboflow_dirt/train/IMG_20241003_091158_436_jpg.rf.1956edf21a6040f268ba6b5d16a87bba.jpg,Clean,clean,roboflow_dirt_det,test
efecb71953d8,Data/raw/roboflow_dirt/train/IMG_20241003_093519_738_jpg.rf.1a98ed9c7a92c689a3c41c2cba6dddd8.jpg,High-Dirty,dirty,roboflow_dirt_det,test
31af07a5b57a,Data/raw/roboflow_dirt/train/IMG_20241003_095230_057_jpg.rf.1bbc79b4cf450bbd022aab940ebfdccc.jpg,Low-Dirty,dirty,roboflow_dirt_det,test
5e04412e1327,Data/raw/roboflow_dirt/train/IMG_20241003_093415_175_jpg.rf.1ba0f941a7ada784c987c78db3f169fb.jpg,High-Dirty,dirty,roboflow_dirt_det,test
bea8c5e083db,Data/raw/roboflow_dirt/train/IMG_20241003_095020_882_jpg.rf.1b192c475f15ac7f379ab5a87b7af44e.jpg,Low-Dirty,dirty,roboflow_dirt_det,test
5bb68b9b0359,Data/raw/roboflow_dirt/train/IMG_20241003_094336_913_jpg.rf.1c7f16218a8a3ecd0a892fb78a09c303.jpg,Low-Dirty,dirty,roboflow_dirt_det,test
39ae844ed0e9,Data/raw/roboflow_dirt/train/IMG_20241002_214917_195_jpg.rf.1c3fb0e3e6cea0080c770c01afe1d2b3.jpg,Clean,clean,roboflow_dirt_det,test
871c8d5a57fa,Data/raw/roboflow_dirt/train/IMG_20241003_090215_364_jpg.rf.1b1d5d248ce66f0ee4a48029b494b1b6.jpg,Clean,clean,roboflow_dirt_det,test
79fc104a6990,Data/raw/roboflow_dirt/train/IMG_20241003_093407_191_jpg.rf.1a7c27cb7eb0a72f904280d6efd458e5.jpg,High-Dirty,dirty,roboflow_dirt_det,test
6d925a832ffa,Data/raw/roboflow_dirt/train/IMG_20241003_092300_376_jpg.rf.1b08bf599950fd082f6f009610712cdf.jpg,High-Dirty,dirty,roboflow_dirt_det,test
62f5eca3ca15,Data/raw/roboflow_dirt/train/IMG_20241002_214852_883_jpg.rf.1ce076dadec8cde91347ecc52a3aaac2.jpg,Clean,clean,roboflow_dirt_det,test
2b24a446d2d4,Data/raw/roboflow_dirt/train/IMG_20241003_091216_813_jpg.rf.1a99e3b06ac59d8d90751c83ad3efc3f.jpg,Clean,clean,roboflow_dirt_det,test
49652e5e4d79,Data/raw/roboflow_dirt/train/IMG_20241003_093820_932_jpg.rf.1c2ba117adc40af68760086c8cd3f2a4.jpg,Low-Dirty,dirty,roboflow_dirt_det,test
3326ef93b434,Data/raw/roboflow_dirt/train/IMG_20241003_094250_538_jpg.rf.1d34862e1157a01609e1a2f4371dc43c.jpg,Low-Dirty,dirty,roboflow_dirt_det,test
113866d73de6,Data/raw/roboflow_dirt/train/IMG_20241003_092711_562_jpg.rf.1c8f93f332d762e73fc42cd7af6ba88a.jpg,Low-Dirty,dirty,roboflow_dirt_det,test
12411b95df9d,Data/raw/roboflow_dirt/train/IMG_20241003_095555_834_jpg.rf.1aace5fc322ef0b7bcfe0a4f1635cf9f.jpg,Low-Dirty,dirty,roboflow_dirt_det,test
11a7a1058c51,Data/raw/roboflow_dirt/train/IMG_20241003_093843_978_jpg.rf.1c8a2d940a27abaf0ab6506f5a7689ef.jpg,Low-Dirty,dirty,roboflow_dirt_det,test
133d261744da,Data/raw/roboflow_dirt/train/IMG_20241003_093725_196_jpg.rf.1c856b0e8f93f1bfed3d22c27653fbdb.jpg,Low-Dirty,dirty,roboflow_dirt_det,test
7bae092307ed,Data/raw/roboflow_dirt/train/IMG_20241003_093741_158_jpg.rf.1cd5fc001cb35b07aeeef6e5d1cfaaed.jpg,Low-Dirty,dirty,roboflow_dirt_det,test
99703ef85fe3,Data/raw/roboflow_dirt/train/IMG_20241003_092542_138_jpg.rf.1d3684fc38c1c41b756cb36d87a88b94.jpg,High-Dirty,dirty,roboflow_dirt_det,test
d8273ec7e277,Data/raw/roboflow_dirt/train/IMG_20241003_093853_761_jpg.rf.1b208bb74bc0ea86d5c02b39561040de.jpg,Low-Dirty,dirty,roboflow_dirt_det,test
f28fe2a47fae,Data/raw/roboflow_dirt/train/IMG_20241003_094828_569_jpg.rf.1c8c3dfc28f8a6ba90f434ad19bf686b.jpg,Low-Dirty,dirty,roboflow_dirt_det,test
c8bf3a3bd740,Data/raw/roboflow_dirt/train/IMG_20241003_091052_977_jpg.rf.1d685db3459bb1c83b0372a3fadc3a5c.jpg,Clean,clean,roboflow_dirt_det,test
d77e51f9d355,Data/raw/roboflow_dirt/train/IMG_20241003_093740_057_jpg.rf.1cadb5edc45aa2feacd8515f52dee297.jpg,Low-Dirty,dirty,roboflow_dirt_det,test
f16a84cadbac,Data/raw/roboflow_dirt/train/IMG_20241003_093837_039_jpg.rf.1c81fa5f8bd838585b05ef9a8f56df24.jpg,Low-Dirty,dirty,roboflow_dirt_det,test
f65a2f8e8f97,Data/raw/roboflow_dirt/train/IMG_20241003_093741_158_jpg.rf.1d3dcae1138423ea3b43ffb7803b2d5c.jpg,Low-Dirty,dirty,roboflow_dirt_det,test
3da0264e8cff,Data/raw/roboflow_dirt/train/IMG_20241003_095808_880_jpg.rf.1de432d9a6a094b95d0546e78478ed91.jpg,Low-Dirty,dirty,roboflow_dirt_det,test
15dfbb6db6a1,Data/raw/roboflow_dirt/train/IMG_20241003_085946_030_jpg.rf.1e2e4902895bd94e89b735f8103b6d87.jpg,Clean,clean,roboflow_dirt_det,test
e5c4e45ba1e7,Data/raw/roboflow_dirt/train/IMG_20241003_085958_331_jpg.rf.1e54c8018cd658e7b4d0eb7f1be0f926.jpg,Clean,clean,roboflow_dirt_det,test
1d3d5e9b2a2d,Data/raw/roboflow_dirt/train/IMG_20241003_093844_584_jpg.rf.1e35950f092064fc0de2f48308682e73.jpg,Low-Dirty,dirty,roboflow_dirt_det,test
c0676543c979,Data/raw/roboflow_dirt/train/IMG_20241003_085939_681_jpg.rf.1eb2b0f16c289f08f38b66b39b40301b.jpg,Clean,clean,roboflow_dirt_det,test
853bce929d13,Data/raw/roboflow_dirt/train/IMG_20241003_091522_386_jpg.rf.1efd1188a9831d8b607ceedff5a2c20a.jpg,Clean,clean,roboflow_dirt_det,test
0f352b56769c,Data/raw/roboflow_dirt/train/IMG_20241003_090652_199_jpg.rf.1e58cc7403adc00686264ef0f9260e76.jpg,Clean,clean,roboflow_dirt_det,test
4c090eac180b,Data/raw/roboflow_dirt/train/IMG_20241003_094932_075_jpg.rf.1f937dceb3fd2224f4f6e256f0ad4a39.jpg,Low-Dirty,dirty,roboflow_dirt_det,test
6c249fcfb73b,Data/raw/roboflow_dirt/train/IMG_20241003_093406_564_jpg.rf.1f7165ed3c2b39c5a095cf72afb2ecbe.jpg,High-Dirty,dirty,roboflow_dirt_det,test
37d392fb9545,Data/raw/roboflow_dirt/train/IMG_20241003_093410_321_jpg.rf.1f69ba9a66b54393954a65066c3598fb.jpg,High-Dirty,dirty,roboflow_dirt_det,test
381733ff05d9,Data/raw/roboflow_dirt/train/IMG_20241003_090103_937_jpg.rf.1e059fa57816f2a522af77db729383f7.jpg,Clean,clean,roboflow_dirt_det,test
9e7fef705ae2,Data/raw/roboflow_dirt/train/IMG_20241003_093047_311_jpg.rf.203615025d731602800ce0ba7f054a0e.jpg,Low-Dirty,dirty,roboflow_dirt_det,test
189406440a31,Data/raw/roboflow_dirt/train/IMG_20241003_092534_388_jpg.rf.202c9d61892e2593e4e786657785c033.jpg,High-Dirty,dirty,roboflow_dirt_det,test
cef31c4e751e,Data/raw/roboflow_dirt/train/IMG_20241003_094450_392_jpg.rf.20537527c03c6f36c098c57891677454.jpg,Low-Dirty,dirty,roboflow_dirt_det,test
11f85708c890,Data/raw/roboflow_dirt/train/IMG_20241003_093411_907_jpg.rf.1f8c32ee0eb8ca329eea188cb9242b20.jpg,High-Dirty,dirty,roboflow_dirt_det,test
690adb55eccc,Data/raw/roboflow_dirt/train/IMG_20241003_085915_633_jpg.rf.1f934d62e765768b09aa09193c434f47.jpg,Clean,clean,roboflow_dirt_det,test
8c1f62d2a936,Data/raw/roboflow_dirt/train/IMG_20241003_090723_898_jpg.rf.202ced58ec0b763fc57830be7c256d28.jpg,Clean,clean,roboflow_dirt_det,test
e04ce6e70fd3,Data/raw/roboflow_dirt/train/IMG_20241003_095048_899_jpg.rf.206f6056a64cce4a7cf0878af66bf497.jpg,Low-Dirty,dirty,roboflow_dirt_det,test
8f392c30113e,Data/raw/roboflow_dirt/train/IMG_20241003_094247_858_jpg.rf.1f3f70d67ad32d9386fa7ba46f36ff0e.jpg,Low-Dirty,dirty,roboflow_dirt_det,test
13dc1ea55829,Data/raw/roboflow_dirt/train/IMG_20241003_093436_943_jpg.rf.21864a3864f236354d67b1c5f4c08e76.jpg,High-Dirty,dirty,roboflow_dirt_det,test
41501f5ec590,Data/raw/roboflow_dirt/train/IMG_20241003_094710_321_jpg.rf.215bc8002fd65fd935bcfef043b76c27.jpg,Low-Dirty,dirty,roboflow_dirt_det,test
d90b113313dc,Data/raw/roboflow_dirt/train/IMG_20241003_095122_733_jpg.rf.209e4f6640bd40e986f4a3d358f4af0e.jpg,Low-Dirty,dirty,roboflow_dirt_det,test
06a456553063,Data/raw/roboflow_dirt/train/IMG_20241003_094946_085_jpg.rf.208d044e6273527c1299e477b7633b3f.jpg,Low-Dirty,dirty,roboflow_dirt_det,test
2c511d638f7b,Data/raw/roboflow_dirt/train/IMG_20241003_094848_148_jpg.rf.21792bb13425619737414c39d3339c76.jpg,Low-Dirty,dirty,roboflow_dirt_det,test
0083ffe17d87,Data/raw/roboflow_dirt/train/IMG_20241003_093429_613_jpg.rf.21217cc5392333d41554a6b8e5872583.jpg,High-Dirty,dirty,roboflow_dirt_det,test
7c5e97f1dba6,Data/raw/roboflow_dirt/train/IMG_20241003_090829_149_jpg.rf.1fa05b29de0b803fc8ba4e09386ca979.jpg,Clean,clean,roboflow_dirt_det,test
53357b585ed4,Data/raw/roboflow_dirt/train/IMG_20241003_095343_967_jpg.rf.21967a8d22665b0355064bf30a5df0d4.jpg,Low-Dirty,dirty,roboflow_dirt_det,test
e2d551b04a60,Data/raw/roboflow_dirt/train/IMG_20241002_214854_507_jpg.rf.1eb5b2de4355f47eaee837e64607d415.jpg,Clean,clean,roboflow_dirt_det,test
5762174906a0,Data/raw/roboflow_dirt/train/IMG_20241003_094234_573_jpg.rf.1fe4c435396f2f3630d3e8338f03ece4.jpg,Low-Dirty,dirty,roboflow_dirt_det,test
5787df845920,Data/raw/roboflow_dirt/train/IMG_20241003_092621_971_jpg.rf.20c4baa20479b5542f794051063277d3.jpg,Low-Dirty,dirty,roboflow_dirt_det,test
6fed383fc5be,Data/raw/roboflow_dirt/train/IMG_20241003_093607_396_jpg.rf.20ab2e5613392119aa90145b9bd526c5.jpg,High-Dirty,dirty,roboflow_dirt_det,test
7644bf196522,Data/raw/roboflow_dirt/train/IMG_20241003_093519_738_jpg.rf.2197842f5d64c5ce04100fa033f071a0.jpg,High-Dirty,dirty,roboflow_dirt_det,test
da004e48463b,Data/raw/roboflow_dirt/train/IMG_20241003_095155_885_jpg.rf.21a84cfa2f3a6db4994e733bbb3370d5.jpg,Low-Dirty,dirty,roboflow_dirt_det,test
b9f47a031832,Data/raw/roboflow_dirt/train/IMG_20241003_093814_403_jpg.rf.22348d91286918b0035dda8fdda7a88c.jpg,Low-Dirty,dirty,roboflow_dirt_det,test
4f256221d549,Data/raw/roboflow_dirt/train/IMG_20241003_091100_401_jpg.rf.21dbd1489528634c743e046a87ea96e6.jpg,Clean,clean,roboflow_dirt_det,test
860f2f36ffed,Data/raw/roboflow_dirt/train/IMG_20241003_093017_551_jpg.rf.22ce995ad409ca8ebf17f5347f6e12eb.jpg,Low-Dirty,dirty,roboflow_dirt_det,test
60b6ed17c702,Data/raw/roboflow_dirt/train/IMG_20241003_095503_867_jpg.rf.231416448016e0220c0cc52c8941bc21.jpg,Low-Dirty,dirty,roboflow_dirt_det,test
277091744308,Data/raw/roboflow_dirt/train/IMG_20241003_091620_755_jpg.rf.22d3400ea2a78587fa27881c31832cc7.jpg,Clean,clean,roboflow_dirt_det,test
833d92f6a866,Data/raw/roboflow_dirt/train/IMG_20241003_093946_841_jpg.rf.2249ff89c59e02ae3807f5da255008f8.jpg,Low-Dirty,dirty,roboflow_dirt_det,test
ee26637a687f,Data/raw/roboflow_dirt/train/IMG_20241003_093407_191_jpg.rf.22ae30bd8add7e3f5933e10b23bbde7f.jpg,High-Dirty,dirty,roboflow_dirt_det,test
855442ceea1c,Data/raw/roboflow_dirt/train/IMG_20241003_095444_614_jpg.rf.229b9b667768ef5544b75fb53b4ed4de.jpg,Low-Dirty,dirty,roboflow_dirt_det,test
59983cc5cabc,Data/raw/roboflow_dirt/train/IMG_20241003_093423_924_jpg.rf.2479c878b6f2b8e1794f3bc41a6c8079.jpg,High-Dirty,dirty,roboflow_dirt_det,test
bc9c44f8da14,Data/raw/roboflow_dirt/train/IMG_20241003_085842_779_jpg.rf.24518b8338825c47ee768ffa969c9d4a.jpg,Clean,clean,roboflow_dirt_det,test
77260785e2fb,Data/raw/roboflow_dirt/train/IMG_20241003_092157_080_jpg.rf.21a89b923f4c272e29ffb4f477ee8da7.jpg,High-Dirty,dirty,roboflow_dirt_det,test
0ce11c4c22e7,Data/raw/roboflow_dirt/train/IMG_20241003_090022_871_jpg.rf.23970083fd39015a0c84a6efeb8739b0.jpg,Clean,clean,roboflow_dirt_det,test
78ffe2837f42,Data/raw/roboflow_dirt/train/IMG_20241003_091006_427_jpg.rf.24daf0fabe50184109ebdcd52f9d902a.jpg,Clean,clean,roboflow_dirt_det,test
e3e2f906207a,Data/raw/roboflow_dirt/train/IMG_20241003_094417_521_jpg.rf.2260a665ae6ac573aa1975b10162c75e.jpg,Low-Dirty,dirty,roboflow_dirt_det,test
525ff048a129,Data/raw/roboflow_dirt/train/IMG_20241003_093409_659_jpg.rf.24faae091f207d602aacb1269893ec7b.jpg,High-Dirty,dirty,roboflow_dirt_det,test
eff583f610a3,Data/raw/roboflow_dirt/train/IMG_20241003_095808_880_jpg.rf.251d828868f8b6e0b9d9871e52c3a88b.jpg,Low-Dirty,dirty,roboflow_dirt_det,test
6dcff4c9e513,Data/raw/roboflow_dirt/train/IMG_20241003_093730_226_jpg.rf.22b303f4263beb2519f59a20027ae8bd.jpg,Low-Dirty,dirty,roboflow_dirt_det,test
cd9fa0603365,Data/raw/roboflow_dirt/train/IMG_20241003_095821_453_jpg.rf.221b54e57108eb88c5eab2b45b956409.jpg,Low-Dirty,dirty,roboflow_dirt_det,test
9064b5ee3c46,Data/raw/roboflow_dirt/train/IMG_20241003_094903_659_jpg.rf.24ed38aac7af91e61da53342a9ab6372.jpg,Low-Dirty,dirty,roboflow_dirt_det,test
b6cc8765f817,Data/raw/roboflow_dirt/train/IMG_20241003_095439_408_jpg.rf.24031586c943221b6387c3ae93f97ed2.jpg,Low-Dirty,dirty,roboflow_dirt_det,test
f3898587bf2f,Data/raw/roboflow_dirt/train/IMG_20241003_095053_637_jpg.rf.24a286f150649f126b74bb6599d006ee.jpg,Low-Dirty,dirty,roboflow_dirt_det,test
2d813bffc4e1,Data/raw/roboflow_dirt/train/IMG_20241003_094820_065_jpg.rf.23d22a1749780404dd8eb89986930175.jpg,Low-Dirty,dirty,roboflow_dirt_det,test
49f297cc7c7b,Data/raw/roboflow_dirt/train/IMG_20241003_094239_257_jpg.rf.252a5b214dd9002fdcdaa49079b2ad38.jpg,Low-Dirty,dirty,roboflow_dirt_det,test
93e6059b6d74,Data/raw/roboflow_dirt/train/IMG_20241003_094335_379_jpg.rf.22656797e095c1bda59ae5c357727838.jpg,Low-Dirty,dirty,roboflow_dirt_det,test
8376f2499845,Data/raw/roboflow_dirt/train/IMG_20241003_093353_777_jpg.rf.22860698153a1dda043e896c100b31f9.jpg,High-Dirty,dirty,roboflow_dirt_det,test
d813969880c2,Data/raw/roboflow_dirt/train/IMG_20241003_090238_263_jpg.rf.21f9080e50cb0f57124c3805a474fadb.jpg,Clean,clean,roboflow_dirt_det,test
b5bf16f8e234,Data/raw/roboflow_dirt/train/IMG_20241003_093403_721_jpg.rf.2351f2a196b1e63c1da16a6ef26a5649.jpg,High-Dirty,dirty,roboflow_dirt_det,test
dbfbd7b078cf,Data/raw/roboflow_dirt/train/IMG_20241003_091459_917_jpg.rf.25ac8250e56ae18b8013b6e6e8b846b6.jpg,Clean,clean,roboflow_dirt_det,test
f4c8da1381cb,Data/raw/roboflow_dirt/train/IMG_20241003_094333_361_jpg.rf.25a67fdce84c6910b04c0ad8f519ce6b.jpg,Low-Dirty,dirty,roboflow_dirt_det,test
9626aa834291,Data/raw/roboflow_dirt/train/IMG_20241003_091355_338_jpg.rf.2597a0a1c822554e6d78665847032e3e.jpg,Clean,clean,roboflow_dirt_det,test
d749e0cdaff4,Data/raw/roboflow_dirt/train/IMG_20241003_095419_433_jpg.rf.2650558d8dc297adb5e8964ecfe4d7c5.jpg,Low-Dirty,dirty,roboflow_dirt_det,test
c22f54f06e9b,Data/raw/roboflow_dirt/train/IMG_20241003_093417_952_jpg.rf.257792c395080ac2b806f502f8e9dee7.jpg,High-Dirty,dirty,roboflow_dirt_det,test
121c9b705ce0,Data/raw/roboflow_dirt/train/IMG_20241003_093814_403_jpg.rf.25805dcd7ff348dcfdfdda58008587f1.jpg,Low-Dirty,dirty,roboflow_dirt_det,test
d78ddf287f16,Data/raw/roboflow_dirt/train/IMG_20241003_093425_880_jpg.rf.258496757a2a5e705ea3e084908aab37.jpg,High-Dirty,dirty,roboflow_dirt_det,test
7ee0b9126327,Data/raw/roboflow_dirt/train/IMG_20241003_093133_076_jpg.rf.25e7cfbcef8c6559d8743b45c2e540ad.jpg,Low-Dirty,dirty,roboflow_dirt_det,test
a70344a6b848,Data/raw/roboflow_dirt/train/IMG_20241003_093819_407_jpg.rf.26a7db4f3218eb671b66e912b0520d3d.jpg,Low-Dirty,dirty,roboflow_dirt_det,test
866d0d869ebd,Data/raw/roboflow_dirt/train/IMG_20241003_091603_878_jpg.rf.25ade87f1a3c67d4d8133ae415ff6986.jpg,Clean,clean,roboflow_dirt_det,test
c6313e054d3f,Data/raw/roboflow_dirt/train/IMG_20241003_094322_843_jpg.rf.272010c74f0f1c2357b288c903bb91af.jpg,Low-Dirty,dirty,roboflow_dirt_det,test
88fdaadb9892,Data/raw/roboflow_dirt/train/IMG_20241003_093411_178_jpg.rf.2644147817062fffd4719417bd7827a6.jpg,High-Dirty,dirty,roboflow_dirt_det,test
3461455aaffc,Data/raw/roboflow_dirt/train/IMG_20241003_093843_978_jpg.rf.27456fe589aca8880a99f616dbc30b4c.jpg,Low-Dirty,dirty,roboflow_dirt_det,test
73bb9f4e19e9,Data/raw/roboflow_dirt/train/IMG_20241003_093843_343_jpg.rf.27272006023ae33d8b7b9367b07b6ab2.jpg,Low-Dirty,dirty,roboflow_dirt_det,test
849fe9d0fb69,Data/raw/roboflow_dirt/train/IMG_20241003_093408_505_jpg.rf.27642e3f214378b7183f827907025011.jpg,High-Dirty,dirty,roboflow_dirt_det,test
64f00515cb46,Data/raw/roboflow_dirt/train/IMG_20241003_094250_538_jpg.rf.27a0b1af1382c17404726b2a08405382.jpg,Low-Dirty,dirty,roboflow_dirt_det,test
56e2110e4c6a,Data/raw/roboflow_dirt/train/IMG_20241003_094241_632_jpg.rf.27a631cdb9685f11f27632cfa98ef80f.jpg,Low-Dirty,dirty,roboflow_dirt_det,test
34ad97df1bc2,Data/raw/roboflow_dirt/train/IMG_20241003_092718_790_jpg.rf.27d3d013495aaba3fb838358af945d96.jpg,Low-Dirty,dirty,roboflow_dirt_det,test
fa9755432217,Data/raw/roboflow_dirt/train/IMG_20241003_092711_562_jpg.rf.26d2d0b75eb335666e3877d28bd62a33.jpg,Low-Dirty,dirty,roboflow_dirt_det,test
15d7df612ddd,Data/raw/roboflow_dirt/train/IMG_20241003_093837_039_jpg.rf.271306ddbdd3ad098d754bae1a596b20.jpg,Low-Dirty,dirty,roboflow_dirt_det,test
a73bb1d757ec,Data/raw/roboflow_dirt/train/IMG_20241003_094247_858_jpg.rf.276be413f56ec825d99744daab44ac23.jpg,Low-Dirty,dirty,roboflow_dirt_det,test
b0a8d1f28523,Data/raw/roboflow_dirt/train/IMG_20241003_094234_919_jpg.rf.269c5f1733f1e5eeb85bba33ccd519fd.jpg,Low-Dirty,dirty,roboflow_dirt_det,test
19d832740999,Data/raw/roboflow_dirt/train/IMG_20241003_090103_937_jpg.rf.2790353ba81c2069a4d13254e5422a46.jpg,Clean,clean,roboflow_dirt_det,test
62b2cd1c469a,Data/raw/roboflow_dirt/train/IMG_20241003_090656_424_jpg.rf.2813187803ed594aaeabddc0092009e2.jpg,Clean,clean,roboflow_dirt_det,test
442c1daa3dcb,Data/raw/roboflow_dirt/train/IMG_20241003_093730_226_jpg.rf.2a51fd99299f8a4442afbbbc74e86d1b.jpg,Low-Dirty,dirty,roboflow_dirt_det,test
ffba39c17718,Data/raw/roboflow_dirt/train/IMG_20241003_093632_513_jpg.rf.2a3f6b5cb29dea0f80bcb180da409855.jpg,High-Dirty,dirty,roboflow_dirt_det,test
0d1448418d0e,Data/raw/roboflow_dirt/train/IMG_20241003_091006_427_jpg.rf.2870995c09c789ff9a8568ff2a4caf6f.jpg,Clean,clean,roboflow_dirt_det,test
bf3413c31c13,Data/raw/roboflow_dirt/train/IMG_20241003_094903_659_jpg.rf.2923494a139515b1b1f422db1d1afc2d.jpg,Low-Dirty,dirty,roboflow_dirt_det,test
e5d2c30d5cfb,Data/raw/roboflow_dirt/train/IMG_20241003_094814_838_jpg.rf.2ab10004ee498bb6900c6591424c318d.jpg,Low-Dirty,dirty,roboflow_dirt_det,test
f7bbdb533f8e,Data/raw/roboflow_dirt/train/IMG_20241003_091522_386_jpg.rf.29a50c931e8ac793bf41609eba0920de.jpg,Clean,clean,roboflow_dirt_det,test
80eae2bc23af,Data/raw/roboflow_dirt/train/IMG_20241003_090723_898_jpg.rf.288daf605a04ae8a875e1332c788ed94.jpg,Clean,clean,roboflow_dirt_det,test
fe47b69fc980,Data/raw/roboflow_dirt/train/IMG_20241003_094322_416_jpg.rf.2836f839e1521ff68ec797365b01dc90.jpg,Low-Dirty,dirty,roboflow_dirt_det,test
cf3cc013e979,Data/raw/roboflow_dirt/train/IMG_20241003_092534_388_jpg.rf.2aa2c8d7b26d63c98c0921b6b391afd3.jpg,High-Dirty,dirty,roboflow_dirt_det,test
5c20be26481b,Data/raw/roboflow_dirt/train/IMG_20241003_094826_222_jpg.rf.2ad7c914af3ca6d97dcbb97c82bb525c.jpg,Low-Dirty,dirty,roboflow_dirt_det,test
94324e58fec9,Data/raw/roboflow_dirt/train/IMG_20241003_094828_569_jpg.rf.2afadd74343e803e1c4754119d735353.jpg,Low-Dirty,dirty,roboflow_dirt_det,test
58a1046d9d4e,Data/raw/roboflow_dirt/train/IMG_20241003_093419_090_jpg.rf.2ada078c8de2dcf44bfafee42491736c.jpg,High-Dirty,dirty,roboflow_dirt_det,test
ab4d399114d8,Data/raw/roboflow_dirt/train/IMG_20241003_090319_024_jpg.rf.2b84055a444db5c835fca5f1506d6776.jpg,Clean,clean,roboflow_dirt_det,test
9e1dcb3a6f79,Data/raw/roboflow_dirt/train/IMG_20241003_090652_199_jpg.rf.2b032f782ebf09deb840fe3c1696af8a.jpg,Clean,clean,roboflow_dirt_det,test
de81972224ad,Data/raw/roboflow_dirt/train/IMG_20241003_085827_567_jpg.rf.2bfe802d0b50b4df7f936a6859f4a54e.jpg,Clean,clean,roboflow_dirt_det,test
cf8ab2c8fa7d,Data/raw/roboflow_dirt/train/IMG_20241003_095054_810_jpg.rf.2aa22ab0747ecf33088336e4cfd3d091.jpg,Low-Dirty,dirty,roboflow_dirt_det,test
b923dcf3601b,Data/raw/roboflow_dirt/train/IMG_20241003_094322_843_jpg.rf.2adbed4a8c7207b685c731b569988159.jpg,Low-Dirty,dirty,roboflow_dirt_det,test
4843f2b74223,Data/raw/roboflow_dirt/train/IMG_20241003_093253_179_jpg.rf.2959721c17ce7524b9477a0d682df12d.jpg,Low-Dirty,dirty,roboflow_dirt_det,test
26e017625448,Data/raw/roboflow_dirt/train/IMG_20241003_093414_065_jpg.rf.2b835fa59a056a73589698b9493798c7.jpg,High-Dirty,dirty,roboflow_dirt_det,test
a9ca3f5f9566,Data/raw/roboflow_dirt/train/IMG_20241003_093815_993_jpg.rf.28fe0e9d6865d1a13c05c7cf5e2e8665.jpg,Low-Dirty,dirty,roboflow_dirt_det,test
d7b3e392f936,Data/raw/roboflow_dirt/train/IMG_20241003_093818_198_jpg.rf.2bee1c4a658e384963bdcc2e866388d8.jpg,Low-Dirty,dirty,roboflow_dirt_det,test
669981640191,Data/raw/roboflow_dirt/train/IMG_20241003_093731_337_jpg.rf.2a9059aeb33808e1dfd81722df120637.jpg,Low-Dirty,dirty,roboflow_dirt_det,test
61920d9a6ebf,Data/raw/roboflow_dirt/train/IMG_20241003_094322_843_jpg.rf.2ad849cdc291415ec708a3cec1a4004a.jpg,Low-Dirty,dirty,roboflow_dirt_det,test
d1664847e922,Data/raw/roboflow_dirt/train/IMG_20241003_093124_394_jpg.rf.2b344187587fd569932fb0b6709fcaf1.jpg,Low-Dirty,dirty,roboflow_dirt_det,test
d076ee17e01a,Data/raw/roboflow_dirt/train/IMG_20241003_093015_746_jpg.rf.2c05bdc790a801ab1651ab0d1f7197e1.jpg,Low-Dirty,dirty,roboflow_dirt_det,test
7a9a02b37046,Data/raw/roboflow_dirt/train/IMG_20241003_093413_726_jpg.rf.2aa75e97ef0c51e96b0f78ecc67a3cd2.jpg,High-Dirty,dirty,roboflow_dirt_det,test
213bfce7e4e4,Data/raw/roboflow_dirt/train/IMG_20241003_092203_668_jpg.rf.2bd606edc5d87f131a149795495cda44.jpg,High-Dirty,dirty,roboflow_dirt_det,test
c209e7002bba,Data/raw/roboflow_dirt/train/IMG_20241003_093358_577_jpg.rf.2c02b04ea50b4ffb74fbf77eb75c48ae.jpg,High-Dirty,dirty,roboflow_dirt_det,test
35c8d8f80516,Data/raw/roboflow_dirt/train/IMG_20241003_093447_751_jpg.rf.2c2016ccbe8ce5f7c454c85177a5d5de.jpg,High-Dirty,dirty,roboflow_dirt_det,test
e030fe2cf689,Data/raw/roboflow_dirt/train/IMG_20241003_092159_554_jpg.rf.2c0f4d45f619219c268fbda12b2ef799.jpg,High-Dirty,dirty,roboflow_dirt_det,test
e56994047264,Data/raw/roboflow_dirt/train/IMG_20241003_085832_965_jpg.rf.2d9ff5197647e2263896fbee70d952e4.jpg,Clean,clean,roboflow_dirt_det,test
f01a24c0271f,Data/raw/roboflow_dirt/train/IMG_20241003_094450_392_jpg.rf.2c0ce0d69397718869fb6cf33b7416ef.jpg,Low-Dirty,dirty,roboflow_dirt_det,test
ff1c97e404cc,Data/raw/roboflow_dirt/train/IMG_20241003_095636_074_jpg.rf.2d1ee29241a1c98d5a04988c346173b8.jpg,Low-Dirty,dirty,roboflow_dirt_det,test
a58a5293e2a8,Data/raw/roboflow_dirt/train/IMG_20241003_093721_939_jpg.rf.2c7a79edfdfcf5bda6855ef1d23a67c0.jpg,Low-Dirty,dirty,roboflow_dirt_det,test
d65898f281a6,Data/raw/roboflow_dirt/train/IMG_20241003_090018_206_jpg.rf.2cf0e0f1e65c9c870db3fd39875daee8.jpg,Clean,clean,roboflow_dirt_det,test
850607d438e5,Data/raw/roboflow_dirt/train/IMG_20241002_214920_285_jpg.rf.2da15f6009a4b3254390cff6ae84d9c0.jpg,Clean,clean,roboflow_dirt_det,test
abb69c501412,Data/raw/roboflow_dirt/train/IMG_20241003_093403_436_jpg.rf.2cd088c89a8fe18ebfdbf46dac049669.jpg,High-Dirty,dirty,roboflow_dirt_det,test
60654ed8e4e3,Data/raw/roboflow_dirt/train/IMG_20241003_090227_779_jpg.rf.2e067b8c4b18191aeee6f1a92833f378.jpg,Clean,clean,roboflow_dirt_det,test
93cba722b270,Data/raw/roboflow_dirt/train/IMG_20241003_094307_789_jpg.rf.2d452ce5001c4857525ca47d799fe240.jpg,Low-Dirty,dirty,roboflow_dirt_det,test
f6c684c8f7e8,Data/raw/roboflow_dirt/train/IMG_20241003_093804_279_jpg.rf.2df9a45048a7745e6002ca8cb0a70edd.jpg,Low-Dirty,dirty,roboflow_dirt_det,test
4e9e7b1abdfa,Data/raw/roboflow_dirt/train/IMG_20241003_095624_434_jpg.rf.2e50bec82905496552ffd3668a3327b2.jpg,Low-Dirty,dirty,roboflow_dirt_det,test
f6d78ddec6f8,Data/raw/roboflow_dirt/train/IMG_20241003_095828_386_jpg.rf.2ea9f3f98a547eb0fed59cbbe0666105.jpg,Low-Dirty,dirty,roboflow_dirt_det,test
c70cb0c0aa02,Data/raw/roboflow_dirt/train/IMG_20241003_095131_527_jpg.rf.2e806704de869a174cd4805c032d2fbd.jpg,Low-Dirty,dirty,roboflow_dirt_det,test
7cf3df187314,Data/raw/roboflow_dirt/train/IMG_20241003_093726_620_jpg.rf.2cc1c58d5d505fb9d7fb7f402b1abab9.jpg,Low-Dirty,dirty,roboflow_dirt_det,test
ce6dc3b59d35,Data/raw/roboflow_dirt/train/IMG_20241003_094946_085_jpg.rf.2de88168a35c6fd4b094edbf0a0f1888.jpg,Low-Dirty,dirty,roboflow_dirt_det,test
96765e88740d,Data/raw/roboflow_dirt/train/IMG_20241003_093032_807_jpg.rf.2e776c5ad9adfb4cb7b2ae57de3fe78d.jpg,Low-Dirty,dirty,roboflow_dirt_det,test
7775798eb2fe,Data/raw/roboflow_dirt/train/IMG_20241003_085911_455_jpg.rf.2dd86f4478c64bdb75dd41691182fee6.jpg,Clean,clean,roboflow_dirt_det,test
18b74c0b213c,Data/raw/roboflow_dirt/train/IMG_20241003_093819_920_jpg.rf.2e425a3d282141020cd91c686d3b51be.jpg,Low-Dirty,dirty,roboflow_dirt_det,test
e096e5510990,Data/raw/roboflow_dirt/train/IMG_20241003_095205_838_jpg.rf.2e6391e66256600460a6549af8ca4d12.jpg,Low-Dirty,dirty,roboflow_dirt_det,test
ecda459e42df,Data/raw/roboflow_dirt/train/IMG_20241003_091424_599_jpg.rf.2e8e84b9577b041a70a81b9ab011528a.jpg,Clean,clean,roboflow_dirt_det,test
1a1ced2bb9ec,Data/raw/roboflow_dirt/train/IMG_20241003_093738_478_jpg.rf.2eabde5c58fbb1eb8f26d090a0f69cac.jpg,Low-Dirty,dirty,roboflow_dirt_det,test
9e7c6ca373c8,Data/raw/roboflow_dirt/train/IMG_20241003_094727_426_jpg.rf.2e8c4b79df96e0985c54fba9e0cfdd8f.jpg,Low-Dirty,dirty,roboflow_dirt_det,test
653e829eddaa,Data/raw/roboflow_dirt/train/IMG_20241003_094842_714_jpg.rf.2ed1dc26b4b065ddfb2851164901ea1e.jpg,Low-Dirty,dirty,roboflow_dirt_det,test
f81aeb3f3b34,Data/raw/roboflow_dirt/train/IMG_20241003_095040_530_jpg.rf.2eb06985c9ba395a7fc6b3878d2c38ba.jpg,Low-Dirty,dirty,roboflow_dirt_det,test
5e8bb198616f,Data/raw/roboflow_dirt/train/IMG_20241003_090429_534_jpg.rf.2f20e4ff9f9fac47cb613845183c817a.jpg,Clean,clean,roboflow_dirt_det,test
17dbab973b93,Data/raw/roboflow_dirt/train/IMG_20241003_091628_848_jpg.rf.2e5caf1a8d23ad34c6ff8b7189b4d3e5.jpg,Clean,clean,roboflow_dirt_det,test
2e268711485c,Data/raw/roboflow_dirt/train/IMG_20241003_093550_482_jpg.rf.2f50997a0fcc1f93954c6362813490c9.jpg,High-Dirty,dirty,roboflow_dirt_det,test
4c7c1f776227,Data/raw/roboflow_dirt/train/IMG_20241003_093355_378_jpg.rf.30031253e4a1a6710c8af47a55c1c69a.jpg,High-Dirty,dirty,roboflow_dirt_det,test
773bd83a813a,Data/raw/roboflow_dirt/train/IMG_20241003_095049_820_jpg.rf.30abad24c29a8da7e102c1191e8207f7.jpg,Low-Dirty,dirty,roboflow_dirt_det,test
1e7d7d3bd002,Data/raw/roboflow_dirt/train/IMG_20241003_095109_048_jpg.rf.2f875872aaf0bad0cff394cc84436798.jpg,Low-Dirty,dirty,roboflow_dirt_det,test
b69ae38c48b5,Data/raw/roboflow_dirt/train/IMG_20241003_095114_632_jpg.rf.2fbff036a80a39569a2c31912526a6a1.jpg,Low-Dirty,dirty,roboflow_dirt_det,test
020ec666d464,Data/raw/roboflow_dirt/train/IMG_20241003_094332_140_jpg.rf.2f9644c2f9103a77ac7d1dd934fb38ed.jpg,Low-Dirty,dirty,roboflow_dirt_det,test
f70d12f71653,Data/raw/roboflow_dirt/train/IMG_20241003_094702_752_jpg.rf.2fb7466003c9972df20bc523b3b240f0.jpg,Low-Dirty,dirty,roboflow_dirt_det,test
17bf647d03ba,Data/raw/roboflow_dirt/train/IMG_20241003_095151_149_jpg.rf.2fe316f879569ce52a96e5191b9fd0f3.jpg,Low-Dirty,dirty,roboflow_dirt_det,test
d31a0da7f7b9,Data/raw/roboflow_dirt/train/IMG_20241003_093032_807_jpg.rf.3093314261a4b6946046319f8eda1c08.jpg,Low-Dirty,dirty,roboflow_dirt_det,test
f034d8b9437a,Data/raw/roboflow_dirt/train/IMG_20241003_091216_813_jpg.rf.310a910da1c0cb13cf3f6f506695bac4.jpg,Clean,clean,roboflow_dirt_det,test
5864b550e5e6,Data/raw/roboflow_dirt/train/IMG_20241003_095035_667_jpg.rf.31681f34d3797cc7fbfe6fd5f406e54f.jpg,Low-Dirty,dirty,roboflow_dirt_det,test
63fa302af4a8,Data/raw/roboflow_dirt/train/IMG_20241003_093457_806_jpg.rf.3045afa9e74049424e31f340734b8c3a.jpg,High-Dirty,dirty,roboflow_dirt_det,test
33c8ffc4dd3a,Data/raw/roboflow_dirt/train/IMG_20241003_093724_084_jpg.rf.30bb19de0bf155975ace6701379f7440.jpg,Low-Dirty,dirty,roboflow_dirt_det,test
c65c67f6dca2,Data/raw/roboflow_dirt/train/IMG_20241003_090004_828_jpg.rf.314d71814f498f932b9f13c218aa754c.jpg,Clean,clean,roboflow_dirt_det,test
42fee0f16064,Data/raw/roboflow_dirt/train/IMG_20241003_090037_036_jpg.rf.302cd04e87119536244f24f4da42da91.jpg,Clean,clean,roboflow_dirt_det,test
c31b2ca1b5ab,Data/raw/roboflow_dirt/train/IMG_20241003_090556_090_jpg.rf.316e35b51f51fef6ab0a1a9eb511944c.jpg,Clean,clean,roboflow_dirt_det,test
bc05d208552f,Data/raw/roboflow_dirt/train/IMG_20241003_085820_672_jpg.rf.2fd81c3be0c0f751cce2cd00a98f5b0c.jpg,Clean,clean,roboflow_dirt_det,test
6a7dfd36efb1,Data/raw/roboflow_dirt/train/IMG_20241003_093405_237_jpg.rf.304ea3aa4967a3ae058075657bc7558b.jpg,High-Dirty,dirty,roboflow_dirt_det,test
7c692951be0a,Data/raw/roboflow_dirt/train/IMG_20241003_092252_208_jpg.rf.31568e3a1237ecd05a82401eb5f439dd.jpg,High-Dirty,dirty,roboflow_dirt_det,test
ff1fb3adda6e,Data/raw/roboflow_dirt/train/IMG_20241003_094256_986_jpg.rf.318a24af5db33dc8d48fc158cfbe7ddc.jpg,Low-Dirty,dirty,roboflow_dirt_det,test
cc17da8147b8,Data/raw/roboflow_dirt/train/IMG_20241003_094459_089_jpg.rf.30e1fb15221007d4b0d4d06888738589.jpg,Low-Dirty,dirty,roboflow_dirt_det,test
109eee49ea1a,Data/raw/roboflow_dirt/train/IMG_20241003_085906_798_jpg.rf.301d712cfd017f3690d6df5308e35444.jpg,Clean,clean,roboflow_dirt_det,test
7312c479ca94,Data/raw/roboflow_dirt/train/IMG_20241003_093116_731_jpg.rf.318a169220173ecf2fd75710ff9b0fa0.jpg,Low-Dirty,dirty,roboflow_dirt_det,test
b02d5770f801,Data/raw/roboflow_dirt/train/IMG_20241003_085810_106_jpg.rf.31a91deaaebc0c7df1861dfbaa3b4b1d.jpg,Clean,clean,roboflow_dirt_det,test
cc628884aa5c,Data/raw/roboflow_dirt/train/IMG_20241003_092559_108_jpg.rf.2f45a9705964409e9c683568c5320ca2.jpg,High-Dirty,dirty,roboflow_dirt_det,test
caee2be8c243,Data/raw/roboflow_dirt/train/IMG_20241003_090429_534_jpg.rf.2f97291e0bf73a7e2200ba6edd92857b.jpg,Clean,clean,roboflow_dirt_det,test
6d5099d08170,Data/raw/roboflow_dirt/train/IMG_20241003_090350_074_jpg.rf.33399c9278d943249bca0334eeccfad5.jpg,Clean,clean,roboflow_dirt_det,test
e60953956f45,Data/raw/roboflow_dirt/train/IMG_20241003_093819_407_jpg.rf.323e1d8fa5766f3d123971836571f0e6.jpg,Low-Dirty,dirty,roboflow_dirt_det,test
8c920f8cd284,Data/raw/roboflow_dirt/train/IMG_20241003_093523_349_jpg.rf.337273844f966296f08e0383204add5d.jpg,High-Dirty,dirty,roboflow_dirt_det,test
9f277acb2085,Data/raw/roboflow_dirt/train/IMG_20241003_093837_039_jpg.rf.31c19aaddceee7687a8bb04234f61f5c.jpg,Low-Dirty,dirty,roboflow_dirt_det,test
9151c5e04985,Data/raw/roboflow_dirt/train/IMG_20241003_094306_768_jpg.rf.331b88cc9141e65c243f478f58de95dd.jpg,Low-Dirty,dirty,roboflow_dirt_det,test
8b2e45fb1e8a,Data/raw/roboflow_dirt/train/IMG_20241003_093723_493_jpg.rf.33d47ba44d6479d67d80181e35b268dc.jpg,Low-Dirty,dirty,roboflow_dirt_det,test
bbaba974d7d9,Data/raw/roboflow_dirt/train/IMG_20241003_095124_349_jpg.rf.3349da3564df25512a9b5be5fe6e5484.jpg,Low-Dirty,dirty,roboflow_dirt_det,test
2d1d9bd9f519,Data/raw/roboflow_dirt/train/IMG_20241003_092545_360_jpg.rf.3215ba97deb0de0950d5205513aabea2.jpg,High-Dirty,dirty,roboflow_dirt_det,test
69d382c2a8f1,Data/raw/roboflow_dirt/train/IMG_20241003_091620_755_jpg.rf.340340d50df3ee5b3149ea8c0322dd67.jpg,Clean,clean,roboflow_dirt_det,test
b006671246c4,Data/raw/roboflow_dirt/train/IMG_20241003_095040_530_jpg.rf.33ad89bc293dba6fc8dd6ed169374dab.jpg,Low-Dirty,dirty,roboflow_dirt_det,test
a10c27bb58fb,Data/raw/roboflow_dirt/train/IMG_20241003_094233_539_jpg.rf.34ba224e9b647f671cf178b62673021f.jpg,Low-Dirty,dirty,roboflow_dirt_det,test
d15db332f7db,Data/raw/roboflow_dirt/train/IMG_20241003_090834_147_jpg.rf.34b341d5b53374555b6888bcf3b027c4.jpg,Clean,clean,roboflow_dirt_det,test
d8b62396b3f1,Data/raw/roboflow_dirt/train/IMG_20241003_095824_758_jpg.rf.35c1c137ab4d5b90a1e5268e61294a47.jpg,Low-Dirty,dirty,roboflow_dirt_det,test
b50cc8377689,Data/raw/roboflow_dirt/train/IMG_20241003_095005_802_jpg.rf.338c57a46c8512c311c7f4f011388fff.jpg,Low-Dirty,dirty,roboflow_dirt_det,test
a44041053328,Data/raw/roboflow_dirt/train/IMG_20241003_091530_538_jpg.rf.33fc508655425145e330817c480c2d79.jpg,Clean,clean,roboflow_dirt_det,test
7d195f5c7328,Data/raw/roboflow_dirt/train/IMG_20241003_094916_814_jpg.rf.35808f0832da08b6707a91b8cc2f5630.jpg,Low-Dirty,dirty,roboflow_dirt_det,test
424a25d45c2b,Data/raw/roboflow_dirt/train/IMG_20241003_093405_673_jpg.rf.32897849b711143b16a10ee48436b191.jpg,High-Dirty,dirty,roboflow_dirt_det,test
afbb2559ccd3,Data/raw/roboflow_dirt/train/IMG_20241003_094442_174_jpg.rf.33b051d0847cff758eea3d71a05b8a48.jpg,Low-Dirty,dirty,roboflow_dirt_det,test
40db5e393cc5,Data/raw/roboflow_dirt/train/IMG_20241003_092321_966_jpg.rf.3344dc301c3736099325939ef6a9a995.jpg,High-Dirty,dirty,roboflow_dirt_det,test
627883b7b78a,Data/raw/roboflow_dirt/train/IMG_20241003_090100_124_jpg.rf.33a227c7f2854492baa4ece57d3cc0eb.jpg,Clean,clean,roboflow_dirt_det,test
0535ce1edcc4,Data/raw/roboflow_dirt/train/IMG_20241003_091100_401_jpg.rf.32d36601d6b9e00c90beebf8bb22a62a.jpg,Clean,clean,roboflow_dirt_det,test
ea78cf1489cc,Data/raw/roboflow_dirt/train/IMG_20241003_093427_819_jpg.rf.33bcc69480a6b39343784bc41ef2b131.jpg,High-Dirty,dirty,roboflow_dirt_det,test
84715fbf2fe5,Data/raw/roboflow_dirt/train/IMG_20241003_095359_669_jpg.rf.350b3cf3ce6e48cd22c87ecca2da5543.jpg,Low-Dirty,dirty,roboflow_dirt_det,test
060c5b4602bf,Data/raw/roboflow_dirt/train/IMG_20241003_093806_778_jpg.rf.33bc0bca7baff5475bd0b8ff5506df4c.jpg,Low-Dirty,dirty,roboflow_dirt_det,test
f8531cafb2f9,Data/raw/roboflow_dirt/train/IMG_20241003_093531_525_jpg.rf.35fdd4b2b8b58fb5ffe5533ee84b67e2.jpg,High-Dirty,dirty,roboflow_dirt_det,test
150fae41c246,Data/raw/roboflow_dirt/train/IMG_20241003_095224_978_jpg.rf.34fb8dc203d49e3d65f0daaded8788a1.jpg,Low-Dirty,dirty,roboflow_dirt_det,test
b3c37fbf6f61,Data/raw/roboflow_dirt/train/IMG_20241003_090103_937_jpg.rf.35f89e1fbf4b2937e2e53e56855fa879.jpg,Clean,clean,roboflow_dirt_det,test
40aaa09d6871,Data/raw/roboflow_dirt/train/IMG_20241003_093734_843_jpg.rf.363820c9a8e8e10de827ef9fddb8f43b.jpg,Low-Dirty,dirty,roboflow_dirt_det,test
b778336e70ba,Data/raw/roboflow_dirt/train/IMG_20241003_094324_440_jpg.rf.361399d78be8388da83a016853044eff.jpg,Low-Dirty,dirty,roboflow_dirt_det,test
ca95a12f52cc,Data/raw/roboflow_dirt/train/IMG_20241003_095343_967_jpg.rf.3612e10395bc3bac150c5b5e23f581af.jpg,Low-Dirty,dirty,roboflow_dirt_det,test
309a16313344,Data/raw/roboflow_dirt/train/IMG_20241003_085906_798_jpg.rf.378d0e5b9d668c104c49440cdc147869.jpg,Clean,clean,roboflow_dirt_det,test
6fb11443e29b,Data/raw/roboflow_dirt/train/IMG_20241003_094234_919_jpg.rf.3784c7e38ee37de080f1c8501bcf1cfb.jpg,Low-Dirty,dirty,roboflow_dirt_det,test
7a8bf7f270fb,Data/raw/roboflow_dirt/train/IMG_20241003_091133_224_jpg.rf.37eb064685c17635938f683977d3f538.jpg,Clean,clean,roboflow_dirt_det,test
4fd34844221f,Data/raw/roboflow_dirt/train/IMG_20241003_095115_225_jpg.rf.36ff144749b990822c3a50c2d52107b3.jpg,Low-Dirty,dirty,roboflow_dirt_det,test
6d3b34389e23,Data/raw/roboflow_dirt/train/IMG_20241003_093800_747_jpg.rf.38027fadb5de6f1fd59bc1a458ac3b98.jpg,Low-Dirty,dirty,roboflow_dirt_det,test
33183a57fff0,Data/raw/roboflow_dirt/train/IMG_20241003_093414_914_jpg.rf.37ccb38f289c86ecfd8bd34ee7a3714f.jpg,High-Dirty,dirty,roboflow_dirt_det,test
4b2a7d31d5a4,Data/raw/roboflow_dirt/train/IMG_20241003_095114_632_jpg.rf.37c67baf9eb3a24223de5ae77c3cc902.jpg,Low-Dirty,dirty,roboflow_dirt_det,test
3fa339488dd2,Data/raw/roboflow_dirt/train/IMG_20241003_094327_091_jpg.rf.370d86d9d4add31dcbf4817c27eaf9ab.jpg,Low-Dirty,dirty,roboflow_dirt_det,test
d15aa503387d,Data/raw/roboflow_dirt/train/IMG_20241003_091628_848_jpg.rf.38fdf7f49981254837a276c69d8801fb.jpg,Clean,clean,roboflow_dirt_det,test
8b9f70acbd12,Data/raw/roboflow_dirt/train/IMG_20241003_094818_492_jpg.rf.3874560df9e0fd71d85ac35b709e304b.jpg,Low-Dirty,dirty,roboflow_dirt_det,test
8b9e27801e9a,Data/raw/roboflow_dirt/train/IMG_20241003_093403_436_jpg.rf.3802764d27a7ba9c5dddd53571d6a298.jpg,High-Dirty,dirty,roboflow_dirt_det,test
f6f96b1a854b,Data/raw/roboflow_dirt/train/IMG_20241003_092718_790_jpg.rf.36b19f83c8859eb711eaf7258d407746.jpg,Low-Dirty,dirty,roboflow_dirt_det,test
b2a23ba48395,Data/raw/roboflow_dirt/train/IMG_20241003_090705_284_jpg.rf.388ee7e0f1807e8878fdd9bb2f4560b1.jpg,Clean,clean,roboflow_dirt_det,test
f46df31756d2,Data/raw/roboflow_dirt/train/IMG_20241003_092530_751_jpg.rf.38316ec6f5457298ff98a19a0cec3617.jpg,High-Dirty,dirty,roboflow_dirt_det,test
586b20124630,Data/raw/roboflow_dirt/train/IMG_20241003_092559_108_jpg.rf.37a93d2fc6a3d9eb942fcb9603105cce.jpg,High-Dirty,dirty,roboflow_dirt_det,test
f3db84f830ca,Data/raw/roboflow_dirt/train/IMG_20241003_093853_040_jpg.rf.37d60e513d34dadc11150e386d473464.jpg,Low-Dirty,dirty,roboflow_dirt_det,test
3e7367ca45c2,Data/raw/roboflow_dirt/train/IMG_20241003_093816_652_jpg.rf.393cf303af84ab5139bce01f67886ea2.jpg,Low-Dirty,dirty,roboflow_dirt_det,test
b0410cd7a8c4,Data/raw/roboflow_dirt/train/IMG_20241003_092432_127_jpg.rf.37bdf24f638865898825406fa387b974.jpg,High-Dirty,dirty,roboflow_dirt_det,test
150cec20a445,Data/raw/roboflow_dirt/train/IMG_20241003_094239_257_jpg.rf.3707cbfef4f00de18a05a0366de3c6d7.jpg,Low-Dirty,dirty,roboflow_dirt_det,test
93dfca7f8542,Data/raw/roboflow_dirt/train/IMG_20241003_093413_726_jpg.rf.399bf2d7c3831d8e2122566c9fd100f1.jpg,High-Dirty,dirty,roboflow_dirt_det,test
19759b2b894a,Data/raw/roboflow_dirt/train/IMG_20241003_092557_208_jpg.rf.3792e086fa97defcb179c5bbe83d0771.jpg,High-Dirty,dirty,roboflow_dirt_det,test
490c3f296d4f,Data/raw/roboflow_dirt/train/IMG_20241003_093844_584_jpg.rf.399cea144a07fdff0a796255f7e8241e.jpg,Low-Dirty,dirty,roboflow_dirt_det,test
dcd7f0a09149,Data/raw/roboflow_dirt/train/IMG_20241003_093809_721_jpg.rf.38dfb0cf02a4a36425c9bf4c1b9cbb1b.jpg,Low-Dirty,dirty,roboflow_dirt_det,test
939c5aee7491,Data/raw/roboflow_dirt/train/IMG_20241003_090227_779_jpg.rf.3813463b94308f4e1c2aa22768ee801a.jpg,Clean,clean,roboflow_dirt_det,test
b5a3beeef513,Data/raw/roboflow_dirt/train/IMG_20241003_093822_296_jpg.rf.3a2a71bd48c1165b859317d59027f532.jpg,Low-Dirty,dirty,roboflow_dirt_det,test
cabc3d453e1b,Data/raw/roboflow_dirt/train/IMG_20241003_093723_199_jpg.rf.369de661ee285be43c6803253249e63c.jpg,Low-Dirty,dirty,roboflow_dirt_det,test
c51bed86183e,Data/raw/roboflow_dirt/train/IMG_20241003_094814_838_jpg.rf.3bf4cc347572d7c3086c2cc032bbf8cc.jpg,Low-Dirty,dirty,roboflow_dirt_det,test
bd6e6edb6fa5,Data/raw/roboflow_dirt/train/IMG_20241003_090723_898_jpg.rf.3a7efc817f30bd14cad39daa9916a412.jpg,Clean,clean,roboflow_dirt_det,test
ae599df77344,Data/raw/roboflow_dirt/train/IMG_20241003_093707_702_jpg.rf.3be1f6ae382d6384d32ad3f2db2e9ebc.jpg,High-Dirty,dirty,roboflow_dirt_det,test
ff350005de82,Data/raw/roboflow_dirt/train/IMG_20241003_093358_577_jpg.rf.3a28656a1a09d8bdb50dfded867ba360.jpg,High-Dirty,dirty,roboflow_dirt_det,test
f9aab74b38b5,Data/raw/roboflow_dirt/train/IMG_20241003_094246_219_jpg.rf.3c846a396a3430e2902d2fb2e1d7d16a.jpg,Low-Dirty,dirty,roboflow_dirt_det,test
53d42c55ad53,Data/raw/roboflow_dirt/train/IMG_20241003_092435_418_jpg.rf.399f965573c00cff4a6c12be8c81e2e0.jpg,High-Dirty,dirty,roboflow_dirt_det,test
162e2d193c6b,Data/raw/roboflow_dirt/train/IMG_20241003_093353_323_jpg.rf.3a52040e80a6d6746cb2476b06f9e4eb.jpg,High-Dirty,dirty,roboflow_dirt_det,test
433fa9c1e73e,Data/raw/roboflow_dirt/train/IMG_20241003_093420_023_jpg.rf.3be22096b83d34f8e94fa1c95bced966.jpg,High-Dirty,dirty,roboflow_dirt_det,test
a9640f442ad2,Data/raw/roboflow_dirt/train/IMG_20241003_093427_819_jpg.rf.3aca7cdc9d2406470061f43cef71fcd2.jpg,High-Dirty,dirty,roboflow_dirt_det,test
aca42ca5506d,Data/raw/roboflow_dirt/train/IMG_20241003_095620_204_jpg.rf.3c6a703be39274959603f7f72378811b.jpg,Low-Dirty,dirty,roboflow_dirt_det,test
274483520921,Data/raw/roboflow_dirt/train/IMG_20241003_095444_614_jpg.rf.3d13439a8db5c6dbd233392b9358af05.jpg,Low-Dirty,dirty,roboflow_dirt_det,test
204c863c53f2,Data/raw/roboflow_dirt/train/IMG_20241003_091347_047_jpg.rf.3b5dbf2f341c42d3413a7a0340be66ab.jpg,Clean,clean,roboflow_dirt_det,test
2aa42d0d43b9,Data/raw/roboflow_dirt/train/IMG_20241003_095049_820_jpg.rf.3a7afba6dcfad73092b3e3dcac5c6bd6.jpg,Low-Dirty,dirty,roboflow_dirt_det,test
99f39ebfd3cc,Data/raw/roboflow_dirt/train/IMG_20241003_095020_882_jpg.rf.3b1e355b91daf7f8ab269524991c21b5.jpg,Low-Dirty,dirty,roboflow_dirt_det,test
a62445d5f7dd,Data/raw/roboflow_dirt/train/IMG_20241003_093747_373_jpg.rf.3bcd4c18390918435d316c0a676cd689.jpg,Low-Dirty,dirty,roboflow_dirt_det,test
e4384728221b,Data/raw/roboflow_dirt/train/IMG_20241003_093420_023_jpg.rf.3b06acf74f1e6293645a668e5a259bd8.jpg,High-Dirty,dirty,roboflow_dirt_det,test
da6c85c57b75,Data/raw/roboflow_dirt/train/IMG_20241003_093912_321_jpg.rf.3ced1b17e24a96eba6d65e25044320c0.jpg,Low-Dirty,dirty,roboflow_dirt_det,test
07f39906de83,Data/raw/roboflow_dirt/train/IMG_20241003_093918_807_jpg.rf.3c288d071eba114e4906bb8758af26e3.jpg,Low-Dirty,dirty,roboflow_dirt_det,test
b8ff6a592e67,Data/raw/roboflow_dirt/train/IMG_20241003_093804_439_jpg.rf.3d147c3ac9acc76c6ba09a670106bf51.jpg,Low-Dirty,dirty,roboflow_dirt_det,test
af185f77385c,Data/raw/roboflow_dirt/train/IMG_20241003_095110_443_jpg.rf.3d3a45b04fa0505efd82c9be097f9d78.jpg,Low-Dirty,dirty,roboflow_dirt_det,test
d58861e5a5a1,Data/raw/roboflow_dirt/train/IMG_20241003_095349_333_jpg.rf.3d152a1d3d245c9f3fa5e39e2bfbba67.jpg,Low-Dirty,dirty,roboflow_dirt_det,test
10736956d315,Data/raw/roboflow_dirt/train/IMG_20241003_092212_886_jpg.rf.399ef5e855b7f635c2d350003622fcb6.jpg,High-Dirty,dirty,roboflow_dirt_det,test
12dd6fbbb9e5,Data/raw/roboflow_dirt/train/IMG_20241003_093730_226_jpg.rf.3d389478fbbbbbc32790255fb03b2043.jpg,Low-Dirty,dirty,roboflow_dirt_det,test
a5a7804d240c,Data/raw/roboflow_dirt/train/IMG_20241003_092555_336_jpg.rf.3c49e4bb4e11207149b08b61dcb33198.jpg,High-Dirty,dirty,roboflow_dirt_det,test
280f646cad60,Data/raw/roboflow_dirt/train/IMG_20241003_093813_175_jpg.rf.3c7470b6bc1b4aa60c362fdde2b7507f.jpg,Low-Dirty,dirty,roboflow_dirt_det,test
ea17b30cee23,Data/raw/roboflow_dirt/train/IMG_20241003_093809_207_jpg.rf.3a6a6ecd19548d17326db8fa4c2d5f3a.jpg,Low-Dirty,dirty,roboflow_dirt_det,test
23acb1eb5538,Data/raw/roboflow_dirt/train/IMG_20241003_093912_844_jpg.rf.3d4481acba2a8f68fcb08679fe322528.jpg,Low-Dirty,dirty,roboflow_dirt_det,test
5cf6537bf2a2,Data/raw/roboflow_dirt/train/IMG_20241003_090310_324_jpg.rf.3da8377e7d28946793a86eec600ece64.jpg,Clean,clean,roboflow_dirt_det,test
196df5db8cba,Data/raw/roboflow_dirt/train/IMG_20241003_095817_229_jpg.rf.3e6460dad6f8bd8ff2affc18878f4c5a.jpg,Low-Dirty,dirty,roboflow_dirt_det,test
6150cde05dc0,Data/raw/roboflow_dirt/train/IMG_20241003_093730_226_jpg.rf.3e4e5f704be60060a54c860221a2a0eb.jpg,Low-Dirty,dirty,roboflow_dirt_det,test
5caeb0bc41bb,Data/raw/roboflow_dirt/train/IMG_20241003_094239_257_jpg.rf.3dcd160a14aa8078dcbe3f4abc247cb8.jpg,Low-Dirty,dirty,roboflow_dirt_det,test
e01006674fa4,Data/raw/roboflow_dirt/train/IMG_20241003_093116_731_jpg.rf.3e5a239d5e1f38d1494daadd8396d201.jpg,Low-Dirty,dirty,roboflow_dirt_det,test
eb178cb38b36,Data/raw/roboflow_dirt/train/IMG_20241003_093813_175_jpg.rf.3e03eac0880b7618e1323c1316265e36.jpg,Low-Dirty,dirty,roboflow_dirt_det,test
ae27c57d9f08,Data/raw/roboflow_dirt/train/IMG_20241003_091107_290_jpg.rf.3e57947258659e979446ec1f80ae4e26.jpg,Clean,clean,roboflow_dirt_det,test
0a8b39fe678c,Data/raw/roboflow_dirt/train/IMG_20241003_093427_819_jpg.rf.3e2beacfabd6cbffd18b4b1d54deb157.jpg,High-Dirty,dirty,roboflow_dirt_det,test
e2a96e9842d5,Data/raw/roboflow_dirt/train/IMG_20241003_095055_646_jpg.rf.3e143155db1d98b82c4a05d56d01f926.jpg,Low-Dirty,dirty,roboflow_dirt_det,test
8bdc70303124,Data/raw/roboflow_dirt/train/IMG_20241003_092159_554_jpg.rf.3e1834d1408258acd52046b70eb8c4f0.jpg,High-Dirty,dirty,roboflow_dirt_det,test
62e0499b329f,Data/raw/roboflow_dirt/train/IMG_20241003_093724_084_jpg.rf.3dd75826895eabca22472cb055c94b17.jpg,Low-Dirty,dirty,roboflow_dirt_det,test
91ba3b52e0f6,Data/raw/roboflow_dirt/train/IMG_20241003_093617_411_jpg.rf.3dcd0cdcd4ac9a4514604a4f22ce2238.jpg,High-Dirty,dirty,roboflow_dirt_det,test
b5cdd16601c3,Data/raw/roboflow_dirt/train/IMG_20241003_090339_608_jpg.rf.3ddbfac9dddf73e53a8ae7e65e950382.jpg,Clean,clean,roboflow_dirt_det,test
9d646a9a65d4,Data/raw/roboflow_dirt/train/IMG_20241003_093423_924_jpg.rf.0023f27a876322abea54a7b8734de83d.jpg,High-Dirty,dirty,roboflow_dirt_det,test
be1fe524345c,Data/raw/roboflow_dirt/train/IMG_20241003_093032_807_jpg.rf.00345ebecb76d8e4ae3d2ac8d3d5acc2.jpg,Low-Dirty,dirty,roboflow_dirt_det,test
d47f264869b1,Data/raw/roboflow_dirt/train/IMG_20241003_093849_481_jpg.rf.001455694fee9885b1a3cd01e68faab6.jpg,Low-Dirty,dirty,roboflow_dirt_det,test
f58572ce67da,Data/raw/roboflow_dirt/train/IMG_20241003_090332_713_jpg.rf.0008a9f9a38d44b2a550dfa4b026ac3e.jpg,Clean,clean,roboflow_dirt_det,test
062fe98d58a0,Data/raw/roboflow_dirt/train/IMG_20241003_094236_441_jpg.rf.00691cb427854c2cb95b13c47a3e5113.jpg,Low-Dirty,dirty,roboflow_dirt_det,test
4de01f7526c4,Data/raw/roboflow_dirt/train/IMG_20241003_090426_149_jpg.rf.001c8a18e00603d67c9099dcf49d6f25.jpg,Clean,clean,roboflow_dirt_det,test
d75246057ca0,Data/raw/roboflow_dirt/train/IMG_20241003_093813_175_jpg.rf.0122a01eee06d9bd20eda072a3006b75.jpg,Low-Dirty,dirty,roboflow_dirt_det,test
5244e3fecab1,Data/raw/roboflow_dirt/train/IMG_20241003_095745_366_jpg.rf.019b1ddc5171b71bba6b6f3eedb53567.jpg,Low-Dirty,dirty,roboflow_dirt_det,test
22106e98f591,Data/raw/roboflow_dirt/train/IMG_20241003_095624_434_jpg.rf.0128f1789c3f67ec9e84e95d8156e661.jpg,Low-Dirty,dirty,roboflow_dirt_det,test
f62a3dd2df03,Data/raw/roboflow_dirt/train/IMG_20241003_094254_522_jpg.rf.0209a368a656d2cbf92e9f22661d85c1.jpg,Low-Dirty,dirty,roboflow_dirt_det,test
88cc91a8cbcd,Data/raw/roboflow_dirt/train/IMG_20241003_092411_588_jpg.rf.01248ace47933ed6a47e45dfb02bf336.jpg,High-Dirty,dirty,roboflow_dirt_det,test
4572e9e59a3e,Data/raw/roboflow_dirt/train/IMG_20241003_093833_601_jpg.rf.00539b165aadadd534711caea0dd6e7d.jpg,Low-Dirty,dirty,roboflow_dirt_det,test
2c64c04c433c,Data/raw/roboflow_dirt/train/IMG_20241002_214936_596_jpg.rf.01c92a394fff2317ce91e8b7c5938959.jpg,Clean,clean,roboflow_dirt_det,test
7f18bd02533a,Data/raw/roboflow_dirt/train/IMG_20241003_095040_530_jpg.rf.00e9d3d8c982a0d2a7f06c5c6edfe29b.jpg,Low-Dirty,dirty,roboflow_dirt_det,test
e862740283a0,Data/raw/roboflow_dirt/train/IMG_20241003_093419_090_jpg.rf.006000d8887a01fabaea7f4b76beaced.jpg,High-Dirty,dirty,roboflow_dirt_det,test
e492c59540b2,Data/raw/roboflow_dirt/train/IMG_20241003_093725_196_jpg.rf.01eaf7fd1bfb6df767ced6d550b0435c.jpg,Low-Dirty,dirty,roboflow_dirt_det,test
77e661fa6905,Data/raw/roboflow_dirt/train/IMG_20241003_094326_764_jpg.rf.015463904b290ed47404a944a3989577.jpg,Low-Dirty,dirty,roboflow_dirt_det,test
d32f75ff596d,Data/raw/roboflow_dirt/train/IMG_20241003_092203_668_jpg.rf.01e4bb6a14b67f44c1ed1f70bee5b84d.jpg,High-Dirty,dirty,roboflow_dirt_det,test
e663a3394d8d,Data/raw/roboflow_dirt/train/IMG_20241003_093739_578_jpg.rf.009ccbaa315311444cbe714cacc580ad.jpg,Low-Dirty,dirty,roboflow_dirt_det,test
defde0df6e77,Data/raw/roboflow_dirt/train/IMG_20241003_090024_445_jpg.rf.01f3e6b88f8ab8e4e3eae5ae5b97852a.jpg,Clean,clean,roboflow_dirt_det,test
262d61ba9ed9,Data/raw/roboflow_dirt/train/IMG_20241003_093844_584_jpg.rf.01382bb6404af77d5535c0fa0fd35cd7.jpg,Low-Dirty,dirty,roboflow_dirt_det,test
93418e759822,Data/raw/roboflow_dirt/train/IMG_20241003_093803_643_jpg.rf.00c6524634dcf0588f4235b0d4fc2b70.jpg,Low-Dirty,dirty,roboflow_dirt_det,test
d6f74d37d3c8,Data/raw/roboflow_dirt/train/IMG_20241003_095410_317_jpg.rf.023029f13e7121fdc6f30f955c2a9586.jpg,Low-Dirty,dirty,roboflow_dirt_det,test
3c8894eef266,Data/raw/roboflow_dirt/train/IMG_20241003_095404_946_jpg.rf.023a969e25e5982c7734a2480a0a53eb.jpg,Low-Dirty,dirty,roboflow_dirt_det,test
091efa5f9da4,Data/raw/roboflow_dirt/train/IMG_20241003_094258_092_jpg.rf.02250e8d67e7a1575612e1a073f9ecec.jpg,Low-Dirty,dirty,roboflow_dirt_det,test
c1ff7a18bf15,Data/raw/roboflow_dirt/train/IMG_20241003_093724_698_jpg.rf.02339baa6d27dcb413e3d21b6a1c0e1f.jpg,Low-Dirty,dirty,roboflow_dirt_det,test
491d1ab2e983,Data/raw/roboflow_dirt/train/IMG_20241002_214850_622_jpg.rf.0289e4a5d68ca8cbc89f7d11f25eb7fb.jpg,Clean,clean,roboflow_dirt_det,test
684f6b57bc85,Data/raw/roboflow_dirt/train/IMG_20241003_093401_886_jpg.rf.023c329076f41aeaacb4eb30fcbe3554.jpg,High-Dirty,dirty,roboflow_dirt_det,test
44965dcbb656,Data/raw/roboflow_dirt/train/IMG_20241003_093036_918_jpg.rf.02457c204b4aad246d634a856a3331d7.jpg,Low-Dirty,dirty,roboflow_dirt_det,test
30feca4caffb,Data/raw/roboflow_dirt/train/IMG_20241003_091545_271_jpg.rf.02c178ab5c6591fd8b7edc2e1e3b07ad.jpg,Clean,clean,roboflow_dirt_det,test
16451760d04a,Data/raw/roboflow_dirt/train/IMG_20241003_090605_352_jpg.rf.03adff489bbcab13bf5386c835d516f5.jpg,Clean,clean,roboflow_dirt_det,test
f01110ade5e5,Data/raw/roboflow_dirt/train/IMG_20241003_094322_843_jpg.rf.02ee9502c064ee2479ae3eb4d7357ff2.jpg,Low-Dirty,dirty,roboflow_dirt_det,test
faba7e2477cc,Data/raw/roboflow_dirt/train/IMG_20241003_094236_441_jpg.rf.032b87f9bc27869c271a5502166cd1b4.jpg,Low-Dirty,dirty,roboflow_dirt_det,test
2bc73bdd5c5c,Data/raw/roboflow_dirt/train/IMG_20241003_092550_786_jpg.rf.02a1a358454c260f289436f9fc0e7c48.jpg,High-Dirty,dirty,roboflow_dirt_det,test
bba354aff473,Data/raw/roboflow_dirt/train/IMG_20241003_092303_644_jpg.rf.03504bebd332c40436160f1be5a4a237.jpg,High-Dirty,dirty,roboflow_dirt_det,test
a1aea64e96ea,Data/raw/roboflow_dirt/train/IMG_20241003_090100_124_jpg.rf.038ed50641f7e57e76a19f221d822e04.jpg,Clean,clean,roboflow_dirt_det,test
1be837bda837,Data/raw/roboflow_dirt/train/IMG_20241003_093835_901_jpg.rf.042a344ba9c8e4587cda512dda554ac8.jpg,Low-Dirty,dirty,roboflow_dirt_det,test
de82825df4e9,Data/raw/roboflow_dirt/train/IMG_20241003_095620_204_jpg.rf.02740ef04f9c140f51794f3b1465db51.jpg,Low-Dirty,dirty,roboflow_dirt_det,test
42a74929b833,Data/raw/roboflow_dirt/train/IMG_20241003_093617_411_jpg.rf.02bf5b6bc945be94718e69963d7e8c36.jpg,High-Dirty,dirty,roboflow_dirt_det,test
8cea2b2c022b,Data/raw/roboflow_dirt/train/IMG_20241003_093612_491_jpg.rf.045304c3bf0193aef530a6de2b515d7c.jpg,High-Dirty,dirty,roboflow_dirt_det,test
0b9cccbfe957,Data/raw/roboflow_dirt/train/IMG_20241003_093804_439_jpg.rf.03880969c072927a0b279fb5156c2396.jpg,Low-Dirty,dirty,roboflow_dirt_det,test
5f3fca51a5b6,Data/raw/roboflow_dirt/train/IMG_20241003_095122_733_jpg.rf.04812e4060990865f1a7183b6a4b5cb4.jpg,Low-Dirty,dirty,roboflow_dirt_det,test
5733eecd9260,Data/raw/roboflow_dirt/train/IMG_20241003_085814_876_jpg.rf.0484b614a28c36905d2815d805a28244.jpg,Clean,clean,roboflow_dirt_det,test
f5eb094c0826,Data/raw/roboflow_dirt/train/IMG_20241003_095146_131_jpg.rf.02abcf57004f23c1c19bed1f0fae4376.jpg,Low-Dirty,dirty,roboflow_dirt_det,test
d06f7080f3dc,Data/raw/roboflow_dirt/train/IMG_20241003_091058_842_jpg.rf.02f33209e903a2e80a7eeb20311a3501.jpg,Clean,clean,roboflow_dirt_det,test
72579842383f,Data/raw/roboflow_dirt/train/IMG_20241003_093806_115_jpg.rf.02f0b73398ae352cffb18b0fee3d85ad.jpg,Low-Dirty,dirty,roboflow_dirt_det,test
734619716ffe,Data/raw/roboflow_dirt/train/IMG_20241003_094442_174_jpg.rf.04c566132d3dcb2ab4ef7b46f50edeec.jpg,Low-Dirty,dirty,roboflow_dirt_det,test
d826e30566c0,Data/raw/roboflow_dirt/train/IMG_20241003_095245_425_jpg.rf.03d75bd1a9b29883f325e08b54f4858d.jpg,Low-Dirty,dirty,roboflow_dirt_det,test
362e924a943a,Data/raw/roboflow_dirt/train/IMG_20241003_093913_824_jpg.rf.03cb08861f1dd0c5a289ec996aab887b.jpg,Low-Dirty,dirty,roboflow_dirt_det,test
91a60c232277,Data/raw/roboflow_dirt/train/IMG_20241003_094328_969_jpg.rf.05716e4caba791f9d366d4bd46534344.jpg,Low-Dirty,dirty,roboflow_dirt_det,test
96491563df97,Data/raw/roboflow_dirt/train/IMG_20241003_093425_300_jpg.rf.05a5ade2c13b9a67e7b48cc22dfabfe7.jpg,High-Dirty,dirty,roboflow_dirt_det,test
886f84168778,Data/raw/roboflow_dirt/train/IMG_20241003_093554_850_jpg.rf.04d7dc70165d44bef2f13ec5ef576751.jpg,High-Dirty,dirty,roboflow_dirt_det,test
e9d106f77183,Data/raw/roboflow_dirt/train/IMG_20241003_093416_608_jpg.rf.05d9bfcb10a163fa04ba120d6d770b1b.jpg,High-Dirty,dirty,roboflow_dirt_det,test
69d43f5b7ab5,Data/raw/roboflow_dirt/train/IMG_20241003_091510_869_jpg.rf.04cf98fedbf39c7c762199f10bb12261.jpg,Clean,clean,roboflow_dirt_det,test
f4e0e871bb11,Data/raw/roboflow_dirt/train/IMG_20241003_092718_790_jpg.rf.0512a4b63cc7276cb09d2fa1c73886e8.jpg,Low-Dirty,dirty,roboflow_dirt_det,test
3821c877de26,Data/raw/roboflow_dirt/train/IMG_20241003_090219_433_jpg.rf.06100a20a935d57120cc14c372c40e0b.jpg,Clean,clean,roboflow_dirt_det,test
beef0f4a2d54,Data/raw/roboflow_dirt/train/IMG_20241003_090916_928_jpg.rf.05e8782a2236d1728484505f8ad30a7d.jpg,Clean,clean,roboflow_dirt_det,test
83bf9f7f7f31,Data/raw/roboflow_dirt/train/IMG_20241003_095111_971_jpg.rf.067a9c370111e876e1a63c47af52632b.jpg,Low-Dirty,dirty,roboflow_dirt_det,test
73692c5a7c78,Data/raw/roboflow_dirt/train/IMG_20241003_095119_759_jpg.rf.073470db89e38ce93dad4863f0d10eac.jpg,Low-Dirty,dirty,roboflow_dirt_det,test
f257e3866782,Data/raw/roboflow_dirt/train/IMG_20241003_095035_667_jpg.rf.0642a2fc9b65b62b197af1b1605b951e.jpg,Low-Dirty,dirty,roboflow_dirt_det,test
ac5344f20382,Data/raw/roboflow_dirt/train/IMG_20241003_094255_097_jpg.rf.06215e2d9d56ef607a75ba1d80217ac7.jpg,Low-Dirty,dirty,roboflow_dirt_det,test
305e1443dfcf,Data/raw/roboflow_dirt/train/IMG_20241003_095051_800_jpg.rf.067f45f09c0bf3ba7f8acf420a505e3c.jpg,Low-Dirty,dirty,roboflow_dirt_det,test
f876df55ea54,Data/raw/roboflow_dirt/train/IMG_20241003_094821_018_jpg.rf.068dd71dc593be41267d56cbd7f5dfc3.jpg,Low-Dirty,dirty,roboflow_dirt_det,test
8415e989e5e7,Data/raw/roboflow_dirt/train/IMG_20241003_090035_122_jpg.rf.07d74b39b838e49b3ed7fc85576b7b66.jpg,Clean,clean,roboflow_dirt_det,test
a71b72a50abd,Data/raw/roboflow_dirt/train/IMG_20241003_093812_538_jpg.rf.0531e1229471558d08659d5a1ea88755.jpg,Low-Dirty,dirty,roboflow_dirt_det,test
9d43ff96f10d,Data/raw/roboflow_dirt/train/IMG_20241003_093423_287_jpg.rf.0764b65d3b250b044205552d3895cb9e.jpg,High-Dirty,dirty,roboflow_dirt_det,test
32d0731f351d,Data/raw/roboflow_dirt/train/IMG_20241003_095131_527_jpg.rf.05348bad17c77c15c26b41e6e9ad539a.jpg,Low-Dirty,dirty,roboflow_dirt_det,test
f7d4d4e45141,Data/raw/roboflow_dirt/train/IMG_20241003_085810_106_jpg.rf.0733ba245999c5b1b8c7ef1111aa4f56.jpg,Clean,clean,roboflow_dirt_det,test
75cc8bfe8597,Data/raw/roboflow_dirt/train/IMG_20241003_093403_721_jpg.rf.07898f5d671ec3603b1a560d8027f7b1.jpg,High-Dirty,dirty,roboflow_dirt_det,test
5021f07eb313,Data/raw/roboflow_dirt/train/IMG_20241003_094820_065_jpg.rf.06b40f735848d7ecec5feafa53755faf.jpg,Low-Dirty,dirty,roboflow_dirt_det,test
da1ee5807645,Data/raw/roboflow_dirt/train/IMG_20241003_091355_338_jpg.rf.071286a17aed0ee4748a238398317e6c.jpg,Clean,clean,roboflow_dirt_det,test
0c03acc41221,Data/raw/roboflow_dirt/train/IMG_20241003_090204_462_jpg.rf.06288436a335141ef467f1d10e99e783.jpg,Clean,clean,roboflow_dirt_det,test
129368b25cb4,Data/raw/roboflow_dirt/train/IMG_20241003_093403_721_jpg.rf.05d79e1fffa7bbd2ed2d8724a6462eaa.jpg,High-Dirty,dirty,roboflow_dirt_det,test
c16eb0756d20,Data/raw/roboflow_dirt/train/IMG_20241003_093847_990_jpg.rf.08006535d59805b7e270df09591e777e.jpg,Low-Dirty,dirty,roboflow_dirt_det,test
12322aa37f5a,Data/raw/roboflow_dirt/train/IMG_20241003_090629_616_jpg.rf.07dfff042d2f9eb918f3787498bc6c24.jpg,Clean,clean,roboflow_dirt_det,test
51d5fe612d7c,Data/raw/roboflow_dirt/train/IMG_20241003_093853_761_jpg.rf.0801fd3fb15d79d35f985649707512ef.jpg,Low-Dirty,dirty,roboflow_dirt_det,test
7a671e779bab,Data/raw/roboflow_dirt/train/IMG_20241002_214935_731_jpg.rf.0815e2293722bbe8ca5dc26092415730.jpg,Clean,clean,roboflow_dirt_det,test
e08f8fc02a7a,Data/raw/roboflow_dirt/train/IMG_20241003_093017_551_jpg.rf.0859ad42dbb7e88f8c9bd5c32acfe52c.jpg,Low-Dirty,dirty,roboflow_dirt_det,test
3e82576645ae,Data/raw/roboflow_dirt/train/IMG_20241003_093427_008_jpg.rf.0942c003b2e8db002d842ebd448e0a12.jpg,High-Dirty,dirty,roboflow_dirt_det,test
813481fe6e05,Data/raw/roboflow_dirt/train/IMG_20241003_085933_110_jpg.rf.0989825bd859f10f9570c7e015b4ad25.jpg,Clean,clean,roboflow_dirt_det,test
b7dd65f5c15d,Data/raw/roboflow_dirt/train/IMG_20241003_094323_542_jpg.rf.094658aee641e2314575aa0195dad39a.jpg,Low-Dirty,dirty,roboflow_dirt_det,test
6318ec2e477e,Data/raw/roboflow_dirt/train/IMG_20241003_094303_790_jpg.rf.0917d8424ed816d323ce6a927be63441.jpg,Low-Dirty,dirty,roboflow_dirt_det,test
0faf2887f44a,Data/raw/roboflow_dirt/train/IMG_20241003_095040_530_jpg.rf.0977bf9bd6f1822391097987c3c1731b.jpg,Low-Dirty,dirty,roboflow_dirt_det,test
7666991d89c6,Data/raw/roboflow_dirt/train/IMG_20241003_092202_408_jpg.rf.091bfaef6595b53b4a81e0f89ea64bc1.jpg,High-Dirty,dirty,roboflow_dirt_det,test
3749c6161502,Data/raw/roboflow_dirt/train/IMG_20241003_090418_099_jpg.rf.091e6fc09e9569c97135ab86fabdbc41.jpg,Clean,clean,roboflow_dirt_det,test
a907c993d9ac,Data/raw/roboflow_dirt/train/IMG_20241003_090051_596_jpg.rf.091245a8f7655d066d25b8866d0f47a2.jpg,Clean,clean,roboflow_dirt_det,test
04b91b399285,Data/raw/roboflow_dirt/train/IMG_20241003_095300_115_jpg.rf.09c6bbec205c37207bf2fc1c663e1547.jpg,Low-Dirty,dirty,roboflow_dirt_det,test
6c6e0d28969d,Data/raw/roboflow_dirt/train/IMG_20241003_095821_453_jpg.rf.09dbdbe59f4c0e87f12798e80e767d95.jpg,Low-Dirty,dirty,roboflow_dirt_det,test
e2a3a9b4d535,Data/raw/roboflow_dirt/train/IMG_20241003_090908_105_jpg.rf.0aa78a5ee5619e230b68a64a34f52cce.jpg,Clean,clean,roboflow_dirt_det,test
f7543cebc277,Data/raw/roboflow_dirt/train/IMG_20241003_093839_751_jpg.rf.09e52d0559b213fb1c569f36732395a1.jpg,Low-Dirty,dirty,roboflow_dirt_det,test
c6f4325cf26e,Data/raw/roboflow_dirt/train/IMG_20241003_093740_705_jpg.rf.0ada82f074f504cb141b97af43b7d993.jpg,Low-Dirty,dirty,roboflow_dirt_det,test
1c894d60dae8,Data/raw/roboflow_dirt/train/IMG_20241003_093727_473_jpg.rf.09cc1fb448674b7890b2372445210d74.jpg,Low-Dirty,dirty,roboflow_dirt_det,test
d555a614c837,Data/raw/roboflow_dirt/train/IMG_20241003_094913_183_jpg.rf.0a7a9a1db391e4a5c969b12e9a5f0fd3.jpg,Low-Dirty,dirty,roboflow_dirt_det,test
bcd77772660f,Data/raw/roboflow_dirt/train/IMG_20241003_093843_343_jpg.rf.0aca1253f827e7c5b416fff6ad54d6cb.jpg,Low-Dirty,dirty,roboflow_dirt_det,test
3048de3a292a,Data/raw/roboflow_dirt/train/IMG_20241003_091038_854_jpg.rf.0a0da8fb995e55f0ffa27f7e387f74ef.jpg,Clean,clean,roboflow_dirt_det,test
b3a3804a9e10,Data/raw/roboflow_dirt/train/IMG_20241003_093915_573_jpg.rf.0b2e101a5f01086a7f5bfa030b4a9bf8.jpg,Low-Dirty,dirty,roboflow_dirt_det,test
be869fa5f01b,Data/raw/roboflow_dirt/train/IMG_20241003_095121_848_jpg.rf.0b5e429cae528f2cbf236819976a10d3.jpg,Low-Dirty,dirty,roboflow_dirt_det,test
3ae321a8d9d1,Data/raw/roboflow_dirt/train/IMG_20241003_095048_899_jpg.rf.0adbf5f7425e1355fc1c66413e47dbea.jpg,Low-Dirty,dirty,roboflow_dirt_det,test
2faf77052536,Data/raw/roboflow_dirt/train/IMG_20241003_093832_052_jpg.rf.09e83c8efcc0703b0da6fddd2a0187f3.jpg,Low-Dirty,dirty,roboflow_dirt_det,test
b2a4ab70ce73,Data/raw/roboflow_dirt/train/IMG_20241003_085850_019_jpg.rf.0b17fc3236f29dd95349165fcf124e47.jpg,Clean,clean,roboflow_dirt_det,test
69330be4a806,Data/raw/roboflow_dirt/train/IMG_20241003_090043_687_jpg.rf.09cc931b7942c5bd0cd9c5f089df7780.jpg,Clean,clean,roboflow_dirt_det,test
2264cedd86b4,Data/raw/roboflow_dirt/train/IMG_20241003_093047_311_jpg.rf.09efd856f2416c5307777dec4e5d5bed.jpg,Low-Dirty,dirty,roboflow_dirt_det,test
b288a14fc8d2,Data/raw/roboflow_dirt/train/IMG_20241003_094323_823_jpg.rf.0ad07ba1c434b135fa5b5c304da97888.jpg,Low-Dirty,dirty,roboflow_dirt_det,test
807da844f0e8,Data/raw/roboflow_dirt/train/IMG_20241003_093830_726_jpg.rf.0b7cc6b18fe4f27b05d4b9807bdda8c1.jpg,Low-Dirty,dirty,roboflow_dirt_det,test
cc7078b4ea12,Data/raw/roboflow_dirt/train/IMG_20241003_094258_092_jpg.rf.0b3bdd24f804fa8b2398f4206d0f68c8.jpg,Low-Dirty,dirty,roboflow_dirt_det,test
6118f595ae12,Data/raw/roboflow_dirt/train/IMG_20241003_093409_659_jpg.rf.0c528f659374aaefc46c17617eaf0d86.jpg,High-Dirty,dirty,roboflow_dirt_det,test
d2fbc265e23a,Data/raw/roboflow_dirt/train/IMG_20241003_092624_179_jpg.rf.0bd40bda0da80821b87e6355fbe322a2.jpg,Low-Dirty,dirty,roboflow_dirt_det,test
2de6e367ac07,Data/raw/roboflow_dirt/train/IMG_20241003_093806_778_jpg.rf.0c1edef0915042a5400ed86cf5479dff.jpg,Low-Dirty,dirty,roboflow_dirt_det,test
7432b34b279e,Data/raw/roboflow_dirt/train/IMG_20241003_095439_408_jpg.rf.0c5b123d6cc401766d50d7848dd1f308.jpg,Low-Dirty,dirty,roboflow_dirt_det,test
e31f6a6c5582,Data/raw/roboflow_dirt/train/IMG_20241003_093819_407_jpg.rf.0c64ef92ffd765b1445208e6b6b6be3e.jpg,Low-Dirty,dirty,roboflow_dirt_det,test
b82fcbb112be,Data/raw/roboflow_dirt/train/IMG_20241003_095324_568_jpg.rf.0c4624317eee87b4dbf051e0460ba893.jpg,Low-Dirty,dirty,roboflow_dirt_det,test
ad95ae7c4faa,Data/raw/roboflow_dirt/train/IMG_20241003_094926_948_jpg.rf.0b8d5f8ce648794f3cb516d37ace13da.jpg,Low-Dirty,dirty,roboflow_dirt_det,test
6ec8567b24b2,Data/raw/roboflow_dirt/train/IMG_20241003_093400_213_jpg.rf.0bf2052daee6d6b82b2be9ad12cb69e7.jpg,High-Dirty,dirty,roboflow_dirt_det,test
2c15aa6e2eea,Data/raw/roboflow_dirt/train/IMG_20241003_095122_428_jpg.rf.0c05b4f2a2fb174a8837b17de4c99db4.jpg,Low-Dirty,dirty,roboflow_dirt_det,test
058d8a2e7525,Data/raw/roboflow_dirt/train/IMG_20241003_090820_926_jpg.rf.0c6ad9a80f890c3bf0e777a6a1dd26f6.jpg,Clean,clean,roboflow_dirt_det,test
9934c43b30b0,Data/raw/roboflow_dirt/train/IMG_20241003_093409_207_jpg.rf.0c490998c84a7def8cdb849e4c8da369.jpg,High-Dirty,dirty,roboflow_dirt_det,test
c6e6c3b6b039,Data/raw/roboflow_dirt/train/IMG_20241003_093735_220_jpg.rf.0d908f98c08e1de7bf2dae0b3d5374eb.jpg,Low-Dirty,dirty,roboflow_dirt_det,test
546d5e3fe6ac,Data/raw/roboflow_dirt/train/IMG_20241003_090714_577_jpg.rf.0e165752d84de7c77c3797a1470d483e.jpg,Clean,clean,roboflow_dirt_det,test
fe434ab9e863,Data/raw/roboflow_dirt/train/IMG_20241003_095131_090_jpg.rf.0d17d2c10a67e895c1bc10ed35151aa3.jpg,Low-Dirty,dirty,roboflow_dirt_det,test
08b20bd597a1,Data/raw/roboflow_dirt/train/IMG_20241003_093834_481_jpg.rf.0dc8c7b3ecc1fa28272b5005b69b5d39.jpg,Low-Dirty,dirty,roboflow_dirt_det,test
16a186025c86,Data/raw/roboflow_dirt/train/IMG_20241003_094330_149_jpg.rf.0e7ca40464abcb1cb4a8b7d722e9c1c9.jpg,Low-Dirty,dirty,roboflow_dirt_det,test
415eacc0efe7,Data/raw/roboflow_dirt/train/IMG_20241003_090728_530_jpg.rf.0cf6882e92f9197f077042ce0ca4500d.jpg,Clean,clean,roboflow_dirt_det,test
d3f263ec5c2a,Data/raw/roboflow_dirt/train/IMG_20241003_093457_806_jpg.rf.0c7ddacb2bf147fc5790c4caef9bd5cf.jpg,High-Dirty,dirty,roboflow_dirt_det,test
4d09eae92982,Data/raw/roboflow_dirt/train/IMG_20241003_093838_339_jpg.rf.0d63ba24ea49263678e3c325df8bfa61.jpg,Low-Dirty,dirty,roboflow_dirt_det,test
2452ebf27c21,Data/raw/roboflow_dirt/train/IMG_20241003_093747_373_jpg.rf.0e54e0adba6fd1539a9e8b9ba126888d.jpg,Low-Dirty,dirty,roboflow_dirt_det,test
cda31cdbfc84,Data/raw/roboflow_dirt/train/IMG_20241003_085835_479_jpg.rf.0e829d7c4644e1b796cf1160120fd522.jpg,Clean,clean,roboflow_dirt_det,test
c84d8aca244d,Data/raw/roboflow_dirt/train/IMG_20241003_091058_842_jpg.rf.0e6edb65d5fc9d82a4fd231ddb8fe7ce.jpg,Clean,clean,roboflow_dirt_det,test
7c546c57cece,Data/raw/roboflow_dirt/train/IMG_20241003_094330_149_jpg.rf.0ccd75545ed3520c6e6e024d557fa550.jpg,Low-Dirty,dirty,roboflow_dirt_det,test
b56faa8632b3,Data/raw/roboflow_dirt/train/IMG_20241003_094322_416_jpg.rf.0d0aa2cae162b225abfba8065c6dc3a6.jpg,Low-Dirty,dirty,roboflow_dirt_det,test
aa375d21fc3b,Data/raw/roboflow_dirt/train/IMG_20241003_095324_568_jpg.rf.0df31f3d89f2fca445bf482e005638ba.jpg,Low-Dirty,dirty,roboflow_dirt_det,test
5e7f13244b90,Data/raw/roboflow_dirt/train/IMG_20241003_094301_007_jpg.rf.0e840801a0932d1f2eb62368436c1040.jpg,Low-Dirty,dirty,roboflow_dirt_det,test
05ece92edf1a,Data/raw/roboflow_dirt/train/IMG_20241003_092555_336_jpg.rf.0dd923e7e8b217b254fe9a819bcd5ea1.jpg,High-Dirty,dirty,roboflow_dirt_det,test
8a9d39cd9323,Data/raw/roboflow_dirt/train/IMG_20241003_092542_138_jpg.rf.0ebd7885e8055635ece0d0669a8a8235.jpg,High-Dirty,dirty,roboflow_dirt_det,test
896ba3311a4f,Data/raw/roboflow_dirt/train/IMG_20241003_094327_809_jpg.rf.0f5ffddd99d7234d5c1f7030d4760663.jpg,Low-Dirty,dirty,roboflow_dirt_det,test
eb6d32ec783b,Data/raw/roboflow_dirt/train/IMG_20241003_092542_138_jpg.rf.0f86a22a1e64fd6da528e18a33dd4495.jpg,High-Dirty,dirty,roboflow_dirt_det,test
893fb3df9df2,Data/raw/roboflow_dirt/train/IMG_20241003_085850_838_jpg.rf.0f9474ecc94265cbf564e572d289f811.jpg,Clean,clean,roboflow_dirt_det,test
26c92bb97ba4,Data/raw/roboflow_dirt/train/IMG_20241003_093821_621_jpg.rf.0ecdd97fab0115dfde03e064732197a2.jpg,Low-Dirty,dirty,roboflow_dirt_det,test
9ff9939e3a86,Data/raw/roboflow_dirt/train/IMG_20241003_093717_198_jpg.rf.0faf586c7191b98f9cca5a4e0fc4ee5a.jpg,Low-Dirty,dirty,roboflow_dirt_det,test
ec8dab7def12,Data/raw/roboflow_dirt/train/IMG_20241003_093843_343_jpg.rf.0f98dfb57a80acacab135326fd65b6ad.jpg,Low-Dirty,dirty,roboflow_dirt_det,test
e5b0a6440d5c,Data/raw/roboflow_dirt/train/IMG_20241003_094250_538_jpg.rf.0f9b47bbaa203fec4d32560b61e1ce6c.jpg,Low-Dirty,dirty,roboflow_dirt_det,test
ddc6c0fc98ce,Data/raw/roboflow_dirt/train/IMG_20241003_094319_522_jpg.rf.0fabfe364f076240d5576e504d4984f2.jpg,Low-Dirty,dirty,roboflow_dirt_det,test
5de1a1537a4c,Data/raw/roboflow_dirt/train/IMG_20241003_090300_273_jpg.rf.10d65d235cd5c17e145fc33023b2a87f.jpg,Clean,clean,roboflow_dirt_det,test
07411091d7a1,Data/raw/roboflow_dirt/train/IMG_20241003_092202_408_jpg.rf.114212a1e984cb390a6704151a0d647b.jpg,High-Dirty,dirty,roboflow_dirt_det,test
18581b4e28e9,Data/raw/roboflow_dirt/train/IMG_20241003_094326_764_jpg.rf.0f992a9e707a0f546628299eb84c1f94.jpg,Low-Dirty,dirty,roboflow_dirt_det,test
bd13cec3727f,Data/raw/roboflow_dirt/train/IMG_20241003_093414_065_jpg.rf.1025bd4ea61a7cd7dd8e034b2a906de1.jpg,High-Dirty,dirty,roboflow_dirt_det,test
9beb39dbe944,Data/raw/roboflow_dirt/train/IMG_20241003_093504_737_jpg.rf.0f5fca4fb4bbd5b1ff9ac28eb61f0c46.jpg,High-Dirty,dirty,roboflow_dirt_det,test
7643636f41b7,Data/raw/roboflow_dirt/train/IMG_20241003_093924_335_jpg.rf.0ed214f4645040c2c9414cd1995ca8ad.jpg,Low-Dirty,dirty,roboflow_dirt_det,test
381ade9789cc,Data/raw/roboflow_dirt/train/IMG_20241003_093832_052_jpg.rf.0f370186f43d5bc2e9750aa040f02df1.jpg,Low-Dirty,dirty,roboflow_dirt_det,test
95b1283b1928,Data/raw/roboflow_dirt/train/IMG_20241003_093739_578_jpg.rf.0fe4327d05cb7edd1ae936a1e77db4f3.jpg,Low-Dirty,dirty,roboflow_dirt_det,test
e9ceb5fefd55,Data/raw/roboflow_dirt/train/IMG_20241003_095155_885_jpg.rf.10a651bdef9ab6bf917be395e2343caf.jpg,Low-Dirty,dirty,roboflow_dirt_det,test
e44e2ca9ca0a,Data/raw/roboflow_dirt/train/IMG_20241003_095404_946_jpg.rf.10bde44b527a7e598e050b6d6491333b.jpg,Low-Dirty,dirty,roboflow_dirt_det,test
d73c025404dd,Data/raw/roboflow_dirt/train/IMG_20241003_092223_155_jpg.rf.1134c168b1afd2ceb739709fc66e84bb.jpg,High-Dirty,dirty,roboflow_dirt_det,test
b47450fbce5e,Data/raw/roboflow_dirt/train/IMG_20241003_093840_468_jpg.rf.10b6caee2cde6b4209f76d8dcbbb2f39.jpg,Low-Dirty,dirty,roboflow_dirt_det,test
7cd4520850b9,Data/raw/roboflow_dirt/train/IMG_20241003_093407_191_jpg.rf.1035ea476603a79bad74a2336c89674d.jpg,High-Dirty,dirty,roboflow_dirt_det,test
582fc8bf824f,Data/raw/roboflow_dirt/train/IMG_20241003_094246_635_jpg.rf.116c4ed4db9184e93dbb267043f2a46b.jpg,Low-Dirty,dirty,roboflow_dirt_det,test
a4ac480cc604,Data/raw/roboflow_dirt/train/IMG_20241003_094256_986_jpg.rf.10ec13147cec310e0a9e395b1646854e.jpg,Low-Dirty,dirty,roboflow_dirt_det,test
e6b6139b4d3a,Data/raw/roboflow_dirt/train/IMG_20241003_094334_416_jpg.rf.0fd33eacb3017053fc8ed1e42c5e32a0.jpg,Low-Dirty,dirty,roboflow_dirt_det,test
6f608c2edc0a,Data/raw/roboflow_dirt/train/IMG_20241003_092221_248_jpg.rf.1073fc6aaff9aea602d4763a2c00d867.jpg,High-Dirty,dirty,roboflow_dirt_det,test
1558feac748a,Data/raw/roboflow_dirt/train/IMG_20241003_090616_086_jpg.rf.118d53fd38e2cf4f3ad329179c63dc50.jpg,Clean,clean,roboflow_dirt_det,test
01b9628a9c98,Data/raw/roboflow_dirt/train/IMG_20241003_094232_185_jpg.rf.1172dc2430d3476c41d5bd2feeeba9f0.jpg,Low-Dirty,dirty,roboflow_dirt_det,test
6313612387c2,Data/raw/roboflow_dirt/train/IMG_20241003_094710_321_jpg.rf.11cefe8701d9bc68bc9d381d4927c8a2.jpg,Low-Dirty,dirty,roboflow_dirt_det,test
c476a64048f6,Data/raw/roboflow_dirt/train/IMG_20241003_093856_981_jpg.rf.11f7e2dd48173b864e74cdfc6e912d94.jpg,Low-Dirty,dirty,roboflow_dirt_det,test
ac01c9434f51,Data/raw/roboflow_dirt/train/IMG_20241003_093937_414_jpg.rf.1274a54de7ee5def6c313f919ee01954.jpg,Low-Dirty,dirty,roboflow_dirt_det,test
e130dd7a9f41,Data/raw/roboflow_dirt/train/IMG_20241003_092221_248_jpg.rf.1290e829b25b42c93a496a77b323f232.jpg,High-Dirty,dirty,roboflow_dirt_det,test
5c572b2412f5,Data/raw/roboflow_dirt/train/IMG_20241003_085915_633_jpg.rf.12316a144e15c857cb3da41a29dc2c57.jpg,Clean,clean,roboflow_dirt_det,test
ae909e17b9e4,Data/raw/roboflow_dirt/train/IMG_20241003_093727_473_jpg.rf.13317a875033344f7a76c0e9e39952f6.jpg,Low-Dirty,dirty,roboflow_dirt_det,test
cd7f93b70c69,Data/raw/roboflow_dirt/train/IMG_20241003_095454_112_jpg.rf.11bce579b0df0b9854bdd7647c82023b.jpg,Low-Dirty,dirty,roboflow_dirt_det,test
ae2bbba19322,Data/raw/roboflow_dirt/train/IMG_20241003_093045_205_jpg.rf.1429a934af7b5a260e1af0f973eb2472.jpg,Low-Dirty,dirty,roboflow_dirt_det,test
628e429a4561,Data/raw/roboflow_dirt/train/IMG_20241003_093417_952_jpg.rf.13ab0183056218bbd5fedd7295ea480d.jpg,High-Dirty,dirty,roboflow_dirt_det,test
d04f1c8a6057,Data/raw/roboflow_dirt/train/IMG_20241002_214913_487_jpg.rf.116e2ebb37017ce6194c9f3f57f45024.jpg,Clean,clean,roboflow_dirt_det,test
35f32e8f097a,Data/raw/roboflow_dirt/train/IMG_20241003_090246_446_jpg.rf.124a9311d2c204b5e9051723b2ab9961.jpg,Clean,clean,roboflow_dirt_det,test
5e076157a07d,Data/raw/roboflow_dirt/train/IMG_20241003_093813_684_jpg.rf.13402f31e619b77222111ca4cf6883fc.jpg,Low-Dirty,dirty,roboflow_dirt_det,test
6170c14bf010,Data/raw/roboflow_dirt/train/IMG_20241002_214930_400_jpg.rf.11f2a1d48c453c5144929c13c9793fb0.jpg,Clean,clean,roboflow_dirt_det,test
f00d6ce4c986,Data/raw/roboflow_dirt/train/IMG_20241003_090553_594_jpg.rf.12a7adb66ae53fb6ac3178afb35269f5.jpg,Clean,clean,roboflow_dirt_det,test
e67b2b1bafa8,Data/raw/roboflow_dirt/train/IMG_20241002_214936_596_jpg.rf.130afe5b321e345e8a4800688e3c9ae2.jpg,Clean,clean,roboflow_dirt_det,test
0705c14b2555,Data/raw/roboflow_dirt/train/IMG_20241003_095220_757_jpg.rf.13c8151b1c1b48de6b7a3acef746524b.jpg,Low-Dirty,dirty,roboflow_dirt_det,test
b421c4e500fb,Data/raw/roboflow_dirt/train/IMG_20241003_090923_771_jpg.rf.148664bf8cf1310a76f2c65cca167bbc.jpg,Clean,clean,roboflow_dirt_det,test
94a820e434e8,Data/raw/roboflow_dirt/train/IMG_20241003_091204_600_jpg.rf.11fcd637291223c8c3705d485cac3549.jpg,Clean,clean,roboflow_dirt_det,test
6c84e0a50b18,Data/raw/roboflow_dirt/train/IMG_20241003_093721_939_jpg.rf.131f945535d7653674fd13158592e6a9.jpg,Low-Dirty,dirty,roboflow_dirt_det,test
6a7538398555,Data/raw/roboflow_dirt/train/IMG_20241003_085838_220_jpg.rf.123d001857933e1d50edc24c4fb4c521.jpg,Clean,clean,roboflow_dirt_det,test
542276e7e4c1,Data/raw/roboflow_dirt/train/IMG_20241003_095048_899_jpg.rf.13d73cbc54e4fda107618a238882596e.jpg,Low-Dirty,dirty,roboflow_dirt_det,test
e720be3e79e5,Data/raw/roboflow_dirt/train/IMG_20241003_095115_225_jpg.rf.143410a89b70410a4c153e020baead32.jpg,Low-Dirty,dirty,roboflow_dirt_det,test
ad442689001f,Data/raw/roboflow_dirt/train/IMG_20241003_095048_899_jpg.rf.142fafb6ceec5712682368ad252755f1.jpg,Low-Dirty,dirty,roboflow_dirt_det,test
b19a7d151bf9,Data/raw/roboflow_dirt/train/IMG_20241003_093734_222_jpg.rf.12284747636039c72da742b35d3c6e8a.jpg,Low-Dirty,dirty,roboflow_dirt_det,test
e4e8d1e7ceac,Data/raw/roboflow_dirt/train/IMG_20241003_092300_376_jpg.rf.148efa1592daa69a1b58e8852203c04f.jpg,High-Dirty,dirty,roboflow_dirt_det,test
a1025987607a,Data/raw/roboflow_dirt/train/IMG_20241003_095130_374_jpg.rf.14a6680fdf57f3e6b1803a649719d171.jpg,Low-Dirty,dirty,roboflow_dirt_det,test
eb816eb52c15,Data/raw/roboflow_dirt/train/IMG_20241003_093723_493_jpg.rf.17e38ebe18dbf5de5f86377ee6c191f2.jpg,Low-Dirty,dirty,roboflow_dirt_det,test
84fd98971d62,Data/raw/roboflow_dirt/train/IMG_20241003_094727_426_jpg.rf.17fb2dfc3d79ebd424508b45d96a5eaf.jpg,Low-Dirty,dirty,roboflow_dirt_det,test
ba3bfc40c50f,Data/raw/roboflow_dirt/train/IMG_20241003_092436_946_jpg.rf.167dba1586390691070dce8f6cc44ac1.jpg,High-Dirty,dirty,roboflow_dirt_det,test
0cf2a3cafa0f,Data/raw/roboflow_dirt/train/IMG_20241003_095057_741_jpg.rf.16addb8d6a84052c34b061ca2f7b54f2.jpg,Low-Dirty,dirty,roboflow_dirt_det,test
056c0490d9d0,Data/raw/roboflow_dirt/train/IMG_20241003_085937_533_jpg.rf.1687ed61e48fb4a0795ad5796caed62a.jpg,Clean,clean,roboflow_dirt_det,test
5a412e862085,Data/raw/roboflow_dirt/train/IMG_20241003_093430_864_jpg.rf.172b6e195aa69302851d1431f698baa0.jpg,High-Dirty,dirty,roboflow_dirt_det,test
6bc45436a0c4,Data/raw/roboflow_dirt/train/IMG_20241003_090238_263_jpg.rf.15c3a27c6930485bbcd2f173f52c8baa.jpg,Clean,clean,roboflow_dirt_det,test
ce03b005f02f,Data/raw/roboflow_dirt/train/IMG_20241003_093410_022_jpg.rf.16e293d3b946e5f697686b58ed8a0c78.jpg,High-Dirty,dirty,roboflow_dirt_det,test
039c45a4da03,Data/raw/roboflow_dirt/train/IMG_20241003_090714_577_jpg.rf.171029c05ab04f08322c7545afb4ea5f.jpg,Clean,clean,roboflow_dirt_det,test
37a8a6c63306,Data/raw/roboflow_dirt/train/IMG_20241003_093355_378_jpg.rf.179832e2d7af89b0d50657e79753dc67.jpg,High-Dirty,dirty,roboflow_dirt_det,test
b8794ea0eca4,Data/raw/roboflow_dirt/train/IMG_20241003_094241_945_jpg.rf.1802ee86839574fb6b8af623978261d9.jpg,Low-Dirty,dirty,roboflow_dirt_det,test
72a2ef80742f,Data/raw/roboflow_dirt/train/IMG_20241003_093736_483_jpg.rf.179e79f26d49fcedcf1396907d92e561.jpg,Low-Dirty,dirty,roboflow_dirt_det,test
dafc04a75e18,Data/raw/roboflow_dirt/train/IMG_20241003_085958_331_jpg.rf.17a9e47e75b3dc1ed384b4e3694a572d.jpg,Clean,clean,roboflow_dirt_det,test
fe40909293cd,Data/raw/roboflow_dirt/train/IMG_20241003_092252_208_jpg.rf.173cbf0f611718f83951c198f24d68ca.jpg,High-Dirty,dirty,roboflow_dirt_det,test
67c95065118e,Data/raw/roboflow_dirt/train/IMG_20241002_214849_430_jpg.rf.14ff53c23cb172bfe02164cff4007124.jpg,Clean,clean,roboflow_dirt_det,test
cb7e8e0a0192,Data/raw/roboflow_dirt/train/IMG_20241003_090820_926_jpg.rf.1634b9e012a074bab64905867beed483.jpg,Clean,clean,roboflow_dirt_det,test
f1bde66283a6,Data/raw/roboflow_dirt/train/IMG_20241003_085842_779_jpg.rf.16d475d40348bd3d43d08a0360a962b4.jpg,Clean,clean,roboflow_dirt_det,test
158e4e9751a8,Data/raw/roboflow_dirt/train/IMG_20241003_093637_156_jpg.rf.1501f471f9c0b5b3f0b38ebbe44f4ef6.jpg,High-Dirty,dirty,roboflow_dirt_det,test
97baabddb037,Data/raw/roboflow_dirt/train/IMG_20241003_094330_591_jpg.rf.17f00e149d96baadac4bb9b310fde083.jpg,Low-Dirty,dirty,roboflow_dirt_det,test
f32cded7bb99,Data/raw/roboflow_dirt/train/IMG_20241003_090829_149_jpg.rf.14a41fdf52157d402034c75249ffd1c3.jpg,Clean,clean,roboflow_dirt_det,test
1639f06b2965,Data/raw/roboflow_dirt/train/IMG_20241003_094708_221_jpg.rf.1801e365e5553874205ea2804212ce06.jpg,Low-Dirty,dirty,roboflow_dirt_det,test
46dd17d16d0f,Data/raw/roboflow_dirt/train/IMG_20241003_091605_984_jpg.rf.86e6ad68f5ce1f3ea0cd9ab26395745f.jpg,Clean,clean,roboflow_dirt_det,test
5bec99080eb1,Data/raw/roboflow_dirt/train/IMG_20241003_094331_305_jpg.rf.868d0f2e9afc04c0dc5302ea16334e86.jpg,Low-Dirty,dirty,roboflow_dirt_det,test
383796e28040,Data/raw/roboflow_dirt/train/IMG_20241003_091424_599_jpg.rf.87fd0728586c69c3d245c634068b089c.jpg,Clean,clean,roboflow_dirt_det,test
0d87bb71f568,Data/raw/roboflow_dirt/train/IMG_20241003_093411_907_jpg.rf.8806d63b67e0f8de036aa0e96d249964.jpg,High-Dirty,dirty,roboflow_dirt_det,test
0fc1b31759d7,Data/raw/roboflow_dirt/train/IMG_20241003_092203_668_jpg.rf.88b8b5b3742464b1db5cdaa791fec095.jpg,High-Dirty,dirty,roboflow_dirt_det,test
c5dbc9f37cc5,Data/raw/roboflow_dirt/train/IMG_20241003_093820_932_jpg.rf.86af5ce292905c8456d34a8306a06863.jpg,Low-Dirty,dirty,roboflow_dirt_det,test
4f0f573cba11,Data/raw/roboflow_dirt/train/IMG_20241003_094818_163_jpg.rf.87161b6bae34eca90b339ebc8433ede0.jpg,Low-Dirty,dirty,roboflow_dirt_det,test
3df5b3ca9de2,Data/raw/roboflow_dirt/train/IMG_20241003_095119_759_jpg.rf.86a71c78aa14df56448dbebbe067b26a.jpg,Low-Dirty,dirty,roboflow_dirt_det,test
060af8515171,Data/raw/roboflow_dirt/train/IMG_20241003_090048_261_jpg.rf.87f9e3dc9f2c6085e9bb477d19857e71.jpg,Clean,clean,roboflow_dirt_det,test
fe2bc3fa0b0c,Data/raw/roboflow_dirt/train/IMG_20241003_095805_130_jpg.rf.888dba57ec96935008a5acb826e5681e.jpg,Low-Dirty,dirty,roboflow_dirt_det,test
df3c304e9b93,Data/raw/roboflow_dirt/train/IMG_20241003_091400_163_jpg.rf.887aa5b31215f00b120fd014f3eee0ec.jpg,Clean,clean,roboflow_dirt_det,test
a07c9161e284,Data/raw/roboflow_dirt/train/IMG_20241003_095224_978_jpg.rf.87aaa3196b70e38ad2a3a1f44bd45758.jpg,Low-Dirty,dirty,roboflow_dirt_det,test
6e72cb6b149d,Data/raw/roboflow_dirt/train/IMG_20241003_091033_670_jpg.rf.88d5ad5c218d8f6fb2e0d0f2c65bfbb0.jpg,Clean,clean,roboflow_dirt_det,test
33789301f590,Data/raw/roboflow_dirt/train/IMG_20241003_095205_838_jpg.rf.8a595a54c388a1515c2810c3da2c752e.jpg,Low-Dirty,dirty,roboflow_dirt_det,test
31eb95c71143,Data/raw/roboflow_dirt/train/IMG_20241003_090051_596_jpg.rf.891cb00902ffa43021d6d032b4dcc1c1.jpg,Clean,clean,roboflow_dirt_det,test
0738e914e0e8,Data/raw/roboflow_dirt/train/IMG_20241003_094250_538_jpg.rf.865ba5a46aeb93b7003d79bae0458b7a.jpg,Low-Dirty,dirty,roboflow_dirt_det,test
203d3cae55b5,Data/raw/roboflow_dirt/train/IMG_20241003_093400_737_jpg.rf.878cc24a7cdf8b6197c292c258754e45.jpg,High-Dirty,dirty,roboflow_dirt_det,test
dcb6a3f252b5,Data/raw/roboflow_dirt/train/IMG_20241003_090247_560_jpg.rf.88c04c6c77ddd19310df7acfe8d1de67.jpg,Clean,clean,roboflow_dirt_det,test
4bb0359825fd,Data/raw/roboflow_dirt/train/IMG_20241003_095110_443_jpg.rf.894f0a3abeb0b9a7d1a9fbad665cff6b.jpg,Low-Dirty,dirty,roboflow_dirt_det,test
f98d2849cacf,Data/raw/roboflow_dirt/train/IMG_20241003_093913_824_jpg.rf.888ef0f4dd8c74b220f3901b524a5994.jpg,Low-Dirty,dirty,roboflow_dirt_det,test
4cbd7501049b,Data/raw/roboflow_dirt/train/IMG_20241003_090343_136_jpg.rf.8961e0bc9a87325428ebc5461b04cd26.jpg,Clean,clean,roboflow_dirt_det,test
1435fe04a764,Data/raw/roboflow_dirt/train/IMG_20241003_095349_333_jpg.rf.8aa048b684e707be58821de18b08c917.jpg,Low-Dirty,dirty,roboflow_dirt_det,test
daaae2fdde45,Data/raw/roboflow_dirt/train/IMG_20241003_085948_142_jpg.rf.8b75dca3ab5fc7f194200bcc18ba685a.jpg,Clean,clean,roboflow_dirt_det,test
8312ce6322e4,Data/raw/roboflow_dirt/train/IMG_20241003_094714_602_jpg.rf.89fb2d08c800ac858ea6b8e4669781d6.jpg,Low-Dirty,dirty,roboflow_dirt_det,test
c5f1669d7ed1,Data/raw/roboflow_dirt/train/IMG_20241003_093355_378_jpg.rf.8ad202e128c1a3b1161c0679b0f619af.jpg,High-Dirty,dirty,roboflow_dirt_det,test
87c415d28c27,Data/raw/roboflow_dirt/train/IMG_20241003_091236_105_jpg.rf.8bc893fa1b3730e9d9bef1554d3b5ebe.jpg,Clean,clean,roboflow_dirt_det,test
13c68173c8e9,Data/raw/roboflow_dirt/train/IMG_20241003_093918_807_jpg.rf.8a3533fa3e1830849694370e9f6a5102.jpg,Low-Dirty,dirty,roboflow_dirt_det,test
2f5714a8366c,Data/raw/roboflow_dirt/train/IMG_20241003_094916_814_jpg.rf.8a28c91c63951770657f467005fdee0a.jpg,Low-Dirty,dirty,roboflow_dirt_det,test
448aacec77aa,Data/raw/roboflow_dirt/train/IMG_20241003_093843_343_jpg.rf.8ab9a2ee20d4faf197ed3d30200660dc.jpg,Low-Dirty,dirty,roboflow_dirt_det,test
c7b62736f10f,Data/raw/roboflow_dirt/train/IMG_20241003_094842_714_jpg.rf.8ae45c9259a875e18b59d8ab57f2bd08.jpg,Low-Dirty,dirty,roboflow_dirt_det,test
899ae9001061,Data/raw/roboflow_dirt/train/IMG_20241003_090629_616_jpg.rf.8a7e024b124ad33b0e0a68bf5fc0ed94.jpg,Clean,clean,roboflow_dirt_det,test
0f18fb2df5e7,Data/raw/roboflow_dirt/train/IMG_20241003_090339_608_jpg.rf.89a51310d7a5265b30ae70a271e2fc0e.jpg,Clean,clean,roboflow_dirt_det,test
eec0525f614e,Data/raw/roboflow_dirt/train/IMG_20241003_092534_388_jpg.rf.8c938adbcf112ff8c4c275859dae10ea.jpg,High-Dirty,dirty,roboflow_dirt_det,test
3851585ac80a,Data/raw/roboflow_dirt/train/IMG_20241003_090310_324_jpg.rf.8c69064ed3870635268d3be69693db84.jpg,Clean,clean,roboflow_dirt_det,test
e0821d88c81e,Data/raw/roboflow_dirt/train/IMG_20241003_091355_338_jpg.rf.8c1aefea7365eea73c2043ea583c1c0f.jpg,Clean,clean,roboflow_dirt_det,test
4e748859cf5e,Data/raw/roboflow_dirt/train/IMG_20241003_094326_764_jpg.rf.8c32b58c7efca625f8b852b3f1093bf8.jpg,Low-Dirty,dirty,roboflow_dirt_det,test
f7b05217dd53,Data/raw/roboflow_dirt/train/IMG_20241003_093423_028_jpg.rf.8cee4f52a0d024c878a638ec44c1a06a.jpg,High-Dirty,dirty,roboflow_dirt_det,test
37c7adac1ac0,Data/raw/roboflow_dirt/train/IMG_20241002_214919_019_jpg.rf.8ce273d278a10cf8c28636e5cc8d1a23.jpg,Clean,clean,roboflow_dirt_det,test
3464aa358a98,Data/raw/roboflow_dirt/train/IMG_20241003_095005_802_jpg.rf.8cbefe3b46661966323a7c153a540c4a.jpg,Low-Dirty,dirty,roboflow_dirt_det,test
b573a06bfdca,Data/raw/roboflow_dirt/train/IMG_20241003_093124_394_jpg.rf.8cccff1ae8d88e02807ba81f9ae1aac8.jpg,Low-Dirty,dirty,roboflow_dirt_det,test
7ca9689e3dc5,Data/raw/roboflow_dirt/train/IMG_20241003_095114_243_jpg.rf.8c9ba06ff992744fed07e4cd8929a272.jpg,Low-Dirty,dirty,roboflow_dirt_det,test
424e3cd2ce45,Data/raw/roboflow_dirt/train/IMG_20241003_090003_021_jpg.rf.8cd1eae5928ba83068378998003238d4.jpg,Clean,clean,roboflow_dirt_det,test
1b8b19139083,Data/raw/roboflow_dirt/train/IMG_20241003_092307_853_jpg.rf.8cff86ebc9e9a21aa0d1b9e5131cd121.jpg,High-Dirty,dirty,roboflow_dirt_det,test
d8973eae61e7,Data/raw/roboflow_dirt/train/IMG_20241003_094858_905_jpg.rf.8b4a934533071af0377aef83b6019a06.jpg,Low-Dirty,dirty,roboflow_dirt_det,test
31d73a66a3ec,Data/raw/roboflow_dirt/train/IMG_20241003_094233_102_jpg.rf.8be742f6d6e14242ca387e7d1ee66c20.jpg,Low-Dirty,dirty,roboflow_dirt_det,test
a95ff38ec94f,Data/raw/roboflow_dirt/train/IMG_20241003_093809_207_jpg.rf.8d5f2918ffded64346a4978ce942db5e.jpg,Low-Dirty,dirty,roboflow_dirt_det,test
4947500ffc8b,Data/raw/roboflow_dirt/train/IMG_20241003_093855_096_jpg.rf.8dc946b86f0cec9363550afd71e8c2e9.jpg,Low-Dirty,dirty,roboflow_dirt_det,test
b249906ab7d0,Data/raw/roboflow_dirt/train/IMG_20241003_093400_737_jpg.rf.8e1337d4432d95aac43362d244742be1.jpg,High-Dirty,dirty,roboflow_dirt_det,test
6128aaa7ecac,Data/raw/roboflow_dirt/train/IMG_20241003_091605_984_jpg.rf.8de9f080c0c17d569d55e2072d485d4a.jpg,Clean,clean,roboflow_dirt_det,test
65d23d13f3d5,Data/raw/roboflow_dirt/train/IMG_20241003_095805_130_jpg.rf.8ef1bfc00bb851921b25985295576f71.jpg,Low-Dirty,dirty,roboflow_dirt_det,test
c8a04cd1f140,Data/raw/roboflow_dirt/train/IMG_20241003_093856_981_jpg.rf.8f08619144f5f96516fc510b11499e69.jpg,Low-Dirty,dirty,roboflow_dirt_det,test
3b887fbec5d9,Data/raw/roboflow_dirt/train/IMG_20241003_093717_198_jpg.rf.8e63525e9603316e26ac1b106d03b52a.jpg,Low-Dirty,dirty,roboflow_dirt_det,test
842367cf1c04,Data/raw/roboflow_dirt/train/IMG_20241003_094916_814_jpg.rf.8f7bf8ebd91f9c4050d2886b74a64866.jpg,Low-Dirty,dirty,roboflow_dirt_det,test
dc9045268999,Data/raw/roboflow_dirt/train/IMG_20241003_093833_601_jpg.rf.8fedb1cd81cf70b897efd21fcc310941.jpg,Low-Dirty,dirty,roboflow_dirt_det,test
cf20a9bee833,Data/raw/roboflow_dirt/train/IMG_20241003_090038_855_jpg.rf.8f92b47f4912811a217bf6a9602e5696.jpg,Clean,clean,roboflow_dirt_det,test
bdebad0c7cb1,Data/raw/roboflow_dirt/train/IMG_20241003_095410_317_jpg.rf.8dcf4d9d59da2f1e394c61a17bb22077.jpg,Low-Dirty,dirty,roboflow_dirt_det,test
c9e1965d6941,Data/raw/roboflow_dirt/train/IMG_20241003_093245_295_jpg.rf.9063dddba210b499b1dbdaa27454e260.jpg,Low-Dirty,dirty,roboflow_dirt_det,test
a5a69e2381f7,Data/raw/roboflow_dirt/train/IMG_20241003_093353_777_jpg.rf.902221a3b8a32fa1cfb02fc237d271f0.jpg,High-Dirty,dirty,roboflow_dirt_det,test
59c1a5b80af7,Data/raw/roboflow_dirt/train/IMG_20241003_093404_646_jpg.rf.8fa3f17cc422bec5058259fd89ee9c62.jpg,High-Dirty,dirty,roboflow_dirt_det,test
276086351c30,Data/raw/roboflow_dirt/train/IMG_20241003_092250_176_jpg.rf.908320c90063f17b2a1a7a6435cde970.jpg,High-Dirty,dirty,roboflow_dirt_det,test
0fee716531b8,Data/raw/roboflow_dirt/train/IMG_20241003_095240_533_jpg.rf.8efcb8f557574f989fda614e738ce665.jpg,Low-Dirty,dirty,roboflow_dirt_det,test
4e35433a5a0e,Data/raw/roboflow_dirt/train/IMG_20241003_093457_806_jpg.rf.8f2319ee5666fbc9863d226dfe731b6e.jpg,High-Dirty,dirty,roboflow_dirt_det,test
de9626e60b24,Data/raw/roboflow_dirt/train/IMG_20241003_093728_026_jpg.rf.90ca0db1a30441a528d4c9ae9fc0d449.jpg,Low-Dirty,dirty,roboflow_dirt_det,test
e06b987a3984,Data/raw/roboflow_dirt/train/IMG_20241003_094503_009_jpg.rf.91499d88675b39ec09a331515d0d06ad.jpg,Low-Dirty,dirty,roboflow_dirt_det,test
606c06acd7cd,Data/raw/roboflow_dirt/train/IMG_20241003_094303_790_jpg.rf.9030cfadda7ec1b60ad002ee86e66303.jpg,Low-Dirty,dirty,roboflow_dirt_det,test
8c406e992a66,Data/raw/roboflow_dirt/train/IMG_20241003_090459_309_jpg.rf.8ec43ef3c8216ac0d1ffbdcb0b50399e.jpg,Clean,clean,roboflow_dirt_det,test
1c12f8f18a6c,Data/raw/roboflow_dirt/train/IMG_20241003_092411_588_jpg.rf.8ff178086733cd96677908fb270987e7.jpg,High-Dirty,dirty,roboflow_dirt_det,test
ad21044c4ac4,Data/raw/roboflow_dirt/train/IMG_20241003_093803_643_jpg.rf.907abc10c4cb3f9f3a924adf3cb1aea2.jpg,Low-Dirty,dirty,roboflow_dirt_det,test
318d100efc88,Data/raw/roboflow_dirt/train/IMG_20241003_095146_131_jpg.rf.8de6bcd923cd5b12648949af54d35320.jpg,Low-Dirty,dirty,roboflow_dirt_det,test
84b60c69049d,Data/raw/roboflow_dirt/train/IMG_20241003_090849_937_jpg.rf.8ea0191755793da56ee8d2886c8142af.jpg,Clean,clean,roboflow_dirt_det,test
c5564184259c,Data/raw/roboflow_dirt/train/IMG_20241003_094921_838_jpg.rf.8e628b7dae801f0c05bd60837ad31651.jpg,Low-Dirty,dirty,roboflow_dirt_det,test
8882606061af,Data/raw/roboflow_dirt/train/IMG_20241003_090553_594_jpg.rf.914b892821ff98f514ce496107bc7a74.jpg,Clean,clean,roboflow_dirt_det,test
867e0d8c46a3,Data/raw/roboflow_dirt/train/IMG_20241003_094903_659_jpg.rf.9153221713f8693b888eb24e1ba119da.jpg,Low-Dirty,dirty,roboflow_dirt_det,test
baa826a19fa0,Data/raw/roboflow_dirt/train/IMG_20241003_094824_826_jpg.rf.91aed088f1f26c1531d572e00dc66750.jpg,Low-Dirty,dirty,roboflow_dirt_det,test
f62aab27aa78,Data/raw/roboflow_dirt/train/IMG_20241002_214913_487_jpg.rf.9289559a973a9014c54a69a1f34b73ff.jpg,Clean,clean,roboflow_dirt_det,test
7a54baf91314,Data/raw/roboflow_dirt/train/IMG_20241003_090215_364_jpg.rf.9258df833469df25b3d0d5f577606bcc.jpg,Clean,clean,roboflow_dirt_det,test
453f875bf19b,Data/raw/roboflow_dirt/train/IMG_20241003_092256_439_jpg.rf.91d949fe1f71a420dd042bc0efd2d95a.jpg,High-Dirty,dirty,roboflow_dirt_det,test
5ed2e7c8f879,Data/raw/roboflow_dirt/train/IMG_20241003_093914_464_jpg.rf.930604215cbc1b922bf6b5464f01b54c.jpg,Low-Dirty,dirty,roboflow_dirt_det,test
175159db33d3,Data/raw/roboflow_dirt/train/IMG_20241003_093752_605_jpg.rf.91abfb99603e5a4ba03fd3a2565366f2.jpg,Low-Dirty,dirty,roboflow_dirt_det,test
0a212ad44dae,Data/raw/roboflow_dirt/train/IMG_20241003_090232_685_jpg.rf.919504849affe158d2a106df0c72e383.jpg,Clean,clean,roboflow_dirt_det,test
5d1bc54b8d11,Data/raw/roboflow_dirt/train/IMG_20241003_093752_605_jpg.rf.916902a26ed313d4a5527d69fdc8dde7.jpg,Low-Dirty,dirty,roboflow_dirt_det,test
00565255dd90,Data/raw/roboflow_dirt/train/IMG_20241003_094237_034_jpg.rf.93366d1075a525359532ac40ee012b01.jpg,Low-Dirty,dirty,roboflow_dirt_det,test
530c80c09040,Data/raw/roboflow_dirt/train/IMG_20241003_090552_360_jpg.rf.934e551eb3f73f8604364db40d8abc2f.jpg,Clean,clean,roboflow_dirt_det,test
85ebc415087a,Data/raw/roboflow_dirt/train/IMG_20241003_094459_089_jpg.rf.931304b8ce647a34606bb3b495989950.jpg,Low-Dirty,dirty,roboflow_dirt_det,test
93a1cc3174f7,Data/raw/roboflow_dirt/train/IMG_20241003_091510_869_jpg.rf.92def43cfb48ae9770db3f83580705d1.jpg,Clean,clean,roboflow_dirt_det,test
6d86bd6a4ecd,Data/raw/roboflow_dirt/train/IMG_20241003_094454_656_jpg.rf.93a0ae5dbfd8ce7978c470f04542844a.jpg,Low-Dirty,dirty,roboflow_dirt_det,test
1d249c62d047,Data/raw/roboflow_dirt/train/IMG_20241003_093404_017_jpg.rf.933d3c9e9501845959e69d3972aaac9b.jpg,High-Dirty,dirty,roboflow_dirt_det,test
991e18878844,Data/raw/roboflow_dirt/train/IMG_20241003_093729_411_jpg.rf.93c460d70d2d173cfa4140130673134d.jpg,Low-Dirty,dirty,roboflow_dirt_det,test
fc2c51f323c0,Data/raw/roboflow_dirt/train/IMG_20241003_095817_229_jpg.rf.9184122a502c139619ae95c2d6b11137.jpg,Low-Dirty,dirty,roboflow_dirt_det,test
0aa5760332ba,Data/raw/roboflow_dirt/train/IMG_20241003_095230_057_jpg.rf.92b5f2b6de0443a1c11ee0d580c62b20.jpg,Low-Dirty,dirty,roboflow_dirt_det,test
9a11a4e428a6,Data/raw/roboflow_dirt/train/IMG_20241003_093844_584_jpg.rf.939a6e1bca1083949914e8a05ec1af69.jpg,Low-Dirty,dirty,roboflow_dirt_det,test
4c1154add7c0,Data/raw/roboflow_dirt/train/IMG_20241003_093724_084_jpg.rf.93a539915a1f3dfafab7e86beaf490ba.jpg,Low-Dirty,dirty,roboflow_dirt_det,test
d4270aeb4831,Data/raw/roboflow_dirt/train/IMG_20241003_093425_300_jpg.rf.93a653c80858cb5fcb9194fb3af668c9.jpg,High-Dirty,dirty,roboflow_dirt_det,test
7cf003d5f18b,Data/raw/roboflow_dirt/train/IMG_20241003_094818_492_jpg.rf.93aa105e999403b9aa7425955ba6b0d3.jpg,Low-Dirty,dirty,roboflow_dirt_det,test
add7a1310bf5,Data/raw/roboflow_dirt/train/IMG_20241002_214930_400_jpg.rf.93ca29a709c13c631d5aaace02422a64.jpg,Clean,clean,roboflow_dirt_det,test
8d992d53370e,Data/raw/roboflow_dirt/train/IMG_20241003_090215_364_jpg.rf.93e849155f24165001a81b3a015fe79a.jpg,Clean,clean,roboflow_dirt_det,test
12849dc42ec8,Data/raw/roboflow_dirt/train/IMG_20241003_095040_530_jpg.rf.91e92b025a8ca1530b129c9b5d985937.jpg,Low-Dirty,dirty,roboflow_dirt_det,test
922605cd2443,Data/raw/roboflow_dirt/train/IMG_20241003_094926_948_jpg.rf.93c737f557a97bd53fe1446873d4fa5c.jpg,Low-Dirty,dirty,roboflow_dirt_det,test
52f9a1a4eb6b,Data/raw/roboflow_dirt/train/IMG_20241003_094932_075_jpg.rf.929cedefcc90604adf236b8c7722eee2.jpg,Low-Dirty,dirty,roboflow_dirt_det,test
77ec3b49f520,Data/raw/roboflow_dirt/train/IMG_20241003_094327_809_jpg.rf.9362362c8f88913ad89fee6b719b70f3.jpg,Low-Dirty,dirty,roboflow_dirt_det,test
aebbf85e10fa,Data/raw/roboflow_dirt/train/IMG_20241003_095349_333_jpg.rf.93a26639b059af84fb630eda90a88f1e.jpg,Low-Dirty,dirty,roboflow_dirt_det,test
c61cda95d412,Data/raw/roboflow_dirt/train/IMG_20241003_093407_191_jpg.rf.93eb54093d25c346edb3b741ab0dcaf8.jpg,High-Dirty,dirty,roboflow_dirt_det,test
4ab01f3688ca,Data/raw/roboflow_dirt/train/IMG_20241003_094249_068_jpg.rf.940a6a64bffc9b24cd4a676dcd0f6bc1.jpg,Low-Dirty,dirty,roboflow_dirt_det,test
6a318f8f6c69,Data/raw/roboflow_dirt/train/IMG_20241003_090552_360_jpg.rf.9443be91f4ee04d789103c695ca93a56.jpg,Clean,clean,roboflow_dirt_det,test
48e3265b2681,Data/raw/roboflow_dirt/train/IMG_20241003_095112_929_jpg.rf.94a4dd907da57863a2f84c3e3ec9e4d3.jpg,Low-Dirty,dirty,roboflow_dirt_det,test
3db6bfda457c,Data/raw/roboflow_dirt/train/IMG_20241003_094255_737_jpg.rf.9458e06e661155a590a0faf3f9e82390.jpg,Low-Dirty,dirty,roboflow_dirt_det,test
d728e2ecb212,Data/raw/roboflow_dirt/train/IMG_20241003_095110_443_jpg.rf.93f52617085cb8260948b1e7ba40729c.jpg,Low-Dirty,dirty,roboflow_dirt_det,test
c726a449d112,Data/raw/roboflow_dirt/train/IMG_20241003_094824_826_jpg.rf.9483f8b7dbe62b89a30988ce02ebe93e.jpg,Low-Dirty,dirty,roboflow_dirt_det,test
f2637b7940cd,Data/raw/roboflow_dirt/train/IMG_20241003_090215_364_jpg.rf.9453e5329e191754ad7045ff4b5d60fa.jpg,Clean,clean,roboflow_dirt_det,test
842a5079d22b,Data/raw/roboflow_dirt/train/IMG_20241003_092618_323_jpg.rf.949bb5ae6acd22ee3905fc00bb664916.jpg,Low-Dirty,dirty,roboflow_dirt_det,test
391d9ccaae4a,Data/raw/roboflow_dirt/train/IMG_20241003_085935_170_jpg.rf.949705f2fe813cd4916b3bc0c994267d.jpg,Clean,clean,roboflow_dirt_det,test
445228061967,Data/raw/roboflow_dirt/train/IMG_20241003_095000_599_jpg.rf.947dc4adf6dda3b4c0363d3e48100a73.jpg,Low-Dirty,dirty,roboflow_dirt_det,test
bc6e85a6a995,Data/raw/roboflow_dirt/train/IMG_20241003_092310_940_jpg.rf.9560d021652fb31b97173d1c0e3b799e.jpg,High-Dirty,dirty,roboflow_dirt_det,test
e8cd72a8e2fb,Data/raw/roboflow_dirt/train/IMG_20241003_093717_981_jpg.rf.95397db8306b76abd6845fc06ae19b5b.jpg,Low-Dirty,dirty,roboflow_dirt_det,test
82dfb5d3b73f,Data/raw/roboflow_dirt/train/IMG_20241003_090035_122_jpg.rf.95ca8abf93bec7a95276212aca0ddf4f.jpg,Clean,clean,roboflow_dirt_det,test
d267427d4680,Data/raw/roboflow_dirt/train/IMG_20241003_094329_731_jpg.rf.9404501f1eb776b29d641a696e46b280.jpg,Low-Dirty,dirty,roboflow_dirt_det,test
b8e905271f79,Data/raw/roboflow_dirt/train/IMG_20241003_094254_522_jpg.rf.95d694e21112ff456c101e13b68b2abe.jpg,Low-Dirty,dirty,roboflow_dirt_det,test
ff4dca59648f,Data/raw/roboflow_dirt/train/IMG_20241003_094232_185_jpg.rf.9623a64cc74b3a228813a1916c19bde6.jpg,Low-Dirty,dirty,roboflow_dirt_det,test
4fadadd81ba7,Data/raw/roboflow_dirt/train/IMG_20241003_093849_481_jpg.rf.95b97e8c4f5770dea88d8e98163ebec0.jpg,Low-Dirty,dirty,roboflow_dirt_det,test
378a94382202,Data/raw/roboflow_dirt/train/IMG_20241003_093405_673_jpg.rf.9567d5acb394164f0c6d92b5883d5dda.jpg,High-Dirty,dirty,roboflow_dirt_det,test
f232d224739c,Data/raw/roboflow_dirt/train/IMG_20241003_095128_047_jpg.rf.951c8113165e3695cd6d8dfbff825d95.jpg,Low-Dirty,dirty,roboflow_dirt_det,test
515a823b6796,Data/raw/roboflow_dirt/train/IMG_20241003_090018_206_jpg.rf.94c9a7bacf8a7d0b29ed5d04feb55776.jpg,Clean,clean,roboflow_dirt_det,test
d179b4f51a83,Data/raw/roboflow_dirt/train/IMG_20241003_091028_066_jpg.rf.95a218c361a76661a0b42902fe30cd56.jpg,Clean,clean,roboflow_dirt_det,test
ff4159f6bedc,Data/raw/roboflow_dirt/train/IMG_20241003_093423_576_jpg.rf.9592991bb116d88701e83264f4249fd7.jpg,High-Dirty,dirty,roboflow_dirt_det,test
1fe8e4a0f0bf,Data/raw/roboflow_dirt/train/IMG_20241003_085944_188_jpg.rf.96d08d466842a85908c1b37acfa01b25.jpg,Clean,clean,roboflow_dirt_det,test
16b023fb9ab9,Data/raw/roboflow_dirt/train/IMG_20241003_094302_820_jpg.rf.9628800ffee7415d5f03ffac8f02ce80.jpg,Low-Dirty,dirty,roboflow_dirt_det,test
f339f4d71749,Data/raw/roboflow_dirt/train/IMG_20241003_095824_758_jpg.rf.969c229465800c56ee7ed1b8f0d69611.jpg,Low-Dirty,dirty,roboflow_dirt_det,test
c66981fa982f,Data/raw/roboflow_dirt/train/IMG_20241003_093752_605_jpg.rf.9661fded06b24f1dba4f26ab1c533867.jpg,Low-Dirty,dirty,roboflow_dirt_det,test
6eb384bcaf64,Data/raw/roboflow_dirt/train/IMG_20241003_094239_799_jpg.rf.9509b7171875253a70495fab70bc5f0b.jpg,Low-Dirty,dirty,roboflow_dirt_det,test
5a7152aeb813,Data/raw/roboflow_dirt/train/IMG_20241003_095133_215_jpg.rf.96f4c13bee13276478c1feae37421612.jpg,Low-Dirty,dirty,roboflow_dirt_det,test
aeb10f01b0c8,Data/raw/roboflow_dirt/train/IMG_20241003_093511_505_jpg.rf.97db3c3b830ca64ce0a532398982fa84.jpg,High-Dirty,dirty,roboflow_dirt_det,test
cae910d34a89,Data/raw/roboflow_dirt/train/IMG_20241003_092557_208_jpg.rf.97acc7fd26a3452b76f076ccc119a085.jpg,High-Dirty,dirty,roboflow_dirt_det,test
07c0d7209273,Data/raw/roboflow_dirt/train/IMG_20241003_095245_425_jpg.rf.97d4459d059162697370881be91f2e75.jpg,Low-Dirty,dirty,roboflow_dirt_det,test
304ddfbbf3e0,Data/raw/roboflow_dirt/train/IMG_20241003_090100_124_jpg.rf.98223a0421e86988f5eb40187f3c8826.jpg,Clean,clean,roboflow_dirt_det,test
5796f962bd01,Data/raw/roboflow_dirt/train/IMG_20241003_094708_221_jpg.rf.98c8063297f1e0275444fd3d27d265f9.jpg,Low-Dirty,dirty,roboflow_dirt_det,test
186db47a56c8,Data/raw/roboflow_dirt/train/IMG_20241003_090055_099_jpg.rf.997961005d457b6d81808ebaab0bb142.jpg,Clean,clean,roboflow_dirt_det,test
cdacd7f89bfb,Data/raw/roboflow_dirt/train/IMG_20241003_093427_008_jpg.rf.99558d30dfb5d5b8e7e33e5c304a4bee.jpg,High-Dirty,dirty,roboflow_dirt_det,test
015e3d93e8cc,Data/raw/roboflow_dirt/train/IMG_20241003_092248_229_jpg.rf.9850984143fe18977f1c3b307ab4bb97.jpg,High-Dirty,dirty,roboflow_dirt_det,test
47594d38a693,Data/raw/roboflow_dirt/train/IMG_20241003_094708_221_jpg.rf.99150147d96fc715242845902f05f5ed.jpg,Low-Dirty,dirty,roboflow_dirt_det,test
8f01813b5bf1,Data/raw/roboflow_dirt/train/IMG_20241003_094258_092_jpg.rf.99046ef3fcbd5ed1ccab0a00fc451af8.jpg,Low-Dirty,dirty,roboflow_dirt_det,test
b57a5b7a1e1b,Data/raw/roboflow_dirt/train/IMG_20241003_090339_608_jpg.rf.98dbbab8321e3dc2b36f45ae4f75466f.jpg,Clean,clean,roboflow_dirt_det,test
10496c3d9806,Data/raw/roboflow_dirt/train/IMG_20241003_090557_832_jpg.rf.99988f36bda7c07fc726f3e4d2ca1132.jpg,Clean,clean,roboflow_dirt_det,test
a2f8afffb3d9,Data/raw/roboflow_dirt/train/IMG_20241003_090105_619_jpg.rf.9ad3c78516a12e99b48d563224368ced.jpg,Clean,clean,roboflow_dirt_det,test
2e0667a0f9e6,Data/raw/roboflow_dirt/train/IMG_20241003_092300_376_jpg.rf.9773d8865b245007cb6b5c93728e0736.jpg,High-Dirty,dirty,roboflow_dirt_det,test
7f8a3cd8e90a,Data/raw/roboflow_dirt/train/IMG_20241003_090043_687_jpg.rf.9700d47f0fc842704694b23e5b31b26a.jpg,Clean,clean,roboflow_dirt_det,test
6fcc1b9c7dd4,Data/raw/roboflow_dirt/train/IMG_20241003_092550_309_jpg.rf.982997f7edb7d8a46f68688f15fb8d38.jpg,High-Dirty,dirty,roboflow_dirt_det,test
73e1a4d163c4,Data/raw/roboflow_dirt/train/IMG_20241003_093825_491_jpg.rf.99aec82391bee89bd44a43347d01996b.jpg,Low-Dirty,dirty,roboflow_dirt_det,test
15754965599c,Data/raw/roboflow_dirt/train/IMG_20241003_093423_924_jpg.rf.9a24584cd3369242af965e102f200f6b.jpg,High-Dirty,dirty,roboflow_dirt_det,test
2fadb2c39202,Data/raw/roboflow_dirt/train/IMG_20241003_093357_695_jpg.rf.9a1a64aaa1ff4c9a2f087dfbeb32d81f.jpg,High-Dirty,dirty,roboflow_dirt_det,test
f3c8d55d66ff,Data/raw/roboflow_dirt/train/IMG_20241003_091620_755_jpg.rf.9a1a2c5eb96cbb84afd340051bfe6f3e.jpg,Clean,clean,roboflow_dirt_det,test
29c1e36b5451,Data/raw/roboflow_dirt/train/IMG_20241003_090022_871_jpg.rf.9b00ffb4866d354867bc082e2f634b6d.jpg,Clean,clean,roboflow_dirt_det,test
26f66e423927,Data/raw/roboflow_dirt/train/IMG_20241003_092718_790_jpg.rf.9ab27c992dba1ed2445d1db38c59a708.jpg,Low-Dirty,dirty,roboflow_dirt_det,test
0bc04112ac38,Data/raw/roboflow_dirt/train/IMG_20241003_093142_276_jpg.rf.990e2172456173b4e22fa4fe3fc1ba49.jpg,Low-Dirty,dirty,roboflow_dirt_det,test
023f5de51765,Data/raw/roboflow_dirt/train/IMG_20241003_090426_149_jpg.rf.9b331a920578d979e8d0d714c71b25d8.jpg,Clean,clean,roboflow_dirt_det,test
ba42fadc5330,Data/raw/roboflow_dirt/train/IMG_20241003_090138_745_jpg.rf.9acf4d72153bf1130227f6c2947833d5.jpg,Clean,clean,roboflow_dirt_det,test
ef44b9f3a210,Data/raw/roboflow_dirt/train/IMG_20241003_094303_233_jpg.rf.9935efa91c31b05f925112e18bf3832c.jpg,Low-Dirty,dirty,roboflow_dirt_det,test
fc8c32cdaac8,Data/raw/roboflow_dirt/train/IMG_20241003_095620_204_jpg.rf.9b16decd220480c049dad228e95f4f85.jpg,Low-Dirty,dirty,roboflow_dirt_det,test
ca25db2a61fd,Data/raw/roboflow_dirt/train/IMG_20241003_095109_048_jpg.rf.9be62cfd5b64f99bb0b007ea0ef19e76.jpg,Low-Dirty,dirty,roboflow_dirt_det,test
2b941a9441c4,Data/raw/roboflow_dirt/train/IMG_20241003_092555_336_jpg.rf.9c4291f4fd872331f4953cd0d437973a.jpg,High-Dirty,dirty,roboflow_dirt_det,test
787961e539d6,Data/raw/roboflow_dirt/train/IMG_20241003_093912_321_jpg.rf.9ede7200ffa722203c9dac517d9ea5ef.jpg,Low-Dirty,dirty,roboflow_dirt_det,test
a7e4751cb3e7,Data/raw/roboflow_dirt/train/IMG_20241003_090856_713_jpg.rf.9b5f4f59af9dea3127c0923b42ef372e.jpg,Clean,clean,roboflow_dirt_det,test
65785a2a25ea,Data/raw/roboflow_dirt/train/IMG_20241003_095641_574_jpg.rf.9c94faea15bdf6d08c629c3fcb959292.jpg,Low-Dirty,dirty,roboflow_dirt_det,test
56fd0ef3b8ac,Data/raw/roboflow_dirt/train/IMG_20241003_095047_946_jpg.rf.9c23b6126378feb683a98e65a86a64b0.jpg,Low-Dirty,dirty,roboflow_dirt_det,test
224ed58bdc99,Data/raw/roboflow_dirt/train/IMG_20241003_095138_267_jpg.rf.9df94d8b13c143f01fe102c0c712911a.jpg,Low-Dirty,dirty,roboflow_dirt_det,test
f89172e5b8f4,Data/raw/roboflow_dirt/train/IMG_20241003_093857_613_jpg.rf.9e5ddea5962cf164437393a48764a273.jpg,Low-Dirty,dirty,roboflow_dirt_det,test
38bb90ea8835,Data/raw/roboflow_dirt/train/IMG_20241003_092315_843_jpg.rf.9c91d9c5e5812730519b91ce28cff9cb.jpg,High-Dirty,dirty,roboflow_dirt_det,test
63bb05abb336,Data/raw/roboflow_dirt/train/IMG_20241003_095131_527_jpg.rf.9d14a94686150501507a0c350cb70f84.jpg,Low-Dirty,dirty,roboflow_dirt_det,test
ffd753365013,Data/raw/roboflow_dirt/train/IMG_20241003_090856_713_jpg.rf.9bea2d350e3f62dd26b5482f87db9798.jpg,Clean,clean,roboflow_dirt_det,test
f15fa0d4586a,Data/raw/roboflow_dirt/train/IMG_20241003_094333_361_jpg.rf.9dbdbade4b7458080fd95964e2ef0cba.jpg,Low-Dirty,dirty,roboflow_dirt_det,test
21c849487988,Data/raw/roboflow_dirt/train/IMG_20241003_093523_349_jpg.rf.9f5785a6cfb019409210fae47dfd8c48.jpg,High-Dirty,dirty,roboflow_dirt_det,test
7d8b7c36e83a,Data/raw/roboflow_dirt/train/IMG_20241003_095220_757_jpg.rf.9e19644b86e54dfcdb4a7f1e42d88456.jpg,Low-Dirty,dirty,roboflow_dirt_det,test
eb600753c78a,Data/raw/roboflow_dirt/train/IMG_20241003_093627_238_jpg.rf.9ceb85c454c4d10d2acaccba8353be9b.jpg,High-Dirty,dirty,roboflow_dirt_det,test
27222cd242f8,Data/raw/roboflow_dirt/train/IMG_20241003_093731_337_jpg.rf.9d67d6639c3f55df67e33dacf5bcc1b8.jpg,Low-Dirty,dirty,roboflow_dirt_det,test
f9e52de1e843,Data/raw/roboflow_dirt/train/IMG_20241003_095220_757_jpg.rf.9e93d95b8b34bcf65fe445e80db2907a.jpg,Low-Dirty,dirty,roboflow_dirt_det,test
f58293ef0252,Data/raw/roboflow_dirt/train/IMG_20241003_094326_764_jpg.rf.9fc745d5a4037040b08905b68ac3aeb7.jpg,Low-Dirty,dirty,roboflow_dirt_det,test
5e65851f7e29,Data/raw/roboflow_dirt/train/IMG_20241003_094818_163_jpg.rf.a0de811c2304dce173f9c9fc72c3f53c.jpg,Low-Dirty,dirty,roboflow_dirt_det,test
0631fa01bcbd,Data/raw/roboflow_dirt/train/IMG_20241003_093848_700_jpg.rf.a0c0ad211ec9a71d0acff35c7778d4e6.jpg,Low-Dirty,dirty,roboflow_dirt_det,test
ec0351a93f2d,Data/raw/roboflow_dirt/train/IMG_20241003_093817_408_jpg.rf.9c1ad9698a61e7e403ae0d7aae678a09.jpg,Low-Dirty,dirty,roboflow_dirt_det,test
1ea2564e61f2,Data/raw/roboflow_dirt/train/IMG_20241003_094238_274_jpg.rf.9deba2581795a13ca8d8d5ea6d4893e4.jpg,Low-Dirty,dirty,roboflow_dirt_det,test
c9dfab007ca3,Data/raw/roboflow_dirt/train/IMG_20241003_093724_698_jpg.rf.a043cd89bd81ed04b426fedef7b88068.jpg,Low-Dirty,dirty,roboflow_dirt_det,test
4094a876f407,Data/raw/roboflow_dirt/train/IMG_20241003_092307_853_jpg.rf.9ead9e9313fe493bce1dd5e030a7a447.jpg,High-Dirty,dirty,roboflow_dirt_det,test
b89c7cea07ec,Data/raw/roboflow_dirt/train/IMG_20241003_094234_103_jpg.rf.9f8bccc7d5f76d5b5be0839119f19d3d.jpg,Low-Dirty,dirty,roboflow_dirt_det,test
3fe009fe6aac,Data/raw/roboflow_dirt/train/IMG_20241003_090319_024_jpg.rf.a129bfe8306fb391b7365d9a1a6a72ff.jpg,Clean,clean,roboflow_dirt_det,test
479cc1187f36,Data/raw/roboflow_dirt/train/IMG_20241003_091059_584_jpg.rf.a211381e4798cc7242879d62b7456b8e.jpg,Clean,clean,roboflow_dirt_det,test
06e688c57612,Data/raw/roboflow_dirt/train/IMG_20241003_093741_158_jpg.rf.a21f67cce26d5534aeee79a975984c5e.jpg,Low-Dirty,dirty,roboflow_dirt_det,test
c6bc850f71ca,Data/raw/roboflow_dirt/train/IMG_20241003_093937_414_jpg.rf.a1211afedfe60ed8cbe2efdae4ca5669.jpg,Low-Dirty,dirty,roboflow_dirt_det,test
9701d6c209e9,Data/raw/roboflow_dirt/train/IMG_20241003_094714_602_jpg.rf.a2d67fb2f30debf52c10134148bef44a.jpg,Low-Dirty,dirty,roboflow_dirt_det,test
ec06701ce060,Data/raw/roboflow_dirt/train/IMG_20241002_214849_430_jpg.rf.a1717915a15ca8daa8b8d5803fde87da.jpg,Clean,clean,roboflow_dirt_det,test
c1d1b0267c82,Data/raw/roboflow_dirt/train/IMG_20241003_094814_838_jpg.rf.a385e0e0ffeff7c837e0b460ee058402.jpg,Low-Dirty,dirty,roboflow_dirt_det,test
57d2f774a9f3,Data/raw/roboflow_dirt/train/IMG_20241002_214935_731_jpg.rf.a282b69a0481b6bde5ef761a13a911d9.jpg,Clean,clean,roboflow_dirt_det,test
0d7933a77c70,Data/raw/roboflow_dirt/train/IMG_20241003_094255_737_jpg.rf.a11d491161eca6f1d08ed4474b2e6575.jpg,Low-Dirty,dirty,roboflow_dirt_det,test
4f7dbfd3c5ab,Data/raw/roboflow_dirt/train/IMG_20241003_093425_880_jpg.rf.a26762bd6ab47bf72bb925b9c8ded782.jpg,High-Dirty,dirty,roboflow_dirt_det,test
17b07a239c6f,Data/raw/roboflow_dirt/train/IMG_20241003_092624_179_jpg.rf.a137aefbf31c694932ba9d5cad1587df.jpg,Low-Dirty,dirty,roboflow_dirt_det,test
f8f91881328e,Data/raw/roboflow_dirt/train/IMG_20241003_085937_533_jpg.rf.a2b1ba64b45c127550262e543589f3f2.jpg,Clean,clean,roboflow_dirt_det,test
f81964318d2a,Data/raw/roboflow_dirt/train/IMG_20241003_093946_841_jpg.rf.a30d320042b5c64433076cf8f85adafc.jpg,Low-Dirty,dirty,roboflow_dirt_det,test
6e11589d9f18,Data/raw/roboflow_dirt/train/IMG_20241003_093403_022_jpg.rf.a207af8b287c443c59af92400b472133.jpg,High-Dirty,dirty,roboflow_dirt_det,test
4f423a50ef60,Data/raw/roboflow_dirt/train/IMG_20241003_085944_188_jpg.rf.a3eb620dc315e4515edff8e0d3ba41c5.jpg,Clean,clean,roboflow_dirt_det,test
21e02ed542a8,Data/raw/roboflow_dirt/train/IMG_20241003_090043_687_jpg.rf.a423185e02ecd397be155860dec87421.jpg,Clean,clean,roboflow_dirt_det,test
020dcde86d2e,Data/raw/roboflow_dirt/train/IMG_20241003_092203_668_jpg.rf.a383b1c6befede2d7fc740d134cb83ae.jpg,High-Dirty,dirty,roboflow_dirt_det,test
5041ad330d54,Data/raw/roboflow_dirt/train/IMG_20241003_093253_179_jpg.rf.a2f825064750f7d889562a0c4644f195.jpg,Low-Dirty,dirty,roboflow_dirt_det,test
43d3a5e31d1a,Data/raw/roboflow_dirt/train/IMG_20241003_091540_410_jpg.rf.a387fe478c6b1f38b47812ce26778284.jpg,Clean,clean,roboflow_dirt_det,test
d956a237c674,Data/raw/roboflow_dirt/train/IMG_20241003_093612_491_jpg.rf.a3d94cb0622c5145e0891343aa224cba.jpg,High-Dirty,dirty,roboflow_dirt_det,test
1055512706ce,Data/raw/roboflow_dirt/train/IMG_20241003_092545_360_jpg.rf.a302c1d7aefb0fb671c3d4cfd454e43d.jpg,High-Dirty,dirty,roboflow_dirt_det,test
bd0f4b144349,Data/raw/roboflow_dirt/train/IMG_20241003_091459_917_jpg.rf.a00aed8e1398b7fa0fe9962e4cb82cb2.jpg,Clean,clean,roboflow_dirt_det,test
a93c2ac937db,Data/raw/roboflow_dirt/train/IMG_20241003_093400_737_jpg.rf.a1a029872ec4f1d1ce8058210272ba36.jpg,High-Dirty,dirty,roboflow_dirt_det,test
9a223086ef39,Data/raw/roboflow_dirt/train/IMG_20241003_094828_569_jpg.rf.a470be405a6a79689770b21cc0737d97.jpg,Low-Dirty,dirty,roboflow_dirt_det,test
867a38c7a90f,Data/raw/roboflow_dirt/train/IMG_20241003_095000_599_jpg.rf.a2e5db7b2a02d5c80a810a013da4df98.jpg,Low-Dirty,dirty,roboflow_dirt_det,test
1b65d00bef19,Data/raw/roboflow_dirt/train/IMG_20241003_093416_608_jpg.rf.a239a969937ef1b87c8a08d8e3b9f5c0.jpg,High-Dirty,dirty,roboflow_dirt_det,test
c704e86e56a7,Data/raw/roboflow_dirt/train/IMG_20241003_090246_446_jpg.rf.a26998a5d1522839d8cb4a32717b5454.jpg,Clean,clean,roboflow_dirt_det,test
3bb7de574164,Data/raw/roboflow_dirt/train/IMG_20241003_093853_040_jpg.rf.a455b2fe1dded82fe4aca7f94a834bdc.jpg,Low-Dirty,dirty,roboflow_dirt_det,test
5d629d48c5ec,Data/raw/roboflow_dirt/train/IMG_20241003_092436_946_jpg.rf.a48736f6678c2f8be5c00a6b2b037f52.jpg,High-Dirty,dirty,roboflow_dirt_det,test
b47d45051b25,Data/raw/roboflow_dirt/train/IMG_20241003_094506_826_jpg.rf.a350c0a2f9a08abe799b14874b4de780.jpg,Low-Dirty,dirty,roboflow_dirt_det,test
0cf09c6f210f,Data/raw/roboflow_dirt/train/IMG_20241003_093410_321_jpg.rf.a4cc3236f6b7c6e59b677e14be5205ea.jpg,High-Dirty,dirty,roboflow_dirt_det,test
f08f115b31be,Data/raw/roboflow_dirt/train/IMG_20241003_091620_755_jpg.rf.a4e944a805e1851dddb23be8987fdc68.jpg,Clean,clean,roboflow_dirt_det,test
964e423b0b8a,Data/raw/roboflow_dirt/train/IMG_20241003_095737_690_jpg.rf.a4f4f3610f58d325ce31b9f38c5b5585.jpg,Low-Dirty,dirty,roboflow_dirt_det,test
006011eecb25,Data/raw/roboflow_dirt/train/IMG_20241003_095404_946_jpg.rf.a5a7243f1c332ef19f79baff965312ee.jpg,Low-Dirty,dirty,roboflow_dirt_det,test
3c2361f4cef0,Data/raw/roboflow_dirt/train/IMG_20241003_094333_361_jpg.rf.a7978a982a5a33002a2648305b334d15.jpg,Low-Dirty,dirty,roboflow_dirt_det,test
f4e3092b2df3,Data/raw/roboflow_dirt/train/IMG_20241003_093814_912_jpg.rf.a6375c82b21798711a2285f775234f86.jpg,Low-Dirty,dirty,roboflow_dirt_det,test
486e45e713ab,Data/raw/roboflow_dirt/train/IMG_20241003_090429_534_jpg.rf.a52ab47a8bb49e81f04a1988d958aeff.jpg,Clean,clean,roboflow_dirt_det,test
687ae1887b9e,Data/raw/roboflow_dirt/train/IMG_20241003_090647_853_jpg.rf.a7540eae847d927957739c45b019ae3e.jpg,Clean,clean,roboflow_dirt_det,test
f832b29fc363,Data/raw/roboflow_dirt/train/IMG_20241003_093752_605_jpg.rf.a5447ec2de4c5a7bfd77eb73aaf4317a.jpg,Low-Dirty,dirty,roboflow_dirt_det,test
d6ea14f084c2,Data/raw/roboflow_dirt/train/IMG_20241003_091236_105_jpg.rf.a6f57c6b4c207c6839d036def133c638.jpg,Clean,clean,roboflow_dirt_det,test
17bb87927ece,Data/raw/roboflow_dirt/train/IMG_20241003_090728_530_jpg.rf.a680c064688529c7cc6181d4bc709a46.jpg,Clean,clean,roboflow_dirt_det,test
06a8aad49e3e,Data/raw/roboflow_dirt/train/IMG_20241003_093403_022_jpg.rf.a7303ba3cda07ed1d60b362f3f62156f.jpg,High-Dirty,dirty,roboflow_dirt_det,test
1ec7f9529bf8,Data/raw/roboflow_dirt/train/IMG_20241003_085911_455_jpg.rf.a5a723b7e1afc2b185bc0242209a8371.jpg,Clean,clean,roboflow_dirt_det,test
c9794bfb65ce,Data/raw/roboflow_dirt/train/IMG_20241003_095359_669_jpg.rf.a58efd9861f52a83666288581fe587ad.jpg,Low-Dirty,dirty,roboflow_dirt_det,test
6f36ea6a6116,Data/raw/roboflow_dirt/train/IMG_20241003_085810_106_jpg.rf.a6861fb284da5b6e7cf61e85986ca800.jpg,Clean,clean,roboflow_dirt_det,test
6bb68144370f,Data/raw/roboflow_dirt/train/IMG_20241003_093353_777_jpg.rf.a5f07a49cf72bc799f64e0d0ba21331b.jpg,High-Dirty,dirty,roboflow_dirt_det,test
d0a400f56a3d,Data/raw/roboflow_dirt/train/IMG_20241003_091447_617_jpg.rf.a79f8ebb9f7f265993256b00b97c46d5.jpg,Clean,clean,roboflow_dirt_det,test
ae605ee11b76,Data/raw/roboflow_dirt/train/IMG_20241003_093725_196_jpg.rf.a69f692215aa1389e42140d6ee9c7afd.jpg,Low-Dirty,dirty,roboflow_dirt_det,test
63df948c0a6e,Data/raw/roboflow_dirt/train/IMG_20241003_091536_825_jpg.rf.a4f58a6a5c963280ec54cfbe71eb1488.jpg,Clean,clean,roboflow_dirt_det,test
1f5f73dbf933,Data/raw/roboflow_dirt/train/IMG_20241003_093735_220_jpg.rf.a7ac2ac5001f2889d6c0b4b0e11bd3cf.jpg,Low-Dirty,dirty,roboflow_dirt_det,test
393635d1eaf0,Data/raw/roboflow_dirt/train/IMG_20241003_092223_155_jpg.rf.a507aa7bec8632a6a2ecfcd4cb074b57.jpg,High-Dirty,dirty,roboflow_dirt_det,test
45ab0b978e32,Data/raw/roboflow_dirt/train/IMG_20241003_094323_823_jpg.rf.a66d448f4eea8efd45390a6d73fa4b1c.jpg,Low-Dirty,dirty,roboflow_dirt_det,test
b7e343e3f678,Data/raw/roboflow_dirt/train/IMG_20241003_093915_038_jpg.rf.a7a4b636842f75cb9996368874ac63fb.jpg,Low-Dirty,dirty,roboflow_dirt_det,test
1a3f3a7d1067,Data/raw/roboflow_dirt/train/IMG_20241003_090551_177_jpg.rf.a7d9c3c66c0e18d16768c11845b3ab03.jpg,Clean,clean,roboflow_dirt_det,test
1d5fa2ae13c0,Data/raw/roboflow_dirt/train/IMG_20241003_095139_755_jpg.rf.a73a6747f4f0895874ae57e9d4e14661.jpg,Low-Dirty,dirty,roboflow_dirt_det,test
8f1af19f2b61,Data/raw/roboflow_dirt/train/IMG_20241003_093253_179_jpg.rf.a64835fe488489e8ad27255ceb562d57.jpg,Low-Dirty,dirty,roboflow_dirt_det,test
d3e0378b6fde,Data/raw/roboflow_dirt/train/IMG_20241003_091620_755_jpg.rf.a7388a5a19445479338243c88f05749f.jpg,Clean,clean,roboflow_dirt_det,test
224d144d60a7,Data/raw/roboflow_dirt/train/IMG_20241003_090051_596_jpg.rf.a80a4cd8f408baa549fcf78b671bfbae.jpg,Clean,clean,roboflow_dirt_det,test
4a82af4319ad,Data/raw/roboflow_dirt/train/IMG_20241003_092624_179_jpg.rf.a7f54985cc0985bfd6feeb1154a74353.jpg,Low-Dirty,dirty,roboflow_dirt_det,test
1cdb1f39e519,Data/raw/roboflow_dirt/train/IMG_20241003_093536_131_jpg.rf.a7ea9b634959db7f4d298363064673e4.jpg,High-Dirty,dirty,roboflow_dirt_det,test
c08bd301c8e3,Data/raw/roboflow_dirt/train/IMG_20241003_093728_026_jpg.rf.a84a37f9f8afd2697b3f55962160a597.jpg,Low-Dirty,dirty,roboflow_dirt_det,test
10d9d7683a13,Data/raw/roboflow_dirt/train/IMG_20241003_093410_321_jpg.rf.a8c7b2b3b2643547caa7ed954d3fa3dc.jpg,High-Dirty,dirty,roboflow_dirt_det,test
a2b5d258d59f,Data/raw/roboflow_dirt/train/IMG_20241003_092203_668_jpg.rf.a982e0894f0e380fa81451752d846af1.jpg,High-Dirty,dirty,roboflow_dirt_det,test
4afd59636594,Data/raw/roboflow_dirt/train/IMG_20241003_090017_746_jpg.rf.a86fa4c4fdb18502b6c32cd33387b4cf.jpg,Clean,clean,roboflow_dirt_det,test
c2e4b602e3a5,Data/raw/roboflow_dirt/train/IMG_20241003_092250_176_jpg.rf.a9c36fc88ef644482e67e5b8b390b6b3.jpg,High-Dirty,dirty,roboflow_dirt_det,test
275e4b6be04c,Data/raw/roboflow_dirt/train/IMG_20241003_093032_807_jpg.rf.a89114b3ea1b9870a9468df84509aa2b.jpg,Low-Dirty,dirty,roboflow_dirt_det,test
72b8c528bb48,Data/raw/roboflow_dirt/train/IMG_20241003_094705_887_jpg.rf.a903a210c819141cb620eb555e85c371.jpg,Low-Dirty,dirty,roboflow_dirt_det,test
d03599b0c2a4,Data/raw/roboflow_dirt/train/IMG_20241003_092321_966_jpg.rf.a87c05bd569d701aa4e7684006ec2b0c.jpg,High-Dirty,dirty,roboflow_dirt_det,test
45edb67f7d00,Data/raw/roboflow_dirt/train/IMG_20241003_093404_646_jpg.rf.a87984ff5624b870c3dc3d59dfccbf40.jpg,High-Dirty,dirty,roboflow_dirt_det,test
1c02badd9daa,Data/raw/roboflow_dirt/train/IMG_20241003_093818_870_jpg.rf.a92220bd6cb665901a38817bc2f471d4.jpg,Low-Dirty,dirty,roboflow_dirt_det,test
ede7cccf38d8,Data/raw/roboflow_dirt/train/IMG_20241003_094319_522_jpg.rf.aadb57cec9a75182300dbcb86d5f11c3.jpg,Low-Dirty,dirty,roboflow_dirt_det,test
a432355f9b29,Data/raw/roboflow_dirt/train/IMG_20241003_092303_644_jpg.rf.a8d47b12c4fa56b6c651bcd8b72c3b84.jpg,High-Dirty,dirty,roboflow_dirt_det,test
aeb04434264b,Data/raw/roboflow_dirt/train/IMG_20241003_085840_721_jpg.rf.a4a808b6a142c33f7cebff9e142262e6.jpg,Clean,clean,roboflow_dirt_det,test
f68d29313d6e,Data/raw/roboflow_dirt/train/IMG_20241003_093915_038_jpg.rf.ab1e853f419e6be98625ba9d54fa3b25.jpg,Low-Dirty,dirty,roboflow_dirt_det,test
e04dc05dab20,Data/raw/roboflow_dirt/train/IMG_20241003_091158_436_jpg.rf.aa1b38eaaeef08c32657ef17b292d1c0.jpg,Clean,clean,roboflow_dirt_det,test
6b4af4d8782e,Data/raw/roboflow_dirt/train/IMG_20241003_093839_751_jpg.rf.ab58453010872ee4e074765c6c933e82.jpg,Low-Dirty,dirty,roboflow_dirt_det,test
8180458b49d8,Data/raw/roboflow_dirt/train/IMG_20241003_093808_639_jpg.rf.a9f1d410c8e232104f8b786ff5b77f7e.jpg,Low-Dirty,dirty,roboflow_dirt_det,test
53e9c9238639,Data/raw/roboflow_dirt/train/IMG_20241003_094708_221_jpg.rf.ab7842fbf46befb97a1bf547c129afab.jpg,Low-Dirty,dirty,roboflow_dirt_det,test
72d0bca5447d,Data/raw/roboflow_dirt/train/IMG_20241003_093816_652_jpg.rf.ab8dbd15b3a5c05c12abe05adbcb0afc.jpg,Low-Dirty,dirty,roboflow_dirt_det,test
dd0e7310ed97,Data/raw/roboflow_dirt/train/IMG_20241003_095522_307_jpg.rf.aaa4e78bec8837ba6461596642272852.jpg,Low-Dirty,dirty,roboflow_dirt_det,test
a8364880f958,Data/raw/roboflow_dirt/train/IMG_20241003_090554_993_jpg.rf.abb82e13c69ec09360a20f9abeed27a5.jpg,Clean,clean,roboflow_dirt_det,test
38dc8c7b80b0,Data/raw/roboflow_dirt/train/IMG_20241003_093826_827_jpg.rf.a9dbec31c03ea95cdb9aa138a26f80ab.jpg,Low-Dirty,dirty,roboflow_dirt_det,test
0c7adbf26c72,Data/raw/roboflow_dirt/train/IMG_20241003_094249_068_jpg.rf.abcf1d9431256557d790580ba9fe1f93.jpg,Low-Dirty,dirty,roboflow_dirt_det,test
cd6628e2f36f,Data/raw/roboflow_dirt/train/IMG_20241003_093806_115_jpg.rf.abc649d037a6ae3271fe90b92b44b63e.jpg,Low-Dirty,dirty,roboflow_dirt_det,test
fb8a7f361dbf,Data/raw/roboflow_dirt/train/IMG_20241003_090039_731_jpg.rf.ac9340edb5702086bf623e54b4474408.jpg,Clean,clean,roboflow_dirt_det,test
f88efa5eefd1,Data/raw/roboflow_dirt/train/IMG_20241003_093550_482_jpg.rf.ac5657a66ced580ba42350e592634006.jpg,High-Dirty,dirty,roboflow_dirt_det,test
7366740d0ddc,Data/raw/roboflow_dirt/train/IMG_20241003_094238_274_jpg.rf.abbe284270611ec10e8d435fa63dcc9a.jpg,Low-Dirty,dirty,roboflow_dirt_det,test
0c287fd2fe17,Data/raw/roboflow_dirt/train/IMG_20241003_090350_074_jpg.rf.ac4aba0ff37c5a5bad508f13813fc514.jpg,Clean,clean,roboflow_dirt_det,test
776816418668,Data/raw/roboflow_dirt/train/IMG_20241003_091133_224_jpg.rf.ae59b5f4be37848fa7102d5156fce055.jpg,Clean,clean,roboflow_dirt_det,test
d000980b68ae,Data/raw/roboflow_dirt/train/IMG_20241003_094247_858_jpg.rf.ac1c56b0d9eb2b43cc2af0a50c192867.jpg,Low-Dirty,dirty,roboflow_dirt_det,test
73a4c49ebd7a,Data/raw/roboflow_dirt/train/IMG_20241003_093730_226_jpg.rf.abc55dd8d3a2bfc4cf31b9bd2b912795.jpg,Low-Dirty,dirty,roboflow_dirt_det,test
19ebcdf5a6f5,Data/raw/roboflow_dirt/train/IMG_20241003_093835_901_jpg.rf.ad5b207aba153857156fef68174c9568.jpg,Low-Dirty,dirty,roboflow_dirt_det,test
74c3f358a453,Data/raw/roboflow_dirt/train/IMG_20241003_093511_505_jpg.rf.ade666b52c8f5349b05d8501d958937d.jpg,High-Dirty,dirty,roboflow_dirt_det,test
02eab5bb7f73,Data/raw/roboflow_dirt/train/IMG_20241003_093703_330_jpg.rf.ad0d77783bf624568a4ee9b5f0005d7a.jpg,High-Dirty,dirty,roboflow_dirt_det,test
dbdb7fb8dde1,Data/raw/roboflow_dirt/train/IMG_20241003_091540_410_jpg.rf.ae0c167dfeed056247b1aa4a5cfb4ae7.jpg,Clean,clean,roboflow_dirt_det,test
65cc19e203a4,Data/raw/roboflow_dirt/train/IMG_20241003_093804_439_jpg.rf.ad8990546ff3d70a85d3f408808793d9.jpg,Low-Dirty,dirty,roboflow_dirt_det,test
5cc6d590b5ae,Data/raw/roboflow_dirt/train/IMG_20241003_094724_229_jpg.rf.abf8202b2b78ab70b3e812e6db0ef6c0.jpg,Low-Dirty,dirty,roboflow_dirt_det,test
d7cb7c6cd0e8,Data/raw/roboflow_dirt/train/IMG_20241003_094256_986_jpg.rf.ac86ec58b857f71fd5af08e9d780a295.jpg,Low-Dirty,dirty,roboflow_dirt_det,test
82cf5705a1ed,Data/raw/roboflow_dirt/train/IMG_20241003_085944_188_jpg.rf.ac542e4597a7852df6e7af308c3ffc3d.jpg,Clean,clean,roboflow_dirt_det,test
682d8174719c,Data/raw/roboflow_dirt/train/IMG_20241003_092416_509_jpg.rf.adea316bc9eb56ecb26c47c4e543b341.jpg,High-Dirty,dirty,roboflow_dirt_det,test
11f5a636c97e,Data/raw/roboflow_dirt/train/IMG_20241003_094814_838_jpg.rf.ada5f4ac0fb5e5577209d98e15c4bdd8.jpg,Low-Dirty,dirty,roboflow_dirt_det,test
48e77c8f9212,Data/raw/roboflow_dirt/train/IMG_20241003_094335_379_jpg.rf.af5a719703003ed7633cd53530f4a2e3.jpg,Low-Dirty,dirty,roboflow_dirt_det,test
b4b937b8fc2a,Data/raw/roboflow_dirt/train/IMG_20241003_093253_179_jpg.rf.acbd26bb60695279b31e6ccf05f9acc1.jpg,Low-Dirty,dirty,roboflow_dirt_det,test
eb2b3ada7927,Data/raw/roboflow_dirt/train/IMG_20241003_093401_886_jpg.rf.af6e2592c0207bc28660691442010821.jpg,High-Dirty,dirty,roboflow_dirt_det,test
68ff679246ed,Data/raw/roboflow_dirt/train/IMG_20241003_094306_768_jpg.rf.aeb03563a10a04930d2265cb476df023.jpg,Low-Dirty,dirty,roboflow_dirt_det,test
ac2215ecf9f3,Data/raw/roboflow_dirt/train/IMG_20241003_093116_731_jpg.rf.aee66f3589196e3f4272f344b9c47dda.jpg,Low-Dirty,dirty,roboflow_dirt_det,test
99860e68a937,Data/raw/roboflow_dirt/train/IMG_20241003_094250_538_jpg.rf.af60e2d6a2d67f1a69a5c911f3adc50c.jpg,Low-Dirty,dirty,roboflow_dirt_det,test
eeaafa48a1e1,Data/raw/roboflow_dirt/train/IMG_20241003_093852_103_jpg.rf.aee7eff1f6b773e26b712dfc24d1c03f.jpg,Low-Dirty,dirty,roboflow_dirt_det,test
2b9bb1598d1c,Data/raw/roboflow_dirt/train/IMG_20241003_094254_522_jpg.rf.ae7fa7c6a2f4ed27f9a8c0b671fb7171.jpg,Low-Dirty,dirty,roboflow_dirt_det,test
803d6eb22b76,Data/raw/roboflow_dirt/train/IMG_20241003_095745_366_jpg.rf.af6d04703b1b06b9338805c37f763e91.jpg,Low-Dirty,dirty,roboflow_dirt_det,test
98f6552baa82,Data/raw/roboflow_dirt/train/IMG_20241003_093124_394_jpg.rf.aee65e62af106bfc2c615e8b1cb41613.jpg,Low-Dirty,dirty,roboflow_dirt_det,test
74d874c2f34d,Data/raw/roboflow_dirt/train/IMG_20241003_090227_779_jpg.rf.addecc5961d552d61b4596d0c8e444b1.jpg,Clean,clean,roboflow_dirt_det,test
c21419b53ea8,Data/raw/roboflow_dirt/train/IMG_20241003_093400_213_jpg.rf.af159c05f432366a72cf160acaf53a73.jpg,High-Dirty,dirty,roboflow_dirt_det,test
574d48a7dd36,Data/raw/roboflow_dirt/train/IMG_20241003_094921_838_jpg.rf.af8d87294726c140e2d6daf0ae497138.jpg,Low-Dirty,dirty,roboflow_dirt_det,test
f68b083389d7,Data/raw/roboflow_dirt/train/IMG_20241003_093846_548_jpg.rf.af889aecbf346e1f64fee7229cc161b0.jpg,Low-Dirty,dirty,roboflow_dirt_det,test
7da2316d42df,Data/raw/roboflow_dirt/train/IMG_20241003_093411_551_jpg.rf.af8d9215b068f28201cacba707c21c28.jpg,High-Dirty,dirty,roboflow_dirt_det,test
fdff281403bd,Data/raw/roboflow_dirt/train/IMG_20241003_090629_616_jpg.rf.b00df6769086cc88c85404e3b4b17c5a.jpg,Clean,clean,roboflow_dirt_det,test
c0868f9dff15,Data/raw/roboflow_dirt/train/IMG_20241003_094302_820_jpg.rf.b05d36312cb6e052634167143b8ef575.jpg,Low-Dirty,dirty,roboflow_dirt_det,test
89c8171df475,Data/raw/roboflow_dirt/train/IMG_20241003_091133_224_jpg.rf.b0396cae6fe13c07a185be8d3c1e3859.jpg,Clean,clean,roboflow_dirt_det,test
5825e42e37a8,Data/raw/roboflow_dirt/train/IMG_20241003_093426_720_jpg.rf.b0b16b880ac5dd958db389a6091284c0.jpg,High-Dirty,dirty,roboflow_dirt_det,test
194518b141bb,Data/raw/roboflow_dirt/train/IMG_20241003_093832_882_jpg.rf.b13ed3940df1889adb0a0e438f41a99d.jpg,Low-Dirty,dirty,roboflow_dirt_det,test
eefc9cd4a209,Data/raw/roboflow_dirt/train/IMG_20241003_094820_065_jpg.rf.b0713d79124feb15108a4f03b03079fd.jpg,Low-Dirty,dirty,roboflow_dirt_det,test
74c8ea2cf82e,Data/raw/roboflow_dirt/train/IMG_20241003_090246_446_jpg.rf.b105c212d545d01e0ed95846b5bfacf7.jpg,Clean,clean,roboflow_dirt_det,test
c6ed6159f46b,Data/raw/roboflow_dirt/train/IMG_20241003_090550_591_jpg.rf.affa6f4cb78044986291bff6c03782c9.jpg,Clean,clean,roboflow_dirt_det,test
30fb45c1ab70,Data/raw/roboflow_dirt/train/IMG_20241003_095555_834_jpg.rf.b024d53351e2a511255dc9f030fa6b7b.jpg,Low-Dirty,dirty,roboflow_dirt_det,test
9fc90a3917d1,Data/raw/roboflow_dirt/train/IMG_20241003_094824_251_jpg.rf.b0686c5136677d11a7f88abee161611b.jpg,Low-Dirty,dirty,roboflow_dirt_det,test
b9771e2971e3,Data/raw/roboflow_dirt/train/IMG_20241003_090332_713_jpg.rf.b0e1b4e2984152856c18b2730ad55ba9.jpg,Clean,clean,roboflow_dirt_det,test
05e9e4c12127,Data/raw/roboflow_dirt/train/IMG_20241003_090418_099_jpg.rf.afd5931acc73dd6a0995bee68fad815d.jpg,Clean,clean,roboflow_dirt_det,test
4aac721ded3b,Data/raw/roboflow_dirt/train/IMG_20241003_093401_886_jpg.rf.b0a07704efd5852e264d4cccd217f3cd.jpg,High-Dirty,dirty,roboflow_dirt_det,test
8395b9ca40fe,Data/raw/roboflow_dirt/train/IMG_20241003_093447_751_jpg.rf.af9f3ef22922838131690766026c0152.jpg,High-Dirty,dirty,roboflow_dirt_det,test
00a7884903f8,Data/raw/roboflow_dirt/train/IMG_20241003_090856_713_jpg.rf.f5722ff07551094f38159767b2f5c9bd.jpg,Clean,clean,roboflow_dirt_det,test
3c28872db30f,Data/raw/roboflow_dirt/train/IMG_20241003_093839_751_jpg.rf.f672166c0fa2ab0f053ee4d8061101aa.jpg,Low-Dirty,dirty,roboflow_dirt_det,test
41ab6f637567,Data/raw/roboflow_dirt/train/IMG_20241003_090647_853_jpg.rf.f5f9d63692cf1b9de2bc8fcbb78d8ea0.jpg,Clean,clean,roboflow_dirt_det,test
03e8c45aee38,Data/raw/roboflow_dirt/train/IMG_20241003_093036_918_jpg.rf.f5d9a8acfc2e2af44811171ee21d073f.jpg,Low-Dirty,dirty,roboflow_dirt_det,test
c99aa3737962,Data/raw/roboflow_dirt/train/IMG_20241003_094821_667_jpg.rf.f82564ed5fa2ced8984ab93c280e8fbb.jpg,Low-Dirty,dirty,roboflow_dirt_det,test
1305ac31b334,Data/raw/roboflow_dirt/train/IMG_20241003_093554_850_jpg.rf.f8445342b21085791aba45046721f4c0.jpg,High-Dirty,dirty,roboflow_dirt_det,test
0b370a9ecd80,Data/raw/roboflow_dirt/train/IMG_20241003_092618_323_jpg.rf.f6abc6ed7091141e5ec7468b9957df8c.jpg,Low-Dirty,dirty,roboflow_dirt_det,test
f4d65ced2e66,Data/raw/roboflow_dirt/train/IMG_20241003_092718_790_jpg.rf.f746c5e10e6c04122ec70c991612a206.jpg,Low-Dirty,dirty,roboflow_dirt_det,test
9b943c23f60b,Data/raw/roboflow_dirt/train/IMG_20241003_095215_777_jpg.rf.f66412916db1d0436dc4d742aa61926b.jpg,Low-Dirty,dirty,roboflow_dirt_det,test
a62aab60b449,Data/raw/roboflow_dirt/train/IMG_20241003_090057_556_jpg.rf.f78b6d24e603d98e31ab34afafb1856a.jpg,Clean,clean,roboflow_dirt_det,test
f0d12dcadfc1,Data/raw/roboflow_dirt/train/IMG_20241003_093819_920_jpg.rf.f8343f0a639b54e4d4e2e4633f88a2ee.jpg,Low-Dirty,dirty,roboflow_dirt_det,test
5da4172b2a87,Data/raw/roboflow_dirt/train/IMG_20241003_095124_349_jpg.rf.f77c6a90754152efcb5905359864c1e1.jpg,Low-Dirty,dirty,roboflow_dirt_det,test
c6e5e397b229,Data/raw/roboflow_dirt/train/IMG_20241003_095343_967_jpg.rf.f779a569a890beed644331d5f1f4e260.jpg,Low-Dirty,dirty,roboflow_dirt_det,test
b9b1a94fedff,Data/raw/roboflow_dirt/train/IMG_20241003_092534_388_jpg.rf.f734b0d80cb64e5713796f0c8d747e2d.jpg,High-Dirty,dirty,roboflow_dirt_det,test
323e69e3ae3d,Data/raw/roboflow_dirt/train/IMG_20241003_093738_840_jpg.rf.f5720d5ce3142226f79940a8318a4bcb.jpg,Low-Dirty,dirty,roboflow_dirt_det,test
2aaae8f16bd0,Data/raw/roboflow_dirt/train/IMG_20241003_092315_843_jpg.rf.f76f39e9a5e7dea3477298fdcaed303e.jpg,High-Dirty,dirty,roboflow_dirt_det,test
280b4e90348d,Data/raw/roboflow_dirt/train/IMG_20241003_092541_179_jpg.rf.f5dc58ec5534c0b18a458a3b9be37fa2.jpg,High-Dirty,dirty,roboflow_dirt_det,test
d98897a7eb66,Data/raw/roboflow_dirt/train/IMG_20241003_095215_777_jpg.rf.f692468fbc89bdb7e7e8aadda4bb4c4a.jpg,Low-Dirty,dirty,roboflow_dirt_det,test
ae9c6b84c78a,Data/raw/roboflow_dirt/train/IMG_20241003_094824_251_jpg.rf.f6f18a38587d1aaa7012e36a3378ae1a.jpg,Low-Dirty,dirty,roboflow_dirt_det,test
1df3995992b1,Data/raw/roboflow_dirt/train/IMG_20241003_092209_126_jpg.rf.f75c93d751aa401cd0f201d67bfa2500.jpg,High-Dirty,dirty,roboflow_dirt_det,test
5812ce1710f8,Data/raw/roboflow_dirt/train/IMG_20241003_091447_617_jpg.rf.f5a1bc4a931d321426bd603bef19bd45.jpg,Clean,clean,roboflow_dirt_det,test
8a0e63417109,Data/raw/roboflow_dirt/train/IMG_20241003_091540_410_jpg.rf.f8a4c36783fedb2797a9f8298a3b33c9.jpg,Clean,clean,roboflow_dirt_det,test
19db016e5db5,Data/raw/roboflow_dirt/train/IMG_20241003_095052_707_jpg.rf.f753ab056c1dc98d99d9ae0f44cf8462.jpg,Low-Dirty,dirty,roboflow_dirt_det,test
cbe937397105,Data/raw/roboflow_dirt/train/IMG_20241003_095220_757_jpg.rf.f74dfd9c2216339b28010cb490d89dc2.jpg,Low-Dirty,dirty,roboflow_dirt_det,test
6d1ff53bfb11,Data/raw/roboflow_dirt/train/IMG_20241003_093819_407_jpg.rf.f84dd6907ac3e23ac0af20208481bdbf.jpg,Low-Dirty,dirty,roboflow_dirt_det,test
5b12b83bfc9e,Data/raw/roboflow_dirt/train/IMG_20241003_093429_613_jpg.rf.f765c8d20e17673a58415c0d86250bdf.jpg,High-Dirty,dirty,roboflow_dirt_det,test
8a8fd8525cf9,Data/raw/roboflow_dirt/train/IMG_20241003_094326_764_jpg.rf.f8a37be54c4a2e414eeaed0de6c82298.jpg,Low-Dirty,dirty,roboflow_dirt_det,test
5ea928066637,Data/raw/roboflow_dirt/train/IMG_20241003_090426_149_jpg.rf.f6fd80813c4ba85548d0227588c183da.jpg,Clean,clean,roboflow_dirt_det,test
1dd4365a7f21,Data/raw/roboflow_dirt/train/IMG_20241003_093725_196_jpg.rf.f87c822a7c94e675854c39733c8d97c4.jpg,Low-Dirty,dirty,roboflow_dirt_det,test
6d351922b8ba,Data/raw/roboflow_dirt/train/IMG_20241003_090004_828_jpg.rf.f8fa678d6c2c6bfdc537e358061ede36.jpg,Clean,clean,roboflow_dirt_det,test
f51971f805e1,Data/raw/roboflow_dirt/train/IMG_20241003_093725_196_jpg.rf.f8be1da15bca1bbbd058cbfb21d7a51c.jpg,Low-Dirty,dirty,roboflow_dirt_det,test
c85a48979186,Data/raw/roboflow_dirt/train/IMG_20241003_093740_057_jpg.rf.f8b58ecc02b2fc5ff829d180aec20990.jpg,Low-Dirty,dirty,roboflow_dirt_det,test
7e4e07de8503,Data/raw/roboflow_dirt/train/IMG_20241003_093024_839_jpg.rf.f8e5457f52342a3ddd11fccdf6ead5af.jpg,Low-Dirty,dirty,roboflow_dirt_det,test
b83310ccf187,Data/raw/roboflow_dirt/train/IMG_20241003_093729_411_jpg.rf.f99a9ffe5e0a850e5b964f49237344da.jpg,Low-Dirty,dirty,roboflow_dirt_det,test
415bbf4d5378,Data/raw/roboflow_dirt/train/IMG_20241003_092307_853_jpg.rf.f96d87a586f6517bd354a2df44e00a8d.jpg,High-Dirty,dirty,roboflow_dirt_det,test
cbd8a393bcf6,Data/raw/roboflow_dirt/train/IMG_20241003_093853_040_jpg.rf.f92dd22d197396938d8328b64e1877e0.jpg,Low-Dirty,dirty,roboflow_dirt_det,test
dfe5f1702194,Data/raw/roboflow_dirt/train/IMG_20241003_090314_879_jpg.rf.fa2e1158ad1479390b75ab2a8efd10f3.jpg,Clean,clean,roboflow_dirt_det,test
8137eacb7f0f,Data/raw/roboflow_dirt/train/IMG_20241003_091610_018_jpg.rf.fa0062917e1f4d883307033cdd1e7eb9.jpg,Clean,clean,roboflow_dirt_det,test
6e3525654c90,Data/raw/roboflow_dirt/train/IMG_20241003_095130_374_jpg.rf.fa2ae66e57084410df90acf359de4262.jpg,Low-Dirty,dirty,roboflow_dirt_det,test
b95e0b248688,Data/raw/roboflow_dirt/train/IMG_20241003_094232_185_jpg.rf.fa1cd74e0c5a5aeacb0dad0f1de1954f.jpg,Low-Dirty,dirty,roboflow_dirt_det,test
03b670077bc6,Data/raw/roboflow_dirt/train/IMG_20241003_095700_912_jpg.rf.fabaca2c82b4399d20ae209298e43330.jpg,Low-Dirty,dirty,roboflow_dirt_det,test
d400943403e7,Data/raw/roboflow_dirt/train/IMG_20241003_095300_115_jpg.rf.f97ac065e03dbdc648b1ec496738c4e6.jpg,Low-Dirty,dirty,roboflow_dirt_det,test
6514a458c17b,Data/raw/roboflow_dirt/train/IMG_20241003_091059_584_jpg.rf.f9110eac9f228845ddba472122dd299d.jpg,Clean,clean,roboflow_dirt_det,test
02848f0226f3,Data/raw/roboflow_dirt/train/IMG_20241003_095200_717_jpg.rf.fa4789d91071ebb678643464e8a76cce.jpg,Low-Dirty,dirty,roboflow_dirt_det,test
d83f92595774,Data/raw/roboflow_dirt/train/IMG_20241003_092303_644_jpg.rf.f9380e105d3d1bebcf2e1ca0c3413215.jpg,High-Dirty,dirty,roboflow_dirt_det,test
1239febc5742,Data/raw/roboflow_dirt/train/IMG_20241003_092419_945_jpg.rf.fb2bf211f5816a778ed65a6985e2b17c.jpg,High-Dirty,dirty,roboflow_dirt_det,test
2553da05f45c,Data/raw/roboflow_dirt/train/IMG_20241003_093241_708_jpg.rf.fb18a8189bcac4562eae8f664c74ccc8.jpg,Low-Dirty,dirty,roboflow_dirt_det,test
b493a1de89ce,Data/raw/roboflow_dirt/train/IMG_20241003_092310_940_jpg.rf.facbb179f81663a8eefa80ce2900bbe4.jpg,High-Dirty,dirty,roboflow_dirt_det,test
16795294a0a8,Data/raw/roboflow_dirt/train/IMG_20241003_093408_101_jpg.rf.fa8a34dd02955778b40d532fa8b5324e.jpg,High-Dirty,dirty,roboflow_dirt_det,test
a267a2fbc8dc,Data/raw/roboflow_dirt/train/IMG_20241003_094306_768_jpg.rf.f94881c4b56da79959f51ff73bf61c99.jpg,Low-Dirty,dirty,roboflow_dirt_det,test
6ed8680af48d,Data/raw/roboflow_dirt/train/IMG_20241003_093405_237_jpg.rf.fabd3cbfb7335af22761a9b2b11dffa0.jpg,High-Dirty,dirty,roboflow_dirt_det,test
751c71107059,Data/raw/roboflow_dirt/train/IMG_20241003_091447_617_jpg.rf.f9f32e137f96e919393dfd3229d4261e.jpg,Clean,clean,roboflow_dirt_det,test
9c39cb744660,Data/raw/roboflow_dirt/train/IMG_20241003_095100_153_jpg.rf.fa459456d96d753b500c23740129c5f6.jpg,Low-Dirty,dirty,roboflow_dirt_det,test
0ec77fcd027b,Data/raw/roboflow_dirt/train/IMG_20241003_091100_401_jpg.rf.fb376c784398f28d0eb267e2c99e91b4.jpg,Clean,clean,roboflow_dirt_det,test
bc536cb95aee,Data/raw/roboflow_dirt/train/IMG_20241003_085853_049_jpg.rf.fb0db824c3369b784f11c310fdbdb875.jpg,Clean,clean,roboflow_dirt_det,test
4605af46dc36,Data/raw/roboflow_dirt/train/IMG_20241003_093814_403_jpg.rf.fb068aa1e3039809a6dd70f14bf53b12.jpg,Low-Dirty,dirty,roboflow_dirt_det,test
1e1c54c79b28,Data/raw/roboflow_dirt/train/IMG_20241003_095801_143_jpg.rf.fb11a21a2494738631a15eac2a7e8091.jpg,Low-Dirty,dirty,roboflow_dirt_det,test
09f42ea904da,Data/raw/roboflow_dirt/train/IMG_20241003_094241_632_jpg.rf.fb3fba216243d4648220e6cceedd445f.jpg,Low-Dirty,dirty,roboflow_dirt_det,test
12d2c4864ffe,Data/raw/roboflow_dirt/train/IMG_20241003_093245_295_jpg.rf.fcfa5572538289167858c5a554e743bc.jpg,Low-Dirty,dirty,roboflow_dirt_det,test
d003fb4dc107,Data/raw/roboflow_dirt/train/IMG_20241003_093251_443_jpg.rf.fb4741f6ba7139904ceaee882086fd82.jpg,Low-Dirty,dirty,roboflow_dirt_det,test
e5f1c1d90758,Data/raw/roboflow_dirt/train/IMG_20241003_085814_876_jpg.rf.fbc14c86914492eb7e4f79c05769a507.jpg,Clean,clean,roboflow_dirt_det,test
8589c70ce931,Data/raw/roboflow_dirt/train/IMG_20241003_094511_277_jpg.rf.fba65d65d23714df880da50b04e0b8dd.jpg,Low-Dirty,dirty,roboflow_dirt_det,test
0cda5576f130,Data/raw/roboflow_dirt/train/IMG_20241003_095040_530_jpg.rf.fbcc9e3b061dc3a05eea451cd67eca70.jpg,Low-Dirty,dirty,roboflow_dirt_det,test
3e17e55559eb,Data/raw/roboflow_dirt/train/IMG_20241003_095122_428_jpg.rf.fc2198b06ee5ca9816b89852514a8485.jpg,Low-Dirty,dirty,roboflow_dirt_det,test
a0e4dddef596,Data/raw/roboflow_dirt/train/IMG_20241003_093045_205_jpg.rf.fbce2bfb32d58de929ab97de33cda141.jpg,Low-Dirty,dirty,roboflow_dirt_det,test
3c5547fd15b6,Data/raw/roboflow_dirt/train/IMG_20241003_095131_090_jpg.rf.fd055f88c31281dd0edbfc705b88d227.jpg,Low-Dirty,dirty,roboflow_dirt_det,test
ba1798de5bf3,Data/raw/roboflow_dirt/train/IMG_20241003_093719_298_jpg.rf.fd56b87eef8465c7d768f4551e4035a3.jpg,Low-Dirty,dirty,roboflow_dirt_det,test
bc1abb8894a9,Data/raw/roboflow_dirt/train/IMG_20241003_092239_144_jpg.rf.fcc8934802789bff21bd8fcd30a937a2.jpg,High-Dirty,dirty,roboflow_dirt_det,test
8b646e94a447,Data/raw/roboflow_dirt/train/IMG_20241003_095126_266_jpg.rf.fdc58aa9098f5dc12269a4e42f61a348.jpg,Low-Dirty,dirty,roboflow_dirt_det,test
4383cc3388c0,Data/raw/roboflow_dirt/train/IMG_20241003_090839_319_jpg.rf.fbd2c9498b9f50a88197d740836c794c.jpg,Clean,clean,roboflow_dirt_det,test
b029a66f2e09,Data/raw/roboflow_dirt/train/IMG_20241003_093632_513_jpg.rf.fc75acac72c6b1819769e61b5e8d376a.jpg,High-Dirty,dirty,roboflow_dirt_det,test
b2e01bc1e6ff,Data/raw/roboflow_dirt/train/IMG_20241003_094705_887_jpg.rf.fb562d6f4aa48fe4065a93764a71dcc1.jpg,Low-Dirty,dirty,roboflow_dirt_det,test
2de18968e263,Data/raw/roboflow_dirt/train/IMG_20241003_093501_501_jpg.rf.fcaeab2c2f0f0ed7b9bb17fbd3b20740.jpg,High-Dirty,dirty,roboflow_dirt_det,test
60a9d21bbe8b,Data/raw/roboflow_dirt/train/IMG_20241003_090138_418_jpg.rf.fd835e324b3a98027d785939083964bf.jpg,Clean,clean,roboflow_dirt_det,test
f1e4974b898d,Data/raw/roboflow_dirt/train/IMG_20241003_095133_937_jpg.rf.fc2a47cbe6c3413747373c5965a519f9.jpg,Low-Dirty,dirty,roboflow_dirt_det,test
86e74d9a4c26,Data/raw/roboflow_dirt/train/IMG_20241003_093813_684_jpg.rf.fd62bb074e20fb96d075007bd159aa63.jpg,Low-Dirty,dirty,roboflow_dirt_det,test
3f9906696cb1,Data/raw/roboflow_dirt/train/IMG_20241003_093724_698_jpg.rf.fdae8370e7644267c77acad2797e51b0.jpg,Low-Dirty,dirty,roboflow_dirt_det,test
668dc09fb2f4,Data/raw/roboflow_dirt/train/IMG_20241003_094332_140_jpg.rf.fe3ca3e8048025ed2d70fe8cc522f82f.jpg,Low-Dirty,dirty,roboflow_dirt_det,test
04ba01998a97,Data/raw/roboflow_dirt/train/IMG_20241002_214936_596_jpg.rf.fe28f0753e56fce772aaa182dc98f538.jpg,Clean,clean,roboflow_dirt_det,test
659834dd43ef,Data/raw/roboflow_dirt/train/IMG_20241003_093913_824_jpg.rf.fd7437aaedef2fcbd512e8887b110500.jpg,Low-Dirty,dirty,roboflow_dirt_det,test
bfbe187e069b,Data/raw/roboflow_dirt/train/IMG_20241003_090204_462_jpg.rf.fbc2628348c2b2e059218018543ad0b6.jpg,Clean,clean,roboflow_dirt_det,test
65c6066fc8f2,Data/raw/roboflow_dirt/train/IMG_20241003_094327_809_jpg.rf.fe01d298cb412590dc45c77b7ce1cdb1.jpg,Low-Dirty,dirty,roboflow_dirt_det,test
9ff0dbf64e3c,Data/raw/roboflow_dirt/train/IMG_20241003_090138_745_jpg.rf.fe432d208f333bf09824595ab3ffa06c.jpg,Clean,clean,roboflow_dirt_det,test
d58ec64ad0d8,Data/raw/roboflow_dirt/train/IMG_20241003_091028_066_jpg.rf.fdb909cbf44ec520bc7dd6e65bef822f.jpg,Clean,clean,roboflow_dirt_det,test
27942c16510d,Data/raw/roboflow_dirt/train/IMG_20241003_094239_257_jpg.rf.fd5312625fb5a5de760e0eb2dcb0ddac.jpg,Low-Dirty,dirty,roboflow_dirt_det,test
cdf3b4bbdb91,Data/raw/roboflow_dirt/train/IMG_20241003_091107_290_jpg.rf.fe647fad740ea20e2a11e6b78bf8df64.jpg,Clean,clean,roboflow_dirt_det,test
5f83cc900e65,Data/raw/roboflow_dirt/train/IMG_20241003_090557_832_jpg.rf.ff64f15259c430033cc27d6b4fb8110d.jpg,Clean,clean,roboflow_dirt_det,test
95429e536141,Data/raw/roboflow_dirt/train/IMG_20241003_090728_530_jpg.rf.fe56a8804a214210474ade93acf99997.jpg,Clean,clean,roboflow_dirt_det,test
cc7ffda6b403,Data/raw/roboflow_dirt/train/IMG_20241003_094913_183_jpg.rf.ff6a72db0cb10172c471f93ced8e2b7c.jpg,Low-Dirty,dirty,roboflow_dirt_det,test
7ac36e9764e3,Data/raw/roboflow_dirt/train/IMG_20241003_093133_076_jpg.rf.febfcec6df5c0c218774530ecc1a3160.jpg,Low-Dirty,dirty,roboflow_dirt_det,test
0eb89ebd95a5,Data/raw/roboflow_dirt/train/IMG_20241003_094710_321_jpg.rf.ffca68c5f0cd30e409987a5ca12bd2d0.jpg,Low-Dirty,dirty,roboflow_dirt_det,test
63830be3b7d6,Data/raw/roboflow_dirt/train/IMG_20241003_093817_408_jpg.rf.ff8e49d96c7f73a53eedb23fe77e810c.jpg,Low-Dirty,dirty,roboflow_dirt_det,test
9fa895de4392,Data/raw/roboflow_dirt/train/IMG_20241003_093504_737_jpg.rf.ff6ca86169e76145f033ecbe0cf1c421.jpg,High-Dirty,dirty,roboflow_dirt_det,test
99b4495d4121,Data/raw/roboflow_dirt/train/IMG_20241003_090856_713_jpg.rf.ffbc228a0b429a4148b12141c92bbcd9.jpg,Clean,clean,roboflow_dirt_det,test
d16c8e5551b5,Data/raw/roboflow_dirt/train/IMG_20241003_093408_101_jpg.rf.ffea503a5eea84c3038cae8a0044f7c9.jpg,High-Dirty,dirty,roboflow_dirt_det,test
b97360db7e59,Data/raw/roboflow_dirt/train/IMG_20241003_090035_122_jpg.rf.ff78a73688ebc7ab969d28c4c41e4709.jpg,Clean,clean,roboflow_dirt_det,test
c5881e30b59a,Data/raw/roboflow_dirt/train/IMG_20241003_093832_882_jpg.rf.feae87b7d2226b258e9874b83bf7da50.jpg,Low-Dirty,dirty,roboflow_dirt_det,test
3ed6a4f37581,Data/raw/roboflow_dirt/train/IMG_20241003_093403_436_jpg.rf.fecfb1e708a8625fb5e57d9eba610fb0.jpg,High-Dirty,dirty,roboflow_dirt_det,test
bb8960e5ef11,Data/raw/roboflow_dirt/train/IMG_20241003_094329_731_jpg.rf.b18883495f13cd5f6b29099d80f6f16c.jpg,Low-Dirty,dirty,roboflow_dirt_det,test
3499bfb48042,Data/raw/roboflow_dirt/train/IMG_20241003_092216_996_jpg.rf.b2bb43ea5a41182ddf72950baf8616d8.jpg,High-Dirty,dirty,roboflow_dirt_det,test
7ed17f3f9e14,Data/raw/roboflow_dirt/train/IMG_20241003_094251_065_jpg.rf.b3572f90f5bb8e8be7e48fae876c7823.jpg,Low-Dirty,dirty,roboflow_dirt_det,test
e76f3ef2f7a3,Data/raw/roboflow_dirt/train/IMG_20241003_094814_838_jpg.rf.b1df92614ad4987ba169adf356067644.jpg,Low-Dirty,dirty,roboflow_dirt_det,test
ccf73262a33f,Data/raw/roboflow_dirt/train/IMG_20241003_090221_914_jpg.rf.b1d2ec7828ea2b83296661745a44ab63.jpg,Clean,clean,roboflow_dirt_det,test
389513ab49fb,Data/raw/roboflow_dirt/train/IMG_20241003_090024_445_jpg.rf.b3164bb6ecf26e468af1da4e6d9893f0.jpg,Clean,clean,roboflow_dirt_det,test
b56863043128,Data/raw/roboflow_dirt/train/IMG_20241003_093846_548_jpg.rf.b2d8a4836818efebd4e5edb8f75fe776.jpg,Low-Dirty,dirty,roboflow_dirt_det,test
c3d99c6118e8,Data/raw/roboflow_dirt/train/IMG_20241003_093818_198_jpg.rf.b307ac13781777cfe720e0fa15425bb1.jpg,Low-Dirty,dirty,roboflow_dirt_det,test
87357fe86401,Data/raw/roboflow_dirt/train/IMG_20241003_093504_737_jpg.rf.b17b1003b66c3061447a8479a0f36c36.jpg,High-Dirty,dirty,roboflow_dirt_det,test
3e21b6b6e93a,Data/raw/roboflow_dirt/train/IMG_20241003_093844_584_jpg.rf.b1425a71d494c505caaa3430286705ec.jpg,Low-Dirty,dirty,roboflow_dirt_det,test
f87b4df4cae1,Data/raw/roboflow_dirt/train/IMG_20241003_094326_231_jpg.rf.b185d280eff00f1938b4c0b622d3700c.jpg,Low-Dirty,dirty,roboflow_dirt_det,test
23d500a8bbf2,Data/raw/roboflow_dirt/train/IMG_20241002_214913_487_jpg.rf.b2544342a52153b6e854ad5d5af8eeaf.jpg,Clean,clean,roboflow_dirt_det,test
b26bbf843c2b,Data/raw/roboflow_dirt/train/IMG_20241003_095808_880_jpg.rf.b2437e0f1158036ada892db59e4b264d.jpg,Low-Dirty,dirty,roboflow_dirt_det,test
d95ec23258b8,Data/raw/roboflow_dirt/train/IMG_20241003_094300_447_jpg.rf.b224f87e2839cd5f845f66d7bedd960f.jpg,Low-Dirty,dirty,roboflow_dirt_det,test
6c444ecf63cd,Data/raw/roboflow_dirt/train/IMG_20241003_094331_305_jpg.rf.b378320f27cb283df501b626867f9305.jpg,Low-Dirty,dirty,roboflow_dirt_det,test
38cf7a0487a7,Data/raw/roboflow_dirt/train/IMG_20241003_092530_751_jpg.rf.b1d5de4363355114ad87f234d5069f31.jpg,High-Dirty,dirty,roboflow_dirt_det,test
47814006e192,Data/raw/roboflow_dirt/train/IMG_20241003_094251_065_jpg.rf.b26c1f4679314b9a7784c79da32373ca.jpg,Low-Dirty,dirty,roboflow_dirt_det,test
396379358e59,Data/raw/roboflow_dirt/train/IMG_20241003_093806_115_jpg.rf.b252adadcf5354240c6fc5d8c161e025.jpg,Low-Dirty,dirty,roboflow_dirt_det,test
66095528854a,Data/raw/roboflow_dirt/train/IMG_20241003_092239_144_jpg.rf.b1c66d0e241238cf21350a1edaf7a3d0.jpg,High-Dirty,dirty,roboflow_dirt_det,test
a5e86870d0ac,Data/raw/roboflow_dirt/train/IMG_20241003_094926_948_jpg.rf.b37bfd6448d07b18681427a6af6a7df1.jpg,Low-Dirty,dirty,roboflow_dirt_det,test
e6ede654214f,Data/raw/roboflow_dirt/train/IMG_20241003_093047_311_jpg.rf.b36587e991fd41292fb6d8c8dc315337.jpg,Low-Dirty,dirty,roboflow_dirt_det,test
68fafbcbc8a5,Data/raw/roboflow_dirt/train/IMG_20241003_095151_149_jpg.rf.b33c9a44af3e1ab7be8f7c5f155a3df8.jpg,Low-Dirty,dirty,roboflow_dirt_det,test
dfd58dc0894c,Data/raw/roboflow_dirt/train/IMG_20241003_093848_700_jpg.rf.b27e91d47368e5de8339cd8feeaa5fba.jpg,Low-Dirty,dirty,roboflow_dirt_det,test
83234c5d4054,Data/raw/roboflow_dirt/train/IMG_20241003_090438_241_jpg.rf.b26d64a0c98666eac20300ad81063a11.jpg,Clean,clean,roboflow_dirt_det,test
a30bd4c13f55,Data/raw/roboflow_dirt/train/IMG_20241003_093409_207_jpg.rf.b2e62a871f30d7ca9f83d35f640c0674.jpg,High-Dirty,dirty,roboflow_dirt_det,test
c1d0062087f5,Data/raw/roboflow_dirt/train/IMG_20241003_090324_553_jpg.rf.b3120e29c74134dcc5df01ad38b634ed.jpg,Clean,clean,roboflow_dirt_det,test
1c87b3eda985,Data/raw/roboflow_dirt/train/IMG_20241003_093400_213_jpg.rf.b2347b57373685ca30f0ebff3b8ecffc.jpg,High-Dirty,dirty,roboflow_dirt_det,test
db0268f71e3b,Data/raw/roboflow_dirt/train/IMG_20241003_091052_977_jpg.rf.b3889f62908dbf8238c72a4a6b5ada9d.jpg,Clean,clean,roboflow_dirt_det,test
234b1835a994,Data/raw/roboflow_dirt/train/IMG_20241003_092254_071_jpg.rf.b3cc2383ff0c60dc7b8b7b65876cb118.jpg,High-Dirty,dirty,roboflow_dirt_det,test
d7a0b30610f1,Data/raw/roboflow_dirt/train/IMG_20241003_092550_309_jpg.rf.b38d88b02afda325a9a426d81e88b261.jpg,High-Dirty,dirty,roboflow_dirt_det,test
e93a72980740,Data/raw/roboflow_dirt/train/IMG_20241002_214915_423_jpg.rf.b385d458eb16f9538f2212cec1a50936.jpg,Clean,clean,roboflow_dirt_det,test
2b10844f6ee9,Data/raw/roboflow_dirt/train/IMG_20241003_095828_386_jpg.rf.b3f133263e18a5f969c1305695907837.jpg,Low-Dirty,dirty,roboflow_dirt_det,test
e0aa30910670,Data/raw/roboflow_dirt/train/IMG_20241003_093810_974_jpg.rf.b3af235e83855b76f2f54cc90a3689cb.jpg,Low-Dirty,dirty,roboflow_dirt_det,test
1e5f4ecd31a5,Data/raw/roboflow_dirt/train/IMG_20241003_094503_009_jpg.rf.b42d29971ad3425a0b09ebe78da7a799.jpg,Low-Dirty,dirty,roboflow_dirt_det,test
1bee3064fddc,Data/raw/roboflow_dirt/train/IMG_20241003_090227_779_jpg.rf.b4c5c8c09a0fc120c189695a09b22e9d.jpg,Clean,clean,roboflow_dirt_det,test
b9b225f6ccba,Data/raw/roboflow_dirt/train/IMG_20241003_085814_876_jpg.rf.b4ac7a23e679dda9732b50443e8302c8.jpg,Clean,clean,roboflow_dirt_det,test
c62502a54955,Data/raw/roboflow_dirt/train/IMG_20241003_092203_668_jpg.rf.b3a817eae2c87f087115ed7cc68a74a9.jpg,High-Dirty,dirty,roboflow_dirt_det,test
703565378213,Data/raw/roboflow_dirt/train/IMG_20241003_095200_717_jpg.rf.b44d3e46d0ddbf8e10bd0cd6e88e3f9b.jpg,Low-Dirty,dirty,roboflow_dirt_det,test
953b7d62701c,Data/raw/roboflow_dirt/train/IMG_20241003_090215_364_jpg.rf.b3fc1030f0251f4fe97c8ea713948b9c.jpg,Clean,clean,roboflow_dirt_det,test
f1344026bd2f,Data/raw/roboflow_dirt/train/IMG_20241003_092243_638_jpg.rf.b4d5daf96a39cc7b34f01c3029bcc67a.jpg,High-Dirty,dirty,roboflow_dirt_det,test
b23e03941927,Data/raw/roboflow_dirt/train/IMG_20241003_095151_149_jpg.rf.b4bc68dda0aa18582c5929aadbe09e58.jpg,Low-Dirty,dirty,roboflow_dirt_det,test
e6b6759fad7b,Data/raw/roboflow_dirt/train/IMG_20241003_093245_295_jpg.rf.b408f02e25be982071be3d956cfec09d.jpg,Low-Dirty,dirty,roboflow_dirt_det,test
97322171e210,Data/raw/roboflow_dirt/train/IMG_20241003_090829_149_jpg.rf.b49bb1cb8c5b5e1a37ff158e1a000637.jpg,Clean,clean,roboflow_dirt_det,test
ad2e4445ba4a,Data/raw/roboflow_dirt/train/IMG_20241003_094242_672_jpg.rf.b5b0009bcb6844a6faac09b4baa2f54d.jpg,Low-Dirty,dirty,roboflow_dirt_det,test
7cbd42b9241b,Data/raw/roboflow_dirt/train/IMG_20241003_091206_546_jpg.rf.b545707256e0fa4eb81df0b6c255bb73.jpg,Clean,clean,roboflow_dirt_det,test
b7c3e22d5b0d,Data/raw/roboflow_dirt/train/IMG_20241002_214852_883_jpg.rf.b4a009eb555b826d57ad62dad7113092.jpg,Clean,clean,roboflow_dirt_det,test
6ebe064c8f63,Data/raw/roboflow_dirt/train/IMG_20241003_090332_713_jpg.rf.b4defb84a63bac04070e82ecd724739b.jpg,Clean,clean,roboflow_dirt_det,test
6ebec3d7181e,Data/raw/roboflow_dirt/train/IMG_20241003_090055_099_jpg.rf.b55283e8ed1fe2b3057f99a393896567.jpg,Clean,clean,roboflow_dirt_det,test
a4b797763637,Data/raw/roboflow_dirt/train/IMG_20241003_090418_099_jpg.rf.b61a9d9e257b09487bb5146e7ddac272.jpg,Clean,clean,roboflow_dirt_det,test
872166dbf15a,Data/raw/roboflow_dirt/train/IMG_20241003_095606_431_jpg.rf.b58d182322c0144fb0dc9432d692e399.jpg,Low-Dirty,dirty,roboflow_dirt_det,test
1e6e9e541d58,Data/raw/roboflow_dirt/train/IMG_20241003_093738_478_jpg.rf.b63c96f592bc176aa3091f8b7187fadb.jpg,Low-Dirty,dirty,roboflow_dirt_det,test
ba1739c6916f,Data/raw/roboflow_dirt/train/IMG_20241003_091006_427_jpg.rf.b651bac303827c8501e3bdc1ea4c32f1.jpg,Clean,clean,roboflow_dirt_det,test
92a0f71cc2a7,Data/raw/roboflow_dirt/train/IMG_20241003_091545_271_jpg.rf.b64840a45d62ea0e5b3e7a343e3bc0cf.jpg,Clean,clean,roboflow_dirt_det,test
0bb50e907a90,Data/raw/roboflow_dirt/train/IMG_20241003_094328_969_jpg.rf.b7b152749c3b25e691e1542bf1f14f0f.jpg,Low-Dirty,dirty,roboflow_dirt_det,test
bc3a9de13375,Data/raw/roboflow_dirt/train/IMG_20241003_094249_068_jpg.rf.b76e553f8ef783bb7154a40e44b50344.jpg,Low-Dirty,dirty,roboflow_dirt_det,test
363363cda920,Data/raw/roboflow_dirt/train/IMG_20241003_094858_905_jpg.rf.b7435fdedadec9047aed0ca5bc84807b.jpg,Low-Dirty,dirty,roboflow_dirt_det,test
ba25b88db6b4,Data/raw/roboflow_dirt/train/IMG_20241003_091028_066_jpg.rf.b69ac2ecd9ae64811ec2a2fabda7e9c3.jpg,Clean,clean,roboflow_dirt_det,test
f3217f1e8561,Data/raw/roboflow_dirt/train/IMG_20241003_094254_522_jpg.rf.b7e100c9e4413e111a2c0aa2f647aa20.jpg,Low-Dirty,dirty,roboflow_dirt_det,test
ab2f6194859a,Data/raw/roboflow_dirt/train/IMG_20241003_093804_279_jpg.rf.b7d0223d96bc24082608de42b78d5bb7.jpg,Low-Dirty,dirty,roboflow_dirt_det,test
55d72636a803,Data/raw/roboflow_dirt/train/IMG_20241003_093825_191_jpg.rf.b8e105af10c78c943fe37a49b96fb0e6.jpg,Low-Dirty,dirty,roboflow_dirt_det,test
e3113ce26e4a,Data/raw/roboflow_dirt/train/IMG_20241003_093411_907_jpg.rf.b8b5eababd6e21005437fb718c894b79.jpg,High-Dirty,dirty,roboflow_dirt_det,test
95e85dcc9907,Data/raw/roboflow_dirt/train/IMG_20241003_090550_591_jpg.rf.b7c351c00087dc1a06fa72615ae7563a.jpg,Clean,clean,roboflow_dirt_det,test
abd455593d32,Data/raw/roboflow_dirt/train/IMG_20241003_090310_324_jpg.rf.b6b85539a5fadcd0be5acb94981462ea.jpg,Clean,clean,roboflow_dirt_det,test
df837583d347,Data/raw/roboflow_dirt/train/IMG_20241003_093707_702_jpg.rf.b762f761bd5b646f73063f189778aec4.jpg,High-Dirty,dirty,roboflow_dirt_det,test
768a19939ab3,Data/raw/roboflow_dirt/train/IMG_20241003_093403_022_jpg.rf.b8f90664c9c5d834ec23f4b8b6d2181c.jpg,High-Dirty,dirty,roboflow_dirt_det,test
035b1e398245,Data/raw/roboflow_dirt/train/IMG_20241003_093504_737_jpg.rf.b817fff683c1192905aaff576cfe32c3.jpg,High-Dirty,dirty,roboflow_dirt_det,test
7a68e8f1b778,Data/raw/roboflow_dirt/train/IMG_20241003_095056_417_jpg.rf.b8b8e11fef829a76691978715f1e8bb0.jpg,Low-Dirty,dirty,roboflow_dirt_det,test
8f8721205566,Data/raw/roboflow_dirt/train/IMG_20241003_093825_191_jpg.rf.b8fa30f82a47ee8627fcadb40e5be996.jpg,Low-Dirty,dirty,roboflow_dirt_det,test
257407438bf4,Data/raw/roboflow_dirt/train/IMG_20241002_214920_285_jpg.rf.b89ba7610f355d8077a719b4675a9f5c.jpg,Clean,clean,roboflow_dirt_det,test
bb4eec6030d9,Data/raw/roboflow_dirt/train/IMG_20241003_093423_924_jpg.rf.b8b7d4799e52619ef6b34509d185fd56.jpg,High-Dirty,dirty,roboflow_dirt_det,test
da6195ec0b1a,Data/raw/roboflow_dirt/train/IMG_20241003_093811_954_jpg.rf.b936272ab95719c924f3a161781f58cf.jpg,Low-Dirty,dirty,roboflow_dirt_det,test
16870d50a61e,Data/raw/roboflow_dirt/train/IMG_20241003_093800_747_jpg.rf.b820ec35d45d544cd4936c39cda754df.jpg,Low-Dirty,dirty,roboflow_dirt_det,test
e30901298c5b,Data/raw/roboflow_dirt/train/IMG_20241003_091100_401_jpg.rf.b7c8ff13d9abf4bd2faeffb630bf005f.jpg,Clean,clean,roboflow_dirt_det,test
d7c87e88c7e8,Data/raw/roboflow_dirt/train/IMG_20241003_095057_741_jpg.rf.b94dab8b43deea52219b28db56d0be96.jpg,Low-Dirty,dirty,roboflow_dirt_det,test
6695bcf3d405,Data/raw/roboflow_dirt/train/IMG_20241003_093531_525_jpg.rf.b992bb8c006444d036f54c4fe64fdee2.jpg,High-Dirty,dirty,roboflow_dirt_det,test
144c382d0e50,Data/raw/roboflow_dirt/train/IMG_20241003_093855_096_jpg.rf.b6c9496e5cbacb58cee0aefe7a948ec3.jpg,Low-Dirty,dirty,roboflow_dirt_det,test
75c686e53ec2,Data/raw/roboflow_dirt/train/IMG_20241003_093401_886_jpg.rf.b92097cac4bb3306f176b5bfdfc68700.jpg,High-Dirty,dirty,roboflow_dirt_det,test
6d6c8102ee92,Data/raw/roboflow_dirt/train/IMG_20241003_093843_343_jpg.rf.ba301953bdc3e70b9c442b3319097dca.jpg,Low-Dirty,dirty,roboflow_dirt_det,test
676db018b0f0,Data/raw/roboflow_dirt/train/IMG_20241003_093404_017_jpg.rf.b95195a4dad3679ede8ede8af4332684.jpg,High-Dirty,dirty,roboflow_dirt_det,test
3d281eb74503,Data/raw/roboflow_dirt/train/IMG_20241003_093519_738_jpg.rf.b939f9f00983702a09855fe629d67c5e.jpg,High-Dirty,dirty,roboflow_dirt_det,test
58c4241ad3c4,Data/raw/roboflow_dirt/train/IMG_20241003_091610_018_jpg.rf.b800877a36c1f4f71adad3cfe95094db.jpg,Clean,clean,roboflow_dirt_det,test
f6c4e9414122,Data/raw/roboflow_dirt/train/IMG_20241003_091236_105_jpg.rf.b9941b71a60d13b858723e04fff85f6a.jpg,Clean,clean,roboflow_dirt_det,test
1d68ef124e23,Data/raw/roboflow_dirt/train/IMG_20241003_093832_882_jpg.rf.ba5193d95f0d8ba91a2b8499e4308a02.jpg,Low-Dirty,dirty,roboflow_dirt_det,test
7b0cf616c1f4,Data/raw/roboflow_dirt/train/IMG_20241003_095614_349_jpg.rf.ba63ee152b21e9ccdd248ea72bb39ac0.jpg,Low-Dirty,dirty,roboflow_dirt_det,test
66ca25c90bf4,Data/raw/roboflow_dirt/train/IMG_20241003_093915_573_jpg.rf.b885b7b42ffe6383bd300f7090ea338b.jpg,Low-Dirty,dirty,roboflow_dirt_det,test
c2be2e3e9f49,Data/raw/roboflow_dirt/train/IMG_20241003_093838_339_jpg.rf.ba8b5cd47c256dfc686fa545afee9d65.jpg,Low-Dirty,dirty,roboflow_dirt_det,test
31445b8cae7b,Data/raw/roboflow_dirt/train/IMG_20241003_094330_591_jpg.rf.ba287b7032dbe5434f38b560eb0c519a.jpg,Low-Dirty,dirty,roboflow_dirt_det,test
b535a18a3f11,Data/raw/roboflow_dirt/train/IMG_20241003_095713_701_jpg.rf.b9994a22f1c53c2d669eacc21989f186.jpg,Low-Dirty,dirty,roboflow_dirt_det,test
685aeeb8a05b,Data/raw/roboflow_dirt/train/IMG_20241003_085812_783_jpg.rf.b9ad64ce971dd4589a8742126e050717.jpg,Clean,clean,roboflow_dirt_det,test
574ef0332dbd,Data/raw/roboflow_dirt/train/IMG_20241003_094251_065_jpg.rf.badd3ee0937f7a69872d630c4af9b0e5.jpg,Low-Dirty,dirty,roboflow_dirt_det,test
949cd9f36ebe,Data/raw/roboflow_dirt/train/IMG_20241003_091033_670_jpg.rf.ba0ca56367e7f07fc07f536c132598c6.jpg,Clean,clean,roboflow_dirt_det,test
f80931d5da8b,Data/raw/roboflow_dirt/train/IMG_20241003_095236_062_jpg.rf.bab03eaa3fd84865558b86ce1d709be6.jpg,Low-Dirty,dirty,roboflow_dirt_det,test
686611f599a2,Data/raw/roboflow_dirt/train/IMG_20241003_093725_196_jpg.rf.baeb994ea7175670e67ac68d824e9703.jpg,Low-Dirty,dirty,roboflow_dirt_det,test
a6e683996ba5,Data/raw/roboflow_dirt/train/IMG_20241003_095114_632_jpg.rf.baa332d552e30b6b11255c6f47080994.jpg,Low-Dirty,dirty,roboflow_dirt_det,test
0f62865f265b,Data/raw/roboflow_dirt/train/IMG_20241003_090057_556_jpg.rf.bb2ddf502c5aea60c1fe6aaa9a6fcaf6.jpg,Clean,clean,roboflow_dirt_det,test
d751eb4fbca0,Data/raw/roboflow_dirt/train/IMG_20241003_091058_842_jpg.rf.baa0b902cff718304fc287ab29fde95b.jpg,Clean,clean,roboflow_dirt_det,test
51be900826d8,Data/raw/roboflow_dirt/train/IMG_20241003_095606_431_jpg.rf.ba861541d2ffe8baa5a6330846c7ed20.jpg,Low-Dirty,dirty,roboflow_dirt_det,test
87bb04dca7fb,Data/raw/roboflow_dirt/train/IMG_20241003_092626_837_jpg.rf.ba7616cd4374e3f8918d1eec0274309a.jpg,Low-Dirty,dirty,roboflow_dirt_det,test
4592b350a810,Data/raw/roboflow_dirt/train/IMG_20241003_090324_553_jpg.rf.bb2da4e469f3228857ad47c97be53b90.jpg,Clean,clean,roboflow_dirt_det,test
eab3cd0bd983,Data/raw/roboflow_dirt/train/IMG_20241003_093436_943_jpg.rf.bb1b9bb127e9c6d151d8c7715acac24f.jpg,High-Dirty,dirty,roboflow_dirt_det,test
f359d42651be,Data/raw/roboflow_dirt/train/IMG_20241003_093251_443_jpg.rf.bb4d383a91bbe41dd202fde3269346cc.jpg,Low-Dirty,dirty,roboflow_dirt_det,test
cc2cea2fd5f4,Data/raw/roboflow_dirt/train/IMG_20241003_095245_425_jpg.rf.baffb0bd116e1827b4f9fe44a6178e6f.jpg,Low-Dirty,dirty,roboflow_dirt_det,test
470d70fc648f,Data/raw/roboflow_dirt/train/IMG_20241003_094702_752_jpg.rf.bb22940a3262cc107da7ff81aa7a1a9e.jpg,Low-Dirty,dirty,roboflow_dirt_det,test
4f931e9ce16c,Data/raw/roboflow_dirt/train/IMG_20241003_093627_238_jpg.rf.bcca3661fee5a2b93658c873a40a8608.jpg,High-Dirty,dirty,roboflow_dirt_det,test
4f95167ccc9f,Data/raw/roboflow_dirt/train/IMG_20241003_095250_310_jpg.rf.bcd88bea40a31f536341fabdb1f51677.jpg,Low-Dirty,dirty,roboflow_dirt_det,test
c92b58b1999d,Data/raw/roboflow_dirt/train/IMG_20241003_090908_105_jpg.rf.bcfa80944ac3c36f14a855a06e7c3437.jpg,Clean,clean,roboflow_dirt_det,test
e94eaad08927,Data/raw/roboflow_dirt/train/IMG_20241003_093400_213_jpg.rf.bb6e3430658439de640afd6630415a9f.jpg,High-Dirty,dirty,roboflow_dirt_det,test
498f84dbfa3e,Data/raw/roboflow_dirt/train/IMG_20241003_091355_338_jpg.rf.bc2f1bb7b03e4de27292f32437f27adf.jpg,Clean,clean,roboflow_dirt_det,test
166da25e5c09,Data/raw/roboflow_dirt/train/IMG_20241003_092414_668_jpg.rf.bb95f1471189e6d809b90ccc280084cc.jpg,High-Dirty,dirty,roboflow_dirt_det,test
87ff0a62e174,Data/raw/roboflow_dirt/train/IMG_20241003_093423_028_jpg.rf.bd71480e3137e0de9bf983e67dad76d2.jpg,High-Dirty,dirty,roboflow_dirt_det,test
4f6f2592f47c,Data/raw/roboflow_dirt/train/IMG_20241003_085948_142_jpg.rf.bcca2869df163ab445905170502b25ca.jpg,Clean,clean,roboflow_dirt_det,test
ef62f8fe4d3e,Data/raw/roboflow_dirt/train/IMG_20241003_091522_386_jpg.rf.be0981044b51dfb68561f3a06f5882b0.jpg,Clean,clean,roboflow_dirt_det,test
4d5372cf1eff,Data/raw/roboflow_dirt/train/IMG_20241003_090908_105_jpg.rf.bd9a1d8d39e705be4fc04a1f73eaac46.jpg,Clean,clean,roboflow_dirt_det,test
e2e2009aa41a,Data/raw/roboflow_dirt/train/IMG_20241003_094916_814_jpg.rf.bc6b2a8cb8a831d1e0f62260b2341f2e.jpg,Low-Dirty,dirty,roboflow_dirt_det,test
10ef89640b7f,Data/raw/roboflow_dirt/train/IMG_20241003_090319_024_jpg.rf.bc34fd2d7724576dfa0476adb6ce4cab.jpg,Clean,clean,roboflow_dirt_det,test
077c5033e33b,Data/raw/roboflow_dirt/train/IMG_20241003_093723_493_jpg.rf.bc05d1d0f3803f33c03b1a2951a49b2a.jpg,Low-Dirty,dirty,roboflow_dirt_det,test
e8ef3c126254,Data/raw/roboflow_dirt/train/IMG_20241003_094232_185_jpg.rf.be28d67df573fd48c9e676bf6851ea5c.jpg,Low-Dirty,dirty,roboflow_dirt_det,test
5930646ace5a,Data/raw/roboflow_dirt/train/IMG_20241003_093724_084_jpg.rf.be0affa111d186156437f42519d43e48.jpg,Low-Dirty,dirty,roboflow_dirt_det,test
71da422d1162,Data/raw/roboflow_dirt/train/IMG_20241003_093855_096_jpg.rf.be16054b9cb06c833f801c7b52e48ad6.jpg,Low-Dirty,dirty,roboflow_dirt_det,test
4e5ce054c908,Data/raw/roboflow_dirt/train/IMG_20241003_090551_177_jpg.rf.bc6053ce8b97286e700bbbcf6de60c6d.jpg,Clean,clean,roboflow_dirt_det,test
10c18a885f08,Data/raw/roboflow_dirt/train/IMG_20241003_094307_316_jpg.rf.bd20beb19926d843eb7aaa495cd175c2.jpg,Low-Dirty,dirty,roboflow_dirt_det,test
92bb3dd68fd3,Data/raw/roboflow_dirt/train/IMG_20241003_094442_174_jpg.rf.be362dbfdbacb1a0b1247a0481397f31.jpg,Low-Dirty,dirty,roboflow_dirt_det,test
96218e243485,Data/raw/roboflow_dirt/train/IMG_20241003_093422_026_jpg.rf.bc9e83b107b0bc29b22c82a203aa7c80.jpg,High-Dirty,dirty,roboflow_dirt_det,test
a7808a381cff,Data/raw/roboflow_dirt/train/IMG_20241003_085937_533_jpg.rf.bda8fbdca6288107c7a963c914b25653.jpg,Clean,clean,roboflow_dirt_det,test
7494298355b4,Data/raw/roboflow_dirt/train/IMG_20241003_094336_913_jpg.rf.be1135cf98dea4bc1a39e600d22c4c0b.jpg,Low-Dirty,dirty,roboflow_dirt_det,test
d0676d94d3a2,Data/raw/roboflow_dirt/train/IMG_20241003_093725_702_jpg.rf.bece70ea4fc9670bdc5bb5a81899c6d1.jpg,Low-Dirty,dirty,roboflow_dirt_det,test
40126239368c,Data/raw/roboflow_dirt/train/IMG_20241003_090647_853_jpg.rf.bd521ec0779c12ce4b4fc60bfaee60cc.jpg,Clean,clean,roboflow_dirt_det,test
93e961396e76,Data/raw/roboflow_dirt/train/IMG_20241003_093830_726_jpg.rf.bcdb05c7cd1fc5fc40bcfcf01c6fa886.jpg,Low-Dirty,dirty,roboflow_dirt_det,test
5ab6a6400bbb,Data/raw/roboflow_dirt/train/IMG_20241003_094815_285_jpg.rf.bf12cacf673c05e4a0385062f5b8c2e6.jpg,Low-Dirty,dirty,roboflow_dirt_det,test
36932c976090,Data/raw/roboflow_dirt/train/IMG_20241003_090028_356_jpg.rf.be9f8527112e864e398ee661a7e790c7.jpg,Clean,clean,roboflow_dirt_det,test
0de17cb40e06,Data/raw/roboflow_dirt/train/IMG_20241003_090553_227_jpg.rf.bea86d3befb81169a6f6d0e62f9a9e08.jpg,Clean,clean,roboflow_dirt_det,test
fa9c7f80337e,Data/raw/roboflow_dirt/train/IMG_20241003_094515_803_jpg.rf.be98a59334dcd3af447a3342fbeb2be7.jpg,Low-Dirty,dirty,roboflow_dirt_det,test
7b62aebaf86b,Data/raw/roboflow_dirt/train/IMG_20241003_090616_086_jpg.rf.beb9d4b6e0b1fa4db634d4b6dd6bc330.jpg,Clean,clean,roboflow_dirt_det,test
148d8a8fc9fd,Data/raw/roboflow_dirt/train/IMG_20241003_093505_197_jpg.rf.bef485a4236e9dbd14e632932c9cea05.jpg,High-Dirty,dirty,roboflow_dirt_det,test
cf4063bed6c2,Data/raw/roboflow_dirt/train/IMG_20241003_093846_548_jpg.rf.bf1bf9594185fa3df6efec7b0afbce9f.jpg,Low-Dirty,dirty,roboflow_dirt_det,test
10f35b52e15d,Data/raw/roboflow_dirt/train/IMG_20241003_092624_179_jpg.rf.bfcb29ade7ccaa57f6adc6585b0fa496.jpg,Low-Dirty,dirty,roboflow_dirt_det,test
c288c0583a63,Data/raw/roboflow_dirt/train/IMG_20241003_085840_721_jpg.rf.c0059c5766b2669ba7e9bcf7443c3194.jpg,Clean,clean,roboflow_dirt_det,test
8efb1a338460,Data/raw/roboflow_dirt/train/IMG_20241003_093550_482_jpg.rf.c044984ff15c5d28fe6d202a0e251bad.jpg,High-Dirty,dirty,roboflow_dirt_det,test
d9862a5afd78,Data/raw/roboflow_dirt/train/IMG_20241003_093735_220_jpg.rf.bfcda4f2240df11f5d788668b50e5df5.jpg,Low-Dirty,dirty,roboflow_dirt_det,test
131c03dd1aaf,Data/raw/roboflow_dirt/train/IMG_20241003_085838_220_jpg.rf.c176038903ac4a8cccbe6b817619d8a3.jpg,Clean,clean,roboflow_dirt_det,test
440c5936c635,Data/raw/roboflow_dirt/train/IMG_20241003_094705_887_jpg.rf.c1aff4319bf353fb7e98618358c80169.jpg,Low-Dirty,dirty,roboflow_dirt_det,test
b22d4c60ee4a,Data/raw/roboflow_dirt/train/IMG_20241003_093818_198_jpg.rf.c134fbcc6b859b76c3438fe725db41dd.jpg,Low-Dirty,dirty,roboflow_dirt_det,test
196f5523bf5d,Data/raw/roboflow_dirt/train/IMG_20241003_091447_617_jpg.rf.c1c93ee987756b78582033e6ae46a75f.jpg,Clean,clean,roboflow_dirt_det,test
9511c1ef0447,Data/raw/roboflow_dirt/train/IMG_20241003_090232_685_jpg.rf.c07908883fb145cb575ff16d81855211.jpg,Clean,clean,roboflow_dirt_det,test
31fb4e5d1361,Data/raw/roboflow_dirt/train/IMG_20241003_093414_065_jpg.rf.c25b4db5ed93c7398c6cc7286fa0618e.jpg,High-Dirty,dirty,roboflow_dirt_det,test
d1fa24476a93,Data/raw/roboflow_dirt/train/IMG_20241003_093637_156_jpg.rf.c1559f302602b06683a8cb272ecc8f57.jpg,High-Dirty,dirty,roboflow_dirt_det,test
1d1f2654c800,Data/raw/roboflow_dirt/train/IMG_20241003_093019_302_jpg.rf.c2b4e83140e46a756769e438c760451f.jpg,Low-Dirty,dirty,roboflow_dirt_det,test
8abd1da26739,Data/raw/roboflow_dirt/train/IMG_20241003_090215_364_jpg.rf.c279be1544c74cdffb40a9528bf23eeb.jpg,Clean,clean,roboflow_dirt_det,test
2c21370b308a,Data/raw/roboflow_dirt/train/IMG_20241003_095240_533_jpg.rf.bfd46152845dc62fa362c814e30dac14.jpg,Low-Dirty,dirty,roboflow_dirt_det,test
b0607a150c0e,Data/raw/roboflow_dirt/train/IMG_20241003_094821_667_jpg.rf.c27244e33af77e84f18c46da43f49e33.jpg,Low-Dirty,dirty,roboflow_dirt_det,test
f5831fafa897,Data/raw/roboflow_dirt/train/IMG_20241003_094333_361_jpg.rf.c109486ce01429a156e635b01ae6bc4d.jpg,Low-Dirty,dirty,roboflow_dirt_det,test
a955d705777a,Data/raw/roboflow_dirt/train/IMG_20241003_091400_163_jpg.rf.c1bdbbca31fee5770057b0c4d68494bd.jpg,Clean,clean,roboflow_dirt_det,test
a3633810b877,Data/raw/roboflow_dirt/train/IMG_20241003_094234_103_jpg.rf.c239b8148ff3ce47cfad08e1c1c05ed8.jpg,Low-Dirty,dirty,roboflow_dirt_det,test
c369d4d5d230,Data/raw/roboflow_dirt/train/IMG_20241003_094815_285_jpg.rf.c04bbd40ad30073d338051ffcf57c6cf.jpg,Low-Dirty,dirty,roboflow_dirt_det,test
e4bb667beb28,Data/raw/roboflow_dirt/train/IMG_20241003_093426_720_jpg.rf.bfa20b3c7c5ac15c0b8de561ffe43285.jpg,High-Dirty,dirty,roboflow_dirt_det,test
a60bdf80b96b,Data/raw/roboflow_dirt/train/IMG_20241003_094506_826_jpg.rf.c23641123c50760dfdd4e4c60002a56b.jpg,Low-Dirty,dirty,roboflow_dirt_det,test
7147a0f7577a,Data/raw/roboflow_dirt/train/IMG_20241003_093354_574_jpg.rf.c2bbee5f222300b83e88d2d60e252da8.jpg,High-Dirty,dirty,roboflow_dirt_det,test
7267fd609138,Data/raw/roboflow_dirt/train/IMG_20241003_093853_336_jpg.rf.c1921fb014a224f822ce0b07068b9a88.jpg,Low-Dirty,dirty,roboflow_dirt_det,test
a6f4f2ef1c00,Data/raw/roboflow_dirt/train/IMG_20241003_093015_746_jpg.rf.c06bce6e81bf8c6fd858a394faf23b69.jpg,Low-Dirty,dirty,roboflow_dirt_det,test
b3e1ac28021b,Data/raw/roboflow_dirt/train/IMG_20241003_093837_039_jpg.rf.c1b93f33d9348ed3dc958b7bcb398f7e.jpg,Low-Dirty,dirty,roboflow_dirt_det,test
37e5f3d153e6,Data/raw/roboflow_dirt/train/IMG_20241003_093804_279_jpg.rf.c2dba795e99bda596b9cbcea4990091c.jpg,Low-Dirty,dirty,roboflow_dirt_det,test
50e5af874c22,Data/raw/roboflow_dirt/train/IMG_20241003_093855_363_jpg.rf.c2c304d7a57f0199ddbfd141e55d593c.jpg,Low-Dirty,dirty,roboflow_dirt_det,test
c9f01985a0b7,Data/raw/roboflow_dirt/train/IMG_20241003_095721_825_jpg.rf.c2e32adb24646152eef3650a1c81a0e8.jpg,Low-Dirty,dirty,roboflow_dirt_det,test
34ed1a970a7b,Data/raw/roboflow_dirt/train/IMG_20241003_094820_065_jpg.rf.c368e4e7d262b7a21ed2feb0446840f2.jpg,Low-Dirty,dirty,roboflow_dirt_det,test
09bceb3d9245,Data/raw/roboflow_dirt/train/IMG_20241003_094946_085_jpg.rf.c49f01721c2e2ed2e5e109183e1af87a.jpg,Low-Dirty,dirty,roboflow_dirt_det,test
e36755865a03,Data/raw/roboflow_dirt/train/IMG_20241003_091211_089_jpg.rf.c3be8334db69d0cb4cfa903d22a6e1ef.jpg,Clean,clean,roboflow_dirt_det,test
2d985a74f7f3,Data/raw/roboflow_dirt/train/IMG_20241003_092432_127_jpg.rf.c3ee1db66e7e74b1bba6a3e674e8ca19.jpg,High-Dirty,dirty,roboflow_dirt_det,test
44cdf9a7511f,Data/raw/roboflow_dirt/train/IMG_20241003_093756_691_jpg.rf.c44e5d6d67ce617932c65b90c9130473.jpg,Low-Dirty,dirty,roboflow_dirt_det,test
edabdd7f72c5,Data/raw/roboflow_dirt/train/IMG_20241003_093811_638_jpg.rf.c494521dd4f420c290208a7406892bd2.jpg,Low-Dirty,dirty,roboflow_dirt_det,test
e07fbc5c938e,Data/raw/roboflow_dirt/train/IMG_20241003_090105_619_jpg.rf.c462dcf6f2fb370a66af376bedbd8615.jpg,Clean,clean,roboflow_dirt_det,test
bc243a3c58eb,Data/raw/roboflow_dirt/train/IMG_20241003_095801_143_jpg.rf.c47c2e3c6ea1f66e79069fae48c88ad3.jpg,Low-Dirty,dirty,roboflow_dirt_det,test
4b7a80f45f1a,Data/raw/roboflow_dirt/train/IMG_20241003_094926_948_jpg.rf.c47aed2dd152b15e2d95f6cf4c97ccd2.jpg,Low-Dirty,dirty,roboflow_dirt_det,test
96878f9da349,Data/raw/roboflow_dirt/train/IMG_20241003_094916_814_jpg.rf.c431b7d8dd1c031a7cb8422c20d8ca95.jpg,Low-Dirty,dirty,roboflow_dirt_det,test
de9a74a15af4,Data/raw/roboflow_dirt/train/IMG_20241003_093915_038_jpg.rf.c4e64d32cb7c9a4f74c9c39986dbe7d1.jpg,Low-Dirty,dirty,roboflow_dirt_det,test
5023047c1c12,Data/raw/roboflow_dirt/train/IMG_20241003_095133_937_jpg.rf.c452dfe02a2d530e2c6032d971054c6f.jpg,Low-Dirty,dirty,roboflow_dirt_det,test
e7e591717bea,Data/raw/roboflow_dirt/train/IMG_20241003_093924_335_jpg.rf.c3d22cdbeb1be249602118a4bf89fcdd.jpg,Low-Dirty,dirty,roboflow_dirt_det,test
879bc7124771,Data/raw/roboflow_dirt/train/IMG_20241003_094237_848_jpg.rf.c5059f50c251a4bf6f5f7da3672cfd6f.jpg,Low-Dirty,dirty,roboflow_dirt_det,test
bfb967dfd0be,Data/raw/roboflow_dirt/train/IMG_20241003_095121_848_jpg.rf.c48a7ecf1571877c307a171898906fb8.jpg,Low-Dirty,dirty,roboflow_dirt_det,test
24b9c6dfcc12,Data/raw/roboflow_dirt/train/IMG_20241003_094336_913_jpg.rf.c3d7b24e8306bae66652414b558f61ae.jpg,Low-Dirty,dirty,roboflow_dirt_det,test
4d66484264d2,Data/raw/roboflow_dirt/train/IMG_20241003_090004_828_jpg.rf.c489e489224b0cebbb2efd70fad6acc6.jpg,Clean,clean,roboflow_dirt_det,test
c1b45fa07f87,Data/raw/roboflow_dirt/train/IMG_20241003_093607_396_jpg.rf.c3b928f5cf18f7833dd4182a733771f3.jpg,High-Dirty,dirty,roboflow_dirt_det,test
36d7e6b0f78b,Data/raw/roboflow_dirt/train/IMG_20241003_095200_717_jpg.rf.c39180b6858d430a84865bebf07ef999.jpg,Low-Dirty,dirty,roboflow_dirt_det,test
c95c7cba6758,Data/raw/roboflow_dirt/train/IMG_20241003_093809_721_jpg.rf.c3d8342598172cc361e9f2945bb46684.jpg,Low-Dirty,dirty,roboflow_dirt_det,test
854f123df205,Data/raw/roboflow_dirt/train/IMG_20241003_093722_348_jpg.rf.c3ba3dd194ee057de5728843046797d9.jpg,Low-Dirty,dirty,roboflow_dirt_det,test
45ec8caccb5c,Data/raw/roboflow_dirt/train/IMG_20241003_093722_348_jpg.rf.c465491378c18b1a6755e451bb3dc996.jpg,Low-Dirty,dirty,roboflow_dirt_det,test
5160fc7f69d5,Data/raw/roboflow_dirt/train/IMG_20241003_094853_324_jpg.rf.c50469d9b4331acbeb10278645b2dd61.jpg,Low-Dirty,dirty,roboflow_dirt_det,test
37d6f535b8c0,Data/raw/roboflow_dirt/train/IMG_20241003_094325_028_jpg.rf.c4eb5d2202e42f8416790aacaa54bcdb.jpg,Low-Dirty,dirty,roboflow_dirt_det,test
86ff9f02f296,Data/raw/roboflow_dirt/train/IMG_20241003_093840_468_jpg.rf.c58917552f514f6f854e3b19b83346cc.jpg,Low-Dirty,dirty,roboflow_dirt_det,test
fc4e895a1601,Data/raw/roboflow_dirt/train/IMG_20241003_093815_993_jpg.rf.c56682a7b2e4a69d348ca1bc73513dd4.jpg,Low-Dirty,dirty,roboflow_dirt_det,test
2510e041c7c3,Data/raw/roboflow_dirt/train/IMG_20241003_092315_843_jpg.rf.c54e2f691e343109d4400e43bccec7cc.jpg,High-Dirty,dirty,roboflow_dirt_det,test
29e473caa97b,Data/raw/roboflow_dirt/train/IMG_20241003_093811_954_jpg.rf.c519823a63d8618780e1e990fa5160bc.jpg,Low-Dirty,dirty,roboflow_dirt_det,test
902c9a4ced23,Data/raw/roboflow_dirt/train/IMG_20241003_085850_019_jpg.rf.c552f082aa4045346eafdfed74bbce0c.jpg,Clean,clean,roboflow_dirt_det,test
bab30973885b,Data/raw/roboflow_dirt/train/IMG_20241003_094329_731_jpg.rf.c54145cb9000cbc12798795a2fa6a870.jpg,Low-Dirty,dirty,roboflow_dirt_det,test
3aa90b4f20dd,Data/raw/roboflow_dirt/train/IMG_20241003_090728_530_jpg.rf.c58ac67e2136cfbcc25fbd54cd0c7234.jpg,Clean,clean,roboflow_dirt_det,test
1bf82579aea7,Data/raw/roboflow_dirt/train/IMG_20241003_090438_241_jpg.rf.c6e7f506eabbc88dc9fe7b9f4f7d6acb.jpg,Clean,clean,roboflow_dirt_det,test
715e3823d767,Data/raw/roboflow_dirt/train/IMG_20241003_094234_573_jpg.rf.c5e0a5620ebd3f596d175c45a72efd0c.jpg,Low-Dirty,dirty,roboflow_dirt_det,test
8d5347a0e5e7,Data/raw/roboflow_dirt/train/IMG_20241003_094237_848_jpg.rf.c6d455cf50352ed5b6718edd5a1ae978.jpg,Low-Dirty,dirty,roboflow_dirt_det,test
cbc186a83f18,Data/raw/roboflow_dirt/train/IMG_20241003_093812_538_jpg.rf.c7490cdf95cce726477801f61f52c502.jpg,Low-Dirty,dirty,roboflow_dirt_det,test
0a2052563fcc,Data/raw/roboflow_dirt/train/IMG_20241003_093820_932_jpg.rf.c70fcca03e6c2fa316da7c133775f981.jpg,Low-Dirty,dirty,roboflow_dirt_det,test
4140e1a5b5d9,Data/raw/roboflow_dirt/train/IMG_20241003_093853_336_jpg.rf.c6a2f10f76205f72d0a9ae9df6e22960.jpg,Low-Dirty,dirty,roboflow_dirt_det,test
cbb9c1d1c22b,Data/raw/roboflow_dirt/train/IMG_20241003_094234_103_jpg.rf.c75828022e8ff5da8092de0ca021baeb.jpg,Low-Dirty,dirty,roboflow_dirt_det,test
eb26d30ce632,Data/raw/roboflow_dirt/train/IMG_20241003_090252_094_jpg.rf.c69cae6856060dbb238b965517a81ebb.jpg,Clean,clean,roboflow_dirt_det,test
a1949555ff74,Data/raw/roboflow_dirt/train/IMG_20241003_095130_374_jpg.rf.c63c720da5f4bd43be92ee7bd582ecee.jpg,Low-Dirty,dirty,roboflow_dirt_det,test
ddd603ee6df7,Data/raw/roboflow_dirt/train/IMG_20241003_094254_522_jpg.rf.c5f2a17f16c0751e96f2d30c6c2bda4a.jpg,Low-Dirty,dirty,roboflow_dirt_det,test
6fd001aee374,Data/raw/roboflow_dirt/train/IMG_20241003_094332_140_jpg.rf.c6715a7e95f08bbb23a06f0351ee28c2.jpg,Low-Dirty,dirty,roboflow_dirt_det,test
d781019058da,Data/raw/roboflow_dirt/train/IMG_20241003_093407_191_jpg.rf.c56e90c667958ef308428488ba3fc0f6.jpg,High-Dirty,dirty,roboflow_dirt_det,test
661a904a1866,Data/raw/roboflow_dirt/train/IMG_20241003_095119_759_jpg.rf.c5d6bd00ed6b91dbebc67df4ad546282.jpg,Low-Dirty,dirty,roboflow_dirt_det,test
aaff987880a1,Data/raw/roboflow_dirt/train/IMG_20241003_094322_843_jpg.rf.c60bec5e24c2d38a784e846c1e3415e9.jpg,Low-Dirty,dirty,roboflow_dirt_det,test
5bb5fc88635b,Data/raw/roboflow_dirt/train/IMG_20241003_094450_392_jpg.rf.c74cce40bf1a7f7e20f61116e5de6aad.jpg,Low-Dirty,dirty,roboflow_dirt_det,test
914b43c379b4,Data/raw/roboflow_dirt/train/IMG_20241003_094503_009_jpg.rf.c6f30a2143076f57a10ccc4324c5c0d6.jpg,Low-Dirty,dirty,roboflow_dirt_det,test
3edd6763de24,Data/raw/roboflow_dirt/train/IMG_20241003_093853_761_jpg.rf.c630a04f65596b3eb3000ed6fadb9328.jpg,Low-Dirty,dirty,roboflow_dirt_det,test
456e3cee3513,Data/raw/roboflow_dirt/train/IMG_20241003_093425_300_jpg.rf.c555902929eb4cbb2b4aa0c4cc61058e.jpg,High-Dirty,dirty,roboflow_dirt_det,test
012f81b40fe4,Data/raw/roboflow_dirt/train/IMG_20241003_093800_747_jpg.rf.c814ad3e521f16d6c594f56e77b1cdb4.jpg,Low-Dirty,dirty,roboflow_dirt_det,test
aaf1ec6fdc20,Data/raw/roboflow_dirt/train/IMG_20241003_094830_890_jpg.rf.c7ec593e42e80b1a93a8b32bbf36a783.jpg,Low-Dirty,dirty,roboflow_dirt_det,test
569a68f36e73,Data/raw/roboflow_dirt/train/IMG_20241003_095138_267_jpg.rf.c799cc743b3c8f638b879bd80c7c9aaa.jpg,Low-Dirty,dirty,roboflow_dirt_det,test
bad0707a0a2b,Data/raw/roboflow_dirt/train/IMG_20241003_094657_036_jpg.rf.c7a8eeaf84d7cf64ed9728c712fa39fb.jpg,Low-Dirty,dirty,roboflow_dirt_det,test
9b819a6e18ba,Data/raw/roboflow_dirt/train/IMG_20241003_095139_755_jpg.rf.c7a0ec9647a561fc212eb5a1bd226074.jpg,Low-Dirty,dirty,roboflow_dirt_det,test
a626e0586ffa,Data/raw/roboflow_dirt/train/IMG_20241003_095054_810_jpg.rf.c8058e800652eac55dfa66bac0643f67.jpg,Low-Dirty,dirty,roboflow_dirt_det,test
4219552a37fc,Data/raw/roboflow_dirt/train/IMG_20241003_093403_436_jpg.rf.c88e68464328b59c4456f13eb92b1f76.jpg,High-Dirty,dirty,roboflow_dirt_det,test
cca3574b8b9b,Data/raw/roboflow_dirt/train/IMG_20241003_094818_492_jpg.rf.c91a6970a63e5fc8d784cff1a3766da3.jpg,Low-Dirty,dirty,roboflow_dirt_det,test
53e6dae59faf,Data/raw/roboflow_dirt/train/IMG_20241003_093416_608_jpg.rf.c8a8c8a61a0b4616f56b3bd240f39cf3.jpg,High-Dirty,dirty,roboflow_dirt_det,test
fef8ec77873d,Data/raw/roboflow_dirt/train/IMG_20241003_090138_745_jpg.rf.c8e3872a4064f6e62bebc87e4e2fe65b.jpg,Clean,clean,roboflow_dirt_det,test
43c553f795d3,Data/raw/roboflow_dirt/train/IMG_20241003_095404_946_jpg.rf.c8c5ef188dd0f06b085b7ef9ea3fd8fb.jpg,Low-Dirty,dirty,roboflow_dirt_det,test
a593569addb4,Data/raw/roboflow_dirt/train/IMG_20241003_093721_110_jpg.rf.ca28c37d9cc28fefa7b82180c4c01294.jpg,Low-Dirty,dirty,roboflow_dirt_det,test
b12e7fa856f6,Data/raw/roboflow_dirt/train/IMG_20241003_085906_798_jpg.rf.c96c3aa74b4269763edbc86832a9d58d.jpg,Clean,clean,roboflow_dirt_det,test
450584379245,Data/raw/roboflow_dirt/train/IMG_20241003_091400_163_jpg.rf.c9ffce8afb3a8322135d5bd6eed6e6c2.jpg,Clean,clean,roboflow_dirt_det,test
683c2619cd48,Data/raw/roboflow_dirt/train/IMG_20241002_214849_430_jpg.rf.c943c399edff05ef555912458c933da7.jpg,Clean,clean,roboflow_dirt_det,test
53f439994e0d,Data/raw/roboflow_dirt/train/IMG_20241003_094247_031_jpg.rf.ca1a92aa22d737ad062da3a218b68687.jpg,Low-Dirty,dirty,roboflow_dirt_det,test
88bb914a9eb4,Data/raw/roboflow_dirt/train/IMG_20241003_095245_425_jpg.rf.c86d8c9605b9285fb41370ca42c5466f.jpg,Low-Dirty,dirty,roboflow_dirt_det,test
841e2de3cf33,Data/raw/roboflow_dirt/train/IMG_20241003_093813_684_jpg.rf.ca32a50d549d6130d4285c5051e87198.jpg,Low-Dirty,dirty,roboflow_dirt_det,test
d139361cb7d3,Data/raw/roboflow_dirt/train/IMG_20241003_090300_273_jpg.rf.ca23919aff8d7582548c2fb965c5e529.jpg,Clean,clean,roboflow_dirt_det,test
addc665f415c,Data/raw/roboflow_dirt/train/IMG_20241003_090004_828_jpg.rf.c95c3f5b55b3e54bd57bc005379eecbc.jpg,Clean,clean,roboflow_dirt_det,test
afb8c327d1e3,Data/raw/roboflow_dirt/train/IMG_20241003_095151_149_jpg.rf.c932dfaa391548d3ec0ff256725a2ed6.jpg,Low-Dirty,dirty,roboflow_dirt_det,test
ceb80cb4022d,Data/raw/roboflow_dirt/train/IMG_20241003_093915_038_jpg.rf.c97c1e296e2c16e241f400574b548421.jpg,Low-Dirty,dirty,roboflow_dirt_det,test
1971360146fe,Data/raw/roboflow_dirt/train/IMG_20241003_092543_186_jpg.rf.c8319000b5c15530add5bdb463fd8994.jpg,High-Dirty,dirty,roboflow_dirt_det,test
e7ebc1da3c58,Data/raw/roboflow_dirt/train/IMG_20241003_095454_112_jpg.rf.c9284f1ecee68a76f81820852218e67d.jpg,Low-Dirty,dirty,roboflow_dirt_det,test
722e5c98b2e9,Data/raw/roboflow_dirt/train/IMG_20241003_093358_577_jpg.rf.ca599241725b3dac13ae4a571edec144.jpg,High-Dirty,dirty,roboflow_dirt_det,test
50f48862a54f,Data/raw/roboflow_dirt/train/IMG_20241003_094237_848_jpg.rf.c908cc31432e2e08e4518c789decbf7e.jpg,Low-Dirty,dirty,roboflow_dirt_det,test
22d747257559,Data/raw/roboflow_dirt/train/IMG_20241003_093830_726_jpg.rf.ca2de6345242473d314bc0d1001152c9.jpg,Low-Dirty,dirty,roboflow_dirt_det,test
5b5aff8ad30b,Data/raw/roboflow_dirt/train/IMG_20241003_093832_474_jpg.rf.c99c0ccf7758664f5e2aff60b27f2dd7.jpg,Low-Dirty,dirty,roboflow_dirt_det,test
b5b6cc450cc9,Data/raw/roboflow_dirt/train/IMG_20241003_094303_233_jpg.rf.c932a3d739b181b43b75abb891ddd53a.jpg,Low-Dirty,dirty,roboflow_dirt_det,test
b4fa994d35bc,Data/raw/roboflow_dirt/train/IMG_20241003_093354_835_jpg.rf.ca64fa55c9e1aa89db5ce3633ba797ff.jpg,High-Dirty,dirty,roboflow_dirt_det,test
cdd48e3b67af,Data/raw/roboflow_dirt/train/IMG_20241003_093043_241_jpg.rf.ca5d64898ff6bc51796c93117be07099.jpg,Low-Dirty,dirty,roboflow_dirt_det,test
612bff5f8c88,Data/raw/roboflow_dirt/train/IMG_20241003_094246_635_jpg.rf.c94b61929a26d47da5a1dad75f4ca97c.jpg,Low-Dirty,dirty,roboflow_dirt_det,test
9fa5422fcc38,Data/raw/roboflow_dirt/train/IMG_20241003_093403_022_jpg.rf.cbaff83d936b849d6db6dc8d4e5357cd.jpg,High-Dirty,dirty,roboflow_dirt_det,test
ce693a46f018,Data/raw/roboflow_dirt/train/IMG_20241003_093915_038_jpg.rf.cb8550063e3b4cf52ba50f4e43d2d4c5.jpg,Low-Dirty,dirty,roboflow_dirt_det,test
c4762c5659b5,Data/raw/roboflow_dirt/train/IMG_20241003_093354_574_jpg.rf.ca8d1df6386ea8cf5c13cc7aca893cf1.jpg,High-Dirty,dirty,roboflow_dirt_det,test
cf1191e76e33,Data/raw/roboflow_dirt/train/IMG_20241003_093828_807_jpg.rf.cb9fb58690e249a1480f3ebff147b7c5.jpg,Low-Dirty,dirty,roboflow_dirt_det,test
a6b9bc6442ee,Data/raw/roboflow_dirt/train/IMG_20241003_094853_324_jpg.rf.ca95e65b1c31de16dca43c2ecd7af0c9.jpg,Low-Dirty,dirty,roboflow_dirt_det,test
9c77334f98d6,Data/raw/roboflow_dirt/train/IMG_20241003_090350_074_jpg.rf.cb71e90cde3279e8204262a8998466a4.jpg,Clean,clean,roboflow_dirt_det,test
76c07d8d2060,Data/raw/roboflow_dirt/train/IMG_20241003_093811_954_jpg.rf.cc87c889a8e30589d9ea96f1ed492108.jpg,Low-Dirty,dirty,roboflow_dirt_det,test
a05443a2cbd6,Data/raw/roboflow_dirt/train/IMG_20241003_093423_028_jpg.rf.cd25d4af8dab902bbcbb3894cbe37381.jpg,High-Dirty,dirty,roboflow_dirt_det,test
7b62a28ca73a,Data/raw/roboflow_dirt/train/IMG_20241003_090634_523_jpg.rf.cb7299c9813c27ad241fef23659e7d13.jpg,Clean,clean,roboflow_dirt_det,test
769b17166794,Data/raw/roboflow_dirt/train/IMG_20241003_094820_065_jpg.rf.cab84ab0eeda85e540e3283926509233.jpg,Low-Dirty,dirty,roboflow_dirt_det,test
a382daa059ae,Data/raw/roboflow_dirt/train/IMG_20241003_094724_229_jpg.rf.cacdbf77d90fca2e3cd647d14cb3fcc5.jpg,Low-Dirty,dirty,roboflow_dirt_det,test
337e3f136e97,Data/raw/roboflow_dirt/train/IMG_20241003_093806_115_jpg.rf.cb3962dc1a94b5ae5083946e8ed00281.jpg,Low-Dirty,dirty,roboflow_dirt_det,test
6b890169950a,Data/raw/roboflow_dirt/train/IMG_20241003_094459_089_jpg.rf.cc11a93ad6083b1738adc3230764a427.jpg,Low-Dirty,dirty,roboflow_dirt_det,test
ae9ac0365389,Data/raw/roboflow_dirt/train/IMG_20241003_093414_568_jpg.rf.ccb6a1356a7097aa7543ad0fb99ef4e3.jpg,High-Dirty,dirty,roboflow_dirt_det,test
f4d06d271597,Data/raw/roboflow_dirt/train/IMG_20241003_092432_127_jpg.rf.cd5c6a249df786d71e7459f4bc46b21d.jpg,High-Dirty,dirty,roboflow_dirt_det,test
56116e259e43,Data/raw/roboflow_dirt/train/IMG_20241003_093833_601_jpg.rf.cb02bcd2df42939e4805304e683eb3ba.jpg,Low-Dirty,dirty,roboflow_dirt_det,test
7183f9c346e0,Data/raw/roboflow_dirt/train/IMG_20241003_093852_103_jpg.rf.cce0d85adf1989e130014f62410856ec.jpg,Low-Dirty,dirty,roboflow_dirt_det,test
f9a7a201090a,Data/raw/roboflow_dirt/train/IMG_20241003_093023_751_jpg.rf.ccdd4900a9b009857b81c7c3a54e0f1c.jpg,Low-Dirty,dirty,roboflow_dirt_det,test
5d27cf0322bd,Data/raw/roboflow_dirt/train/IMG_20241003_093632_513_jpg.rf.cc216d6b21b0df3538b2c882604385fb.jpg,High-Dirty,dirty,roboflow_dirt_det,test
5cced8e7f737,Data/raw/roboflow_dirt/train/IMG_20241003_085946_030_jpg.rf.ca7be63ae8ffb03afe9ac5c831a5309f.jpg,Clean,clean,roboflow_dirt_det,test
9738e8ba38cc,Data/raw/roboflow_dirt/train/IMG_20241003_091211_089_jpg.rf.cd5a75da51294fa70e887a42c028477e.jpg,Clean,clean,roboflow_dirt_det,test
7be558880a8c,Data/raw/roboflow_dirt/train/IMG_20241003_095624_434_jpg.rf.cc6df1423bb77c05151cffb63236a3c1.jpg,Low-Dirty,dirty,roboflow_dirt_det,test
b8ab9dd5f375,Data/raw/roboflow_dirt/train/IMG_20241003_094853_324_jpg.rf.cd4562c570fbc0b48ecde3095521482e.jpg,Low-Dirty,dirty,roboflow_dirt_det,test
b8b73e23c112,Data/raw/roboflow_dirt/train/IMG_20241003_093911_127_jpg.rf.ccc63417c34668da0d47b065514e079f.jpg,Low-Dirty,dirty,roboflow_dirt_det,test
c4787762399b,Data/raw/roboflow_dirt/train/IMG_20241003_093355_378_jpg.rf.cd31fa9028b9a7d41965de30a83d8264.jpg,High-Dirty,dirty,roboflow_dirt_det,test
8b0f5323aa46,Data/raw/roboflow_dirt/train/IMG_20241003_094941_541_jpg.rf.ce464cb69d433939c657c6a607f50c24.jpg,Low-Dirty,dirty,roboflow_dirt_det,test
256d1cecc93a,Data/raw/roboflow_dirt/train/IMG_20241003_095721_825_jpg.rf.cd5c80fe761b33f41606c6ccaf862e79.jpg,Low-Dirty,dirty,roboflow_dirt_det,test
585df609c60a,Data/raw/roboflow_dirt/train/IMG_20241003_093703_330_jpg.rf.d081c1c90b8a6ff6ba65263a75e1721d.jpg,High-Dirty,dirty,roboflow_dirt_det,test
b2e8817c276b,Data/raw/roboflow_dirt/train/IMG_20241003_094708_221_jpg.rf.cdaea7d1e53bf031e278505589ce0159.jpg,Low-Dirty,dirty,roboflow_dirt_det,test
f0dc992d56bb,Data/raw/roboflow_dirt/train/IMG_20241003_090024_445_jpg.rf.ce3631d4b26edb5e314aa115e49c6618.jpg,Clean,clean,roboflow_dirt_det,test
d624f76470c3,Data/raw/roboflow_dirt/train/IMG_20241003_094302_820_jpg.rf.cdc714976e8441a7e72f359e3ade51b8.jpg,Low-Dirty,dirty,roboflow_dirt_det,test
e16c99a513d3,Data/raw/roboflow_dirt/train/IMG_20241003_095138_267_jpg.rf.cf4cc017d7c8ebbc766250c7c6971914.jpg,Low-Dirty,dirty,roboflow_dirt_det,test
129e16ba5904,Data/raw/roboflow_dirt/train/IMG_20241003_095105_669_jpg.rf.cffca462c11106fc361c34d07fdbe35a.jpg,Low-Dirty,dirty,roboflow_dirt_det,test
565cca3ffdec,Data/raw/roboflow_dirt/train/IMG_20241003_095808_880_jpg.rf.ceaa75d49b11562113d5421bd0369b7d.jpg,Low-Dirty,dirty,roboflow_dirt_det,test
ce41688fbc5a,Data/raw/roboflow_dirt/train/IMG_20241003_094234_919_jpg.rf.ce07027cd7ecacf5e09285ca5295d34c.jpg,Low-Dirty,dirty,roboflow_dirt_det,test
900dc5b44ffd,Data/raw/roboflow_dirt/train/IMG_20241003_092430_520_jpg.rf.ce0a17be1b51a547e9e324ac840ec770.jpg,High-Dirty,dirty,roboflow_dirt_det,test
513aca566ae6,Data/raw/roboflow_dirt/train/IMG_20241003_094450_392_jpg.rf.cea536df209d7732026ca098d480ba5f.jpg,Low-Dirty,dirty,roboflow_dirt_det,test
412bd1c49073,Data/raw/roboflow_dirt/train/IMG_20241003_092209_126_jpg.rf.ce959ca5911810b653cc9660cd2f880f.jpg,High-Dirty,dirty,roboflow_dirt_det,test
9951a4725af8,Data/raw/roboflow_dirt/train/IMG_20241003_093423_924_jpg.rf.d03805185c51672d9be5392eef41dba5.jpg,High-Dirty,dirty,roboflow_dirt_det,test
b5834bb592de,Data/raw/roboflow_dirt/train/IMG_20241003_095114_632_jpg.rf.cf255611943fbb8d152c6fea336f93bb.jpg,Low-Dirty,dirty,roboflow_dirt_det,test
4f942db6f4fd,Data/raw/roboflow_dirt/train/IMG_20241003_095250_310_jpg.rf.d02e08593ac9307a03ef19d7961080d7.jpg,Low-Dirty,dirty,roboflow_dirt_det,test
578d05e3f76c,Data/raw/roboflow_dirt/train/IMG_20241003_093730_226_jpg.rf.d05c8431c4e1788137d2dffd0af2e4bb.jpg,Low-Dirty,dirty,roboflow_dirt_det,test
e6cf0bb291e8,Data/raw/roboflow_dirt/train/IMG_20241003_093133_076_jpg.rf.d089e5ca005617e4e10c9913eb730a22.jpg,Low-Dirty,dirty,roboflow_dirt_det,test
b59980a5b04d,Data/raw/roboflow_dirt/train/IMG_20241003_093355_378_jpg.rf.cf6e878dd3f1ddf07a63a184f79cf55f.jpg,High-Dirty,dirty,roboflow_dirt_det,test
0f85335c2421,Data/raw/roboflow_dirt/train/IMG_20241003_093721_110_jpg.rf.cf7a238ff0b25aa8d9ac115bb1e5e665.jpg,Low-Dirty,dirty,roboflow_dirt_det,test
0eb22798648b,Data/raw/roboflow_dirt/train/IMG_20241003_091536_825_jpg.rf.d09083062aa51d6f9ceecc2ac11eb9de.jpg,Clean,clean,roboflow_dirt_det,test
cb57c6f1a192,Data/raw/roboflow_dirt/train/IMG_20241003_093809_721_jpg.rf.cfeef96e7bf174a08571ec93e182f92a.jpg,Low-Dirty,dirty,roboflow_dirt_det,test
60db8c5b0f7b,Data/raw/roboflow_dirt/train/IMG_20241003_093738_840_jpg.rf.cfb8fd9e3d6047cb55060b8dc3222162.jpg,Low-Dirty,dirty,roboflow_dirt_det,test
d99bfab18ce2,Data/raw/roboflow_dirt/train/IMG_20241003_095419_433_jpg.rf.cdaf97c2e48b770175c98105c1178e0c.jpg,Low-Dirty,dirty,roboflow_dirt_det,test
2ffc9ecd0195,Data/raw/roboflow_dirt/train/IMG_20241003_092543_186_jpg.rf.ceeff1048611c9467c4e4ae3934d88e1.jpg,High-Dirty,dirty,roboflow_dirt_det,test
5cdb2ab071e0,Data/raw/roboflow_dirt/train/IMG_20241003_094255_097_jpg.rf.d09c3c8c0b9ff891ead02f42994cff05.jpg,Low-Dirty,dirty,roboflow_dirt_det,test
36d8412623a5,Data/raw/roboflow_dirt/train/IMG_20241003_093736_483_jpg.rf.d0f482b78107f4ef980b1daf53a5d4de.jpg,Low-Dirty,dirty,roboflow_dirt_det,test
bcdbb7456ef5,Data/raw/roboflow_dirt/train/IMG_20241003_093429_613_jpg.rf.cde6e2245227f34d22e9f4bc7237d6d0.jpg,High-Dirty,dirty,roboflow_dirt_det,test
3b8f54038b48,Data/raw/roboflow_dirt/train/IMG_20241003_094454_656_jpg.rf.d1298aa22397e6fd252ae21eecbf4b89.jpg,Low-Dirty,dirty,roboflow_dirt_det,test
84d9bc7647c8,Data/raw/roboflow_dirt/train/IMG_20241003_093804_279_jpg.rf.d0cc31936d0ed4be2e53df5369155454.jpg,Low-Dirty,dirty,roboflow_dirt_det,test
46563b61f909,Data/raw/roboflow_dirt/train/IMG_20241003_094233_539_jpg.rf.d0cac430329b5b8f761db04aade34e6b.jpg,Low-Dirty,dirty,roboflow_dirt_det,test
6aba531ac8d0,Data/raw/roboflow_dirt/train/IMG_20241002_214854_507_jpg.rf.d077453362bacae2ef359dbe841f19dc.jpg,Clean,clean,roboflow_dirt_det,test
d883f686037c,Data/raw/roboflow_dirt/train/IMG_20241003_095404_946_jpg.rf.d19249107d6e3c65b418ffc122f92ac1.jpg,Low-Dirty,dirty,roboflow_dirt_det,test
3486aec05d03,Data/raw/roboflow_dirt/train/IMG_20241003_090144_289_jpg.rf.d0f4b1ea87fb0cbf0461b89649ed77be.jpg,Clean,clean,roboflow_dirt_det,test
eab2c680ed84,Data/raw/roboflow_dirt/train/IMG_20241003_085935_170_jpg.rf.d10d9c4baf752d33470309b9b94df8ac.jpg,Clean,clean,roboflow_dirt_det,test
e5c419ab76af,Data/raw/roboflow_dirt/train/IMG_20241003_093408_505_jpg.rf.d145309f08fb3dee11e0d3d00ca17d11.jpg,High-Dirty,dirty,roboflow_dirt_det,test
326d5bcc1dc8,Data/raw/roboflow_dirt/train/IMG_20241003_085827_567_jpg.rf.d1a5ad99696b62bfd43bae8ffcade200.jpg,Clean,clean,roboflow_dirt_det,test
7fc984c70b0b,Data/raw/roboflow_dirt/train/IMG_20241003_092416_509_jpg.rf.d10c5435722f3d45f3d661dcc4484e59.jpg,High-Dirty,dirty,roboflow_dirt_det,test
eb34856aaef6,Data/raw/roboflow_dirt/train/IMG_20241003_093414_568_jpg.rf.d0ffbab77c7c8bf5aae2e22c508f281f.jpg,High-Dirty,dirty,roboflow_dirt_det,test
5a42ac500815,Data/raw/roboflow_dirt/train/IMG_20241003_095151_149_jpg.rf.d195698e68e579cef433d4b18fd80341.jpg,Low-Dirty,dirty,roboflow_dirt_det,test
939a14e1f320,Data/raw/roboflow_dirt/train/IMG_20241003_090616_086_jpg.rf.d16f24eb769f5357831147ad9e2501c2.jpg,Clean,clean,roboflow_dirt_det,test
420fda8ee9e1,Data/raw/roboflow_dirt/train/IMG_20241003_092621_971_jpg.rf.d143329d703df17f776b69d8c3051d15.jpg,Low-Dirty,dirty,roboflow_dirt_det,test
488905577946,Data/raw/roboflow_dirt/train/IMG_20241003_095000_599_jpg.rf.3eed4950556c05cba9e2430decf19dd1.jpg,Low-Dirty,dirty,roboflow_dirt_det,test
0990fe677851,Data/raw/roboflow_dirt/train/IMG_20241003_091216_813_jpg.rf.3f46a021d671b4b47dd7c7feb92e5407.jpg,Clean,clean,roboflow_dirt_det,test
e9492f9460c4,Data/raw/roboflow_dirt/train/IMG_20241003_093756_691_jpg.rf.3e70ab210ed03968331646ff76ed24c0.jpg,Low-Dirty,dirty,roboflow_dirt_det,test
7b2c3957ceee,Data/raw/roboflow_dirt/train/IMG_20241003_095105_669_jpg.rf.3ed3866d58f402fdce92fd54d73b8552.jpg,Low-Dirty,dirty,roboflow_dirt_det,test
4c8d051b8211,Data/raw/roboflow_dirt/train/IMG_20241003_090035_122_jpg.rf.3f838ff17e52b658a1c899db8bdace9f.jpg,Clean,clean,roboflow_dirt_det,test
9c2aaabc5a89,Data/raw/roboflow_dirt/train/IMG_20241003_090849_937_jpg.rf.3f4cf4a5e5d0dc3f770f2abca25183e3.jpg,Clean,clean,roboflow_dirt_det,test
5beb462ab20a,Data/raw/roboflow_dirt/train/IMG_20241003_095555_834_jpg.rf.3ff291e4d0693a06afd853d26e6fc0bc.jpg,Low-Dirty,dirty,roboflow_dirt_det,test
2af92e24c12c,Data/raw/roboflow_dirt/train/IMG_20241003_093914_464_jpg.rf.3f6576b34642b2d89291dcdffed96e73.jpg,Low-Dirty,dirty,roboflow_dirt_det,test
47c9f4d1d9ae,Data/raw/roboflow_dirt/train/IMG_20241003_093912_321_jpg.rf.40d48d05fcee7448dbba84e7e0c4aefd.jpg,Low-Dirty,dirty,roboflow_dirt_det,test
e4b2f910e1a3,Data/raw/roboflow_dirt/train/IMG_20241003_092310_940_jpg.rf.3f4aa27bb9fb2a231be4850deec83ad1.jpg,High-Dirty,dirty,roboflow_dirt_det,test
76d8c6b62ee7,Data/raw/roboflow_dirt/train/IMG_20241003_093417_715_jpg.rf.3eae714ca04fa4b1e15692e0bac78a9c.jpg,High-Dirty,dirty,roboflow_dirt_det,test
e98643b9f60f,Data/raw/roboflow_dirt/train/IMG_20241003_093731_337_jpg.rf.3fab68d878890c2e62ad28741d9a2212.jpg,Low-Dirty,dirty,roboflow_dirt_det,test
d2849b7d5a55,Data/raw/roboflow_dirt/train/IMG_20241003_093416_608_jpg.rf.3ffb1f118c10cb86f46f516fddab9a07.jpg,High-Dirty,dirty,roboflow_dirt_det,test
e30d46c673f8,Data/raw/roboflow_dirt/train/IMG_20241003_093731_337_jpg.rf.400117777b8193db7ffeffa1cb4e6259.jpg,Low-Dirty,dirty,roboflow_dirt_det,test
6dc77287a1bf,Data/raw/roboflow_dirt/train/IMG_20241003_091355_338_jpg.rf.4053bc4afabc38250458a2a487a175b8.jpg,Clean,clean,roboflow_dirt_det,test
0efa2b614180,Data/raw/roboflow_dirt/train/IMG_20241003_093403_022_jpg.rf.409b482ba012f2cb0f741a42036d909b.jpg,High-Dirty,dirty,roboflow_dirt_det,test
a5798d94a0ca,Data/raw/roboflow_dirt/train/IMG_20241003_093731_337_jpg.rf.40c55b9fb3e167c36c46453b9d0352c1.jpg,Low-Dirty,dirty,roboflow_dirt_det,test
a0c91fbb6cce,Data/raw/roboflow_dirt/train/IMG_20241003_090028_356_jpg.rf.40544e263c056ac3daf9895174f94031.jpg,Clean,clean,roboflow_dirt_det,test
65ca1b621eeb,Data/raw/roboflow_dirt/train/IMG_20241003_095230_057_jpg.rf.405446e42f6f12e1030a006fd4270265.jpg,Low-Dirty,dirty,roboflow_dirt_det,test
6969e00b583d,Data/raw/roboflow_dirt/train/IMG_20241003_093405_237_jpg.rf.4154a62559460cff745d39e0e6a7f25b.jpg,High-Dirty,dirty,roboflow_dirt_det,test
767676cd6ab7,Data/raw/roboflow_dirt/train/IMG_20241003_094300_447_jpg.rf.40b51f7392ee4a1f591d3f4467036770.jpg,Low-Dirty,dirty,roboflow_dirt_det,test
55186cbf1f2c,Data/raw/roboflow_dirt/train/IMG_20241003_094249_068_jpg.rf.415dcb8e242107d10f3bcb25de0cc794.jpg,Low-Dirty,dirty,roboflow_dirt_det,test
2bd4052c1e14,Data/raw/roboflow_dirt/train/IMG_20241003_095522_307_jpg.rf.407a6b74be81bb500ad217778976a4ae.jpg,Low-Dirty,dirty,roboflow_dirt_det,test
f59bda5987f2,Data/raw/roboflow_dirt/train/IMG_20241003_094913_183_jpg.rf.40927fcb772988d0c8b1ef510ff6d3ef.jpg,Low-Dirty,dirty,roboflow_dirt_det,test
60608c8eca03,Data/raw/roboflow_dirt/train/IMG_20241003_094300_447_jpg.rf.41980dca725e496cb789ccf80dd72e47.jpg,Low-Dirty,dirty,roboflow_dirt_det,test
d67d1d743aba,Data/raw/roboflow_dirt/train/IMG_20241002_214935_731_jpg.rf.4236ee0f37d80c0a0bc787db464f99e3.jpg,Clean,clean,roboflow_dirt_det,test
f4600a0a7f77,Data/raw/roboflow_dirt/train/IMG_20241003_093719_298_jpg.rf.41afe236f2e124c6184bd9375c9950e1.jpg,Low-Dirty,dirty,roboflow_dirt_det,test
c48ab4f56ffe,Data/raw/roboflow_dirt/train/IMG_20241003_093912_321_jpg.rf.4264ca5edfe6dfd3fd70f5207d61e833.jpg,Low-Dirty,dirty,roboflow_dirt_det,test
6c3b6f449715,Data/raw/roboflow_dirt/train/IMG_20241003_093856_004_jpg.rf.423f9bb417b7cae33b5da8eee33649ae.jpg,Low-Dirty,dirty,roboflow_dirt_det,test
4c8a6bf31d3c,Data/raw/roboflow_dirt/train/IMG_20241003_093550_482_jpg.rf.43413ecb9c06378e0d8b67bcb2fca4ee.jpg,High-Dirty,dirty,roboflow_dirt_det,test
fbd68cd90302,Data/raw/roboflow_dirt/train/IMG_20241003_085853_049_jpg.rf.438f2f62569b94b036350428e5027b9f.jpg,Clean,clean,roboflow_dirt_det,test
bf5b7591c07f,Data/raw/roboflow_dirt/train/IMG_20241003_090820_926_jpg.rf.406c6a300f20b195acdcfc2522fc35e6.jpg,Clean,clean,roboflow_dirt_det,test
e86a481c83c4,Data/raw/roboflow_dirt/train/IMG_20241003_093739_578_jpg.rf.43523673bd681cefa4c93b9f801c2761.jpg,Low-Dirty,dirty,roboflow_dirt_det,test
b15488cd8efb,Data/raw/roboflow_dirt/train/IMG_20241003_095824_758_jpg.rf.42b23a9af0d4091293f1ff2a540c1c0a.jpg,Low-Dirty,dirty,roboflow_dirt_det,test
ec090a88a742,Data/raw/roboflow_dirt/train/IMG_20241003_093428_407_jpg.rf.433a96531326afad5033241180145c2d.jpg,High-Dirty,dirty,roboflow_dirt_det,test
3866b39bf61e,Data/raw/roboflow_dirt/train/IMG_20241003_091603_878_jpg.rf.4335412f90b3fbc2211fb6b72f5dbf9b.jpg,Clean,clean,roboflow_dirt_det,test
e011360927d5,Data/raw/roboflow_dirt/train/IMG_20241003_091236_105_jpg.rf.42891e626b46f8d9b2f47df5334229e0.jpg,Clean,clean,roboflow_dirt_det,test
46f133648190,Data/raw/roboflow_dirt/train/IMG_20241003_095052_707_jpg.rf.418b6983b1000a58112cee1fc8903dcd.jpg,Low-Dirty,dirty,roboflow_dirt_det,test
389e58455ddb,Data/raw/roboflow_dirt/train/IMG_20241003_093731_337_jpg.rf.437748771b43f02add5d4e5de967c8c1.jpg,Low-Dirty,dirty,roboflow_dirt_det,test
16ef3a072906,Data/raw/roboflow_dirt/train/IMG_20241003_094820_065_jpg.rf.432fbf9664d08bea8e7635429be300d0.jpg,Low-Dirty,dirty,roboflow_dirt_det,test
ccbf1856b0a3,Data/raw/roboflow_dirt/train/IMG_20241003_093400_213_jpg.rf.42f41874b7a03f3d136ac3ae5772d8f5.jpg,High-Dirty,dirty,roboflow_dirt_det,test
9c32e2b2f2f2,Data/raw/roboflow_dirt/train/IMG_20241003_094815_285_jpg.rf.4349d6c7da271695d73cdf5769cbbd15.jpg,Low-Dirty,dirty,roboflow_dirt_det,test
ff6ceb284904,Data/raw/roboflow_dirt/train/IMG_20241003_094842_714_jpg.rf.445745ddf358d055cae08721db3ae099.jpg,Low-Dirty,dirty,roboflow_dirt_det,test
724425323c69,Data/raw/roboflow_dirt/train/IMG_20241003_093531_525_jpg.rf.44a2c311b1365a4cdf0d35c906ebe997.jpg,High-Dirty,dirty,roboflow_dirt_det,test
7da12c3d1afc,Data/raw/roboflow_dirt/train/IMG_20241003_095713_701_jpg.rf.42f6c0280a370da21ff619abe9df32f9.jpg,Low-Dirty,dirty,roboflow_dirt_det,test
cc88daa5f3fb,Data/raw/roboflow_dirt/train/IMG_20241003_090227_779_jpg.rf.445437feedfc3fdc419f7d149ffb2511.jpg,Clean,clean,roboflow_dirt_det,test
296b08677233,Data/raw/roboflow_dirt/train/IMG_20241003_092555_336_jpg.rf.43a72bca9e4e1577d776a707ba1fbd44.jpg,High-Dirty,dirty,roboflow_dirt_det,test
06846518b679,Data/raw/roboflow_dirt/train/IMG_20241003_091459_917_jpg.rf.446a5c7e50f1dfde77895d366b3a68cc.jpg,Clean,clean,roboflow_dirt_det,test
f27ae87cc39a,Data/raw/roboflow_dirt/train/IMG_20241003_094820_437_jpg.rf.4592e70d999a01875c5d48eaf28e3e18.jpg,Low-Dirty,dirty,roboflow_dirt_det,test
dbbfd4dbad95,Data/raw/roboflow_dirt/train/IMG_20241003_093627_238_jpg.rf.44e44167c9e6f84ef67ece11d631ee88.jpg,High-Dirty,dirty,roboflow_dirt_det,test
dc6321a3e8f5,Data/raw/roboflow_dirt/train/IMG_20241003_090028_356_jpg.rf.44a7b42b5149ad5a5a03552d4ec85811.jpg,Clean,clean,roboflow_dirt_det,test
60f862fcda2e,Data/raw/roboflow_dirt/train/IMG_20241003_093820_932_jpg.rf.4571e730ad73a1829cf9cc3c90e352bc.jpg,Low-Dirty,dirty,roboflow_dirt_det,test
e9922affdc07,Data/raw/roboflow_dirt/train/IMG_20241003_093833_601_jpg.rf.4653b2cab398feccd644a4f6387d85d9.jpg,Low-Dirty,dirty,roboflow_dirt_det,test
5d118e6eaa12,Data/raw/roboflow_dirt/train/IMG_20241003_094941_541_jpg.rf.46f2ee0b91731a213dea6f7df48fa914.jpg,Low-Dirty,dirty,roboflow_dirt_det,test
54dc5ba5d1b7,Data/raw/roboflow_dirt/train/IMG_20241003_093447_751_jpg.rf.463fbe8ee6a84f168dc737e3fb9067d9.jpg,High-Dirty,dirty,roboflow_dirt_det,test
dc3e99db71c7,Data/raw/roboflow_dirt/train/IMG_20241003_094232_185_jpg.rf.45783dba32718bc616fb9fb88efb2230.jpg,Low-Dirty,dirty,roboflow_dirt_det,test
0662ebf1384e,Data/raw/roboflow_dirt/train/IMG_20241003_090055_099_jpg.rf.45aee408334a6937ac609c44e4135859.jpg,Clean,clean,roboflow_dirt_det,test
c009556045ba,Data/raw/roboflow_dirt/train/IMG_20241003_093411_907_jpg.rf.45f0a3c4d98300541c62a9e518178d0e.jpg,High-Dirty,dirty,roboflow_dirt_det,test
3337c24b1746,Data/raw/roboflow_dirt/train/IMG_20241003_094454_656_jpg.rf.46b9b5d09b0e6be6a746bfb8f103e9ea.jpg,Low-Dirty,dirty,roboflow_dirt_det,test
cd832a36e320,Data/raw/roboflow_dirt/train/IMG_20241003_085842_779_jpg.rf.44ffd63edb33e69920df0f44eb0ba62d.jpg,Clean,clean,roboflow_dirt_det,test
cbb72b72b71e,Data/raw/roboflow_dirt/train/IMG_20241003_094246_219_jpg.rf.44624ea21c09a5997fb6056c0d6837c1.jpg,Low-Dirty,dirty,roboflow_dirt_det,test
e2048de57698,Data/raw/roboflow_dirt/train/IMG_20241003_095824_758_jpg.rf.45bff7946b59fa38b0366ef2e0c37524.jpg,Low-Dirty,dirty,roboflow_dirt_det,test
799ee8d0e66b,Data/raw/roboflow_dirt/train/IMG_20241003_093425_300_jpg.rf.461d4c9e80e9349dcb07bda6232c5b6b.jpg,High-Dirty,dirty,roboflow_dirt_det,test
3febc8f81f57,Data/raw/roboflow_dirt/train/IMG_20241003_093041_197_jpg.rf.45d56ef6a68f9190d06f788dbe949242.jpg,Low-Dirty,dirty,roboflow_dirt_det,test
1c33abfe6c33,Data/raw/roboflow_dirt/train/IMG_20241003_093752_605_jpg.rf.469047e7cf660caf08a56a7995ab7633.jpg,Low-Dirty,dirty,roboflow_dirt_det,test
a2d181d695ef,Data/raw/roboflow_dirt/train/IMG_20241003_092543_186_jpg.rf.46695beb3da8ac98cdfd8377337dd4a8.jpg,High-Dirty,dirty,roboflow_dirt_det,test
720cd4306891,Data/raw/roboflow_dirt/train/IMG_20241003_093814_912_jpg.rf.452dbe21a20508a33fd9d411a9e19c07.jpg,Low-Dirty,dirty,roboflow_dirt_det,test
20d93568592f,Data/raw/roboflow_dirt/train/IMG_20241003_093034_913_jpg.rf.4545fa86103f0c64b3ca4d76a8a1ef1a.jpg,Low-Dirty,dirty,roboflow_dirt_det,test
0f285d9c5461,Data/raw/roboflow_dirt/train/IMG_20241003_094830_890_jpg.rf.4616c1c9f1ec1fab0fa734e9523abdc1.jpg,Low-Dirty,dirty,roboflow_dirt_det,test
e7c9c5f076b9,Data/raw/roboflow_dirt/train/IMG_20241003_091211_089_jpg.rf.46d8a1238c7cee2b56dcd9d193f19bbf.jpg,Clean,clean,roboflow_dirt_det,test
a26aad405858,Data/raw/roboflow_dirt/train/IMG_20241003_093806_115_jpg.rf.46f58b73c7bfb8e640f8ab7b1dfe4272.jpg,Low-Dirty,dirty,roboflow_dirt_det,test
c97e299ddbf5,Data/raw/roboflow_dirt/train/IMG_20241003_095049_820_jpg.rf.4721035e70bcdace82d090840a93f4c0.jpg,Low-Dirty,dirty,roboflow_dirt_det,test
9a59a28be749,Data/raw/roboflow_dirt/train/IMG_20241003_090820_926_jpg.rf.4739e17e4b8d575c4fdc2b8d76909557.jpg,Clean,clean,roboflow_dirt_det,test
92e126ae7188,Data/raw/roboflow_dirt/train/IMG_20241003_090204_462_jpg.rf.479304c131290ac23d7b08249dc4c5a6.jpg,Clean,clean,roboflow_dirt_det,test
8632f9ce024b,Data/raw/roboflow_dirt/train/IMG_20241003_085941_838_jpg.rf.47b9e485b79a503de6eb045f3083b2c9.jpg,Clean,clean,roboflow_dirt_det,test
4af821c95e37,Data/raw/roboflow_dirt/train/IMG_20241003_092414_668_jpg.rf.4726db24bcc2b37244476c196c3b606a.jpg,High-Dirty,dirty,roboflow_dirt_det,test
8bc4d62d03ee,Data/raw/roboflow_dirt/train/IMG_20241003_094303_233_jpg.rf.47d9aaa15dfb2b122ae7d810ec76fe8f.jpg,Low-Dirty,dirty,roboflow_dirt_det,test
cb708e552bef,Data/raw/roboflow_dirt/train/IMG_20241003_094826_222_jpg.rf.48be5c2ec7cad4bd2b118203cc5eaadd.jpg,Low-Dirty,dirty,roboflow_dirt_det,test
442a87216f74,Data/raw/roboflow_dirt/train/IMG_20241003_093514_931_jpg.rf.47981a632065ccde37619aa6ed5aa3b6.jpg,High-Dirty,dirty,roboflow_dirt_det,test
6e837398d5b4,Data/raw/roboflow_dirt/train/IMG_20241003_094727_426_jpg.rf.4890bffaba89cde764744a3941d415ea.jpg,Low-Dirty,dirty,roboflow_dirt_det,test
fda82895dd74,Data/raw/roboflow_dirt/train/IMG_20241003_093607_396_jpg.rf.48746f8d1f6f84550ac285c1d182823f.jpg,High-Dirty,dirty,roboflow_dirt_det,test
38b2b5ebda48,Data/raw/roboflow_dirt/train/IMG_20241003_090017_746_jpg.rf.48ffce170c51d3380a46d45e50ec8e06.jpg,Clean,clean,roboflow_dirt_det,test
9a5488669dff,Data/raw/roboflow_dirt/train/IMG_20241003_093036_918_jpg.rf.48db17997d20f2d9e09a27bcf6edc6dd.jpg,Low-Dirty,dirty,roboflow_dirt_det,test
350fbcced5ac,Data/raw/roboflow_dirt/train/IMG_20241002_214852_883_jpg.rf.49671fd970f30e943b0a46de19cb3437.jpg,Clean,clean,roboflow_dirt_det,test
b79673b2a1b2,Data/raw/roboflow_dirt/train/IMG_20241003_094824_826_jpg.rf.48411038723346136902d9fe347aaa21.jpg,Low-Dirty,dirty,roboflow_dirt_det,test
6382fb5a67c0,Data/raw/roboflow_dirt/train/IMG_20241003_093810_974_jpg.rf.482281ec2c708db2b44f5a2e4d138e92.jpg,Low-Dirty,dirty,roboflow_dirt_det,test
cc60f6abaa67,Data/raw/roboflow_dirt/train/IMG_20241003_094307_789_jpg.rf.4946babe2bdbbc866e218c49ef9ded02.jpg,Low-Dirty,dirty,roboflow_dirt_det,test
30dcb74256d0,Data/raw/roboflow_dirt/train/IMG_20241003_092144_060_jpg.rf.479aff017c7fc514e057e510d5d133a0.jpg,High-Dirty,dirty,roboflow_dirt_det,test
1d70cd4cb601,Data/raw/roboflow_dirt/train/IMG_20241003_093723_493_jpg.rf.47485ff0cd34c176ff0333a8e520b110.jpg,Low-Dirty,dirty,roboflow_dirt_det,test
4a165b55f3f7,Data/raw/roboflow_dirt/train/IMG_20241003_095606_431_jpg.rf.48eba91d66e4c45d025b03488149af13.jpg,Low-Dirty,dirty,roboflow_dirt_det,test
c3bb04210fe0,Data/raw/roboflow_dirt/train/IMG_20241003_093253_179_jpg.rf.4957ccd7ab2024db61fc8afd261f79f8.jpg,Low-Dirty,dirty,roboflow_dirt_det,test
5dcc01ccc881,Data/raw/roboflow_dirt/train/IMG_20241003_094657_036_jpg.rf.497410aa5a3f7bf5009f5e426b194afa.jpg,Low-Dirty,dirty,roboflow_dirt_det,test
0ca19808d557,Data/raw/roboflow_dirt/train/IMG_20241003_095404_946_jpg.rf.48b1e85b0eedbffc60e909149a587109.jpg,Low-Dirty,dirty,roboflow_dirt_det,test
daeac51547b2,Data/raw/roboflow_dirt/train/IMG_20241003_093505_197_jpg.rf.49afc80209ddfb6d51f867d4018f8908.jpg,High-Dirty,dirty,roboflow_dirt_det,test
fe9b75fe037d,Data/raw/roboflow_dirt/train/IMG_20241003_093417_715_jpg.rf.491bdf0334663aa4bb17b71d35b246cf.jpg,High-Dirty,dirty,roboflow_dirt_det,test
162671b7211f,Data/raw/roboflow_dirt/train/IMG_20241003_093504_737_jpg.rf.48aa5d4eef80c488e64ac5f9ba0a770d.jpg,High-Dirty,dirty,roboflow_dirt_det,test
60eef3f60aa6,Data/raw/roboflow_dirt/train/IMG_20241003_094334_416_jpg.rf.477aa26622feded07efa9a52bf99e05d.jpg,Low-Dirty,dirty,roboflow_dirt_det,test
dd68a40515a2,Data/raw/roboflow_dirt/train/IMG_20241003_085948_142_jpg.rf.49bb65822dd1ca9d6ed77b23f84ecf09.jpg,Clean,clean,roboflow_dirt_det,test
ea1b2f59adc6,Data/raw/roboflow_dirt/train/IMG_20241003_095614_349_jpg.rf.4a67e400bd54bb1fe73c510e57d7409a.jpg,Low-Dirty,dirty,roboflow_dirt_det,test
56d773296920,Data/raw/roboflow_dirt/train/IMG_20241003_095439_408_jpg.rf.49ef983b96aed3d0fc1b1742edb6b165.jpg,Low-Dirty,dirty,roboflow_dirt_det,test
06351fbb1366,Data/raw/roboflow_dirt/train/IMG_20241003_085941_838_jpg.rf.49e4e2fbc5c4f5aa2702522567f33561.jpg,Clean,clean,roboflow_dirt_det,test
856b3c3d0b0b,Data/raw/roboflow_dirt/train/IMG_20241003_090035_122_jpg.rf.49d77ca1417c6f499bc39033643866e2.jpg,Clean,clean,roboflow_dirt_det,test
87ba13773e9e,Data/raw/roboflow_dirt/train/IMG_20241003_091620_755_jpg.rf.4a7f31a1952c0f7341f5423aebae9970.jpg,Clean,clean,roboflow_dirt_det,test
925132fce76c,Data/raw/roboflow_dirt/train/IMG_20241003_090647_853_jpg.rf.4a6173adb039601559fd765a43ba6a80.jpg,Clean,clean,roboflow_dirt_det,test
6a0889dfb056,Data/raw/roboflow_dirt/train/IMG_20241003_093725_702_jpg.rf.4a3b6f3112e7ade22d30c00930da2a39.jpg,Low-Dirty,dirty,roboflow_dirt_det,test
90dba4e1d697,Data/raw/roboflow_dirt/train/IMG_20241003_090839_319_jpg.rf.49d2d6255e0b934019d086411b4e9a5c.jpg,Clean,clean,roboflow_dirt_det,test
de1a995df303,Data/raw/roboflow_dirt/train/IMG_20241003_094710_321_jpg.rf.4be8b75abdae7febe2b0cae4beb12682.jpg,Low-Dirty,dirty,roboflow_dirt_det,test
4429eb445fc7,Data/raw/roboflow_dirt/train/IMG_20241003_093834_481_jpg.rf.49e10c51806eb6e13d209db404c4a961.jpg,Low-Dirty,dirty,roboflow_dirt_det,test
f8d37109b198,Data/raw/roboflow_dirt/train/IMG_20241003_091540_410_jpg.rf.4afbc0e468e9a2068d549612cdebb738.jpg,Clean,clean,roboflow_dirt_det,test
472dc74952ec,Data/raw/roboflow_dirt/train/IMG_20241003_093849_481_jpg.rf.4aced8c463fde492f710acdcb378cfbe.jpg,Low-Dirty,dirty,roboflow_dirt_det,test
37699e013643,Data/raw/roboflow_dirt/train/IMG_20241003_093822_296_jpg.rf.4a4539ee06a82e9d9d137461099e7a67.jpg,Low-Dirty,dirty,roboflow_dirt_det,test
44f849ddeab9,Data/raw/roboflow_dirt/train/IMG_20241003_093810_974_jpg.rf.4b36f4437177cf0c3ceeb5e66cbe8f58.jpg,Low-Dirty,dirty,roboflow_dirt_det,test
40c3a97e561d,Data/raw/roboflow_dirt/train/IMG_20241003_093015_746_jpg.rf.4b33e56b1702c62d51bf295534a81ade.jpg,Low-Dirty,dirty,roboflow_dirt_det,test
ada9e0a4cec4,Data/raw/roboflow_dirt/train/IMG_20241003_092159_554_jpg.rf.4ad3c9418d06d19aa2367d4358df55b1.jpg,High-Dirty,dirty,roboflow_dirt_det,test
bece6e7e3e9e,Data/raw/roboflow_dirt/train/IMG_20241003_093414_568_jpg.rf.4a829ff57b44cc42eed081ab7b84618f.jpg,High-Dirty,dirty,roboflow_dirt_det,test
a639afccca10,Data/raw/roboflow_dirt/train/IMG_20241003_094303_790_jpg.rf.4a57435408de1fc4f3865a1f153518e2.jpg,Low-Dirty,dirty,roboflow_dirt_det,test
441214430c41,Data/raw/roboflow_dirt/train/IMG_20241003_095100_153_jpg.rf.4bb894fd2c8e3c92a11dd184c099b2a3.jpg,Low-Dirty,dirty,roboflow_dirt_det,test
a91ed01f5fe8,Data/raw/roboflow_dirt/train/IMG_20241003_093915_573_jpg.rf.4af586814282bfc1105e0419c5a051e8.jpg,Low-Dirty,dirty,roboflow_dirt_det,test
86ab8774369b,Data/raw/roboflow_dirt/train/IMG_20241003_094710_321_jpg.rf.4b8d41e898fe4f3f5d4ad9c057c7666b.jpg,Low-Dirty,dirty,roboflow_dirt_det,test
d2f64f987c77,Data/raw/roboflow_dirt/train/IMG_20241003_095056_417_jpg.rf.4ba7e78b665a07afba14bd40d801c6d1.jpg,Low-Dirty,dirty,roboflow_dirt_det,test
d1693813e0ba,Data/raw/roboflow_dirt/train/IMG_20241003_090247_560_jpg.rf.4b184016751f4579db7f30340e207cc0.jpg,Clean,clean,roboflow_dirt_det,test
4bcd2aa7f17a,Data/raw/roboflow_dirt/train/IMG_20241003_093803_643_jpg.rf.4ae51b8f0bd50666d5d1cc28d1b81bfc.jpg,Low-Dirty,dirty,roboflow_dirt_det,test
14f44ff1fdcf,Data/raw/roboflow_dirt/train/IMG_20241003_093835_901_jpg.rf.49f74d5f47842647207f2f2f5993b86a.jpg,Low-Dirty,dirty,roboflow_dirt_det,test
b8ce78d2e16a,Data/raw/roboflow_dirt/train/IMG_20241003_093411_907_jpg.rf.4be4f7e277c7e23b9a1b44d2dc04c5a6.jpg,High-Dirty,dirty,roboflow_dirt_det,test
c11d954a8ad8,Data/raw/roboflow_dirt/train/IMG_20241003_095121_848_jpg.rf.4c8207adb38e017af0d1527af3a469c9.jpg,Low-Dirty,dirty,roboflow_dirt_det,test
6f88c2f3506c,Data/raw/roboflow_dirt/train/IMG_20241003_094824_826_jpg.rf.4c3e9c5086af95643678ba10530fba14.jpg,Low-Dirty,dirty,roboflow_dirt_det,test
84e8688f6c1e,Data/raw/roboflow_dirt/train/IMG_20241003_090319_024_jpg.rf.4cb940893a4b2527edfa77fb356e323c.jpg,Clean,clean,roboflow_dirt_det,test
e83b987db00b,Data/raw/roboflow_dirt/train/IMG_20241003_093752_605_jpg.rf.4c0a820363e3317bef1f69a16025ebcb.jpg,Low-Dirty,dirty,roboflow_dirt_det,test
a8629836ab9e,Data/raw/roboflow_dirt/train/IMG_20241003_093726_620_jpg.rf.4d4249a674014c3daa7a1fb3c0888904.jpg,Low-Dirty,dirty,roboflow_dirt_det,test
22ce948b0dc6,Data/raw/roboflow_dirt/train/IMG_20241003_093019_302_jpg.rf.4cefb3455d25fc7ec24d5330b28bd49b.jpg,Low-Dirty,dirty,roboflow_dirt_det,test
52d15a4f2d5d,Data/raw/roboflow_dirt/train/IMG_20241003_095057_741_jpg.rf.4f30668f3ba8cd490e68d62df062577c.jpg,Low-Dirty,dirty,roboflow_dirt_det,test
93da6fc81f5a,Data/raw/roboflow_dirt/train/IMG_20241003_095047_946_jpg.rf.4da7765f5ced4a0ad981e7c0c93c956f.jpg,Low-Dirty,dirty,roboflow_dirt_det,test
29736c98c31e,Data/raw/roboflow_dirt/train/IMG_20241003_093423_576_jpg.rf.4de3af400012eb7dae7a9434da47a1c0.jpg,High-Dirty,dirty,roboflow_dirt_det,test
bb2c51bf1960,Data/raw/roboflow_dirt/train/IMG_20241003_094331_305_jpg.rf.4e22fc81190caf3707297a7b1a5fb2b9.jpg,Low-Dirty,dirty,roboflow_dirt_det,test
7a0d1aec9786,Data/raw/roboflow_dirt/train/IMG_20241003_092624_179_jpg.rf.4d54e92f48be5a232d5fd02768b66b03.jpg,Low-Dirty,dirty,roboflow_dirt_det,test
2a537a8ad199,Data/raw/roboflow_dirt/train/IMG_20241003_093937_414_jpg.rf.4ea2193733189fee101a9dbe68bc74d5.jpg,Low-Dirty,dirty,roboflow_dirt_det,test
c5c7a23da2bd,Data/raw/roboflow_dirt/train/IMG_20241003_092550_786_jpg.rf.4d1934c740c769af3ed999d110bf5519.jpg,High-Dirty,dirty,roboflow_dirt_det,test
de22fbbae9b3,Data/raw/roboflow_dirt/train/IMG_20241003_095240_533_jpg.rf.4d2877f4dd1e6b7c3fb4a02880f80778.jpg,Low-Dirty,dirty,roboflow_dirt_det,test
d6163e977c92,Data/raw/roboflow_dirt/train/IMG_20241003_093353_323_jpg.rf.4d57cf1ea58e23c2e4f83ba2423a7486.jpg,High-Dirty,dirty,roboflow_dirt_det,test
2165593b0da5,Data/raw/roboflow_dirt/train/IMG_20241003_090238_263_jpg.rf.4f3c9a7fbb9f799ed9e2b063610fe650.jpg,Clean,clean,roboflow_dirt_det,test
40f8b7e64d4e,Data/raw/roboflow_dirt/train/IMG_20241003_093241_708_jpg.rf.4ce60401c777f75f9f664aaea2ea96bd.jpg,Low-Dirty,dirty,roboflow_dirt_det,test
540a5506a37b,Data/raw/roboflow_dirt/train/IMG_20241003_093808_639_jpg.rf.4d1c526f56566f9fe22b1059c18eab67.jpg,Low-Dirty,dirty,roboflow_dirt_det,test
85c4695eca25,Data/raw/roboflow_dirt/train/IMG_20241003_094334_416_jpg.rf.4e0b14b5fb3169bb9b8a31aac388c7ea.jpg,Low-Dirty,dirty,roboflow_dirt_det,test
7a36775ed468,Data/raw/roboflow_dirt/train/IMG_20241003_091058_842_jpg.rf.4e264739e3d51820bad60717e412989a.jpg,Clean,clean,roboflow_dirt_det,test
5916f4c17da7,Data/raw/roboflow_dirt/train/IMG_20241003_090300_273_jpg.rf.4ce4b5950083ec4aeb45314d4587a4ab.jpg,Clean,clean,roboflow_dirt_det,test
6ece219e0412,Data/raw/roboflow_dirt/train/IMG_20241003_094941_541_jpg.rf.4f64000f3d4706a99a8a25dc3179af47.jpg,Low-Dirty,dirty,roboflow_dirt_det,test
2af1c9c0b691,Data/raw/roboflow_dirt/train/IMG_20241003_090343_136_jpg.rf.4e20d7028398d8109ce54090960466fe.jpg,Clean,clean,roboflow_dirt_det,test
d037fdd9f320,Data/raw/roboflow_dirt/train/IMG_20241003_094932_075_jpg.rf.4db5db3a5e596dd1e66031832ac3b279.jpg,Low-Dirty,dirty,roboflow_dirt_det,test
ce021177579e,Data/raw/roboflow_dirt/train/IMG_20241003_093818_870_jpg.rf.4f443c023d6732ef9a03117f28cd36c4.jpg,Low-Dirty,dirty,roboflow_dirt_det,test
d371d44675b4,Data/raw/roboflow_dirt/train/IMG_20241003_095240_533_jpg.rf.4e2aa44186c894135bfc96d313299fcd.jpg,Low-Dirty,dirty,roboflow_dirt_det,test
a0d207dd40c0,Data/raw/roboflow_dirt/train/IMG_20241003_094233_102_jpg.rf.4e42813bbfded7ac286be5ae85f5dc0f.jpg,Low-Dirty,dirty,roboflow_dirt_det,test
51225be48db7,Data/raw/roboflow_dirt/train/IMG_20241003_092202_408_jpg.rf.4ce5238ffa867c655c444dd725799680.jpg,High-Dirty,dirty,roboflow_dirt_det,test
43abb1a1f23b,Data/raw/roboflow_dirt/train/IMG_20241003_093354_835_jpg.rf.4f77ab83be9923d15448852b9dd7d718.jpg,High-Dirty,dirty,roboflow_dirt_det,test
c19363cfd730,Data/raw/roboflow_dirt/train/IMG_20241003_093911_127_jpg.rf.4f88be750aaa5c5ec0b569c0e286c412.jpg,Low-Dirty,dirty,roboflow_dirt_det,test
8d4013b5628c,Data/raw/roboflow_dirt/train/IMG_20241003_090459_309_jpg.rf.4df8dd4099882a86753c037a3e66f82b.jpg,Clean,clean,roboflow_dirt_det,test
77edb4d4f6c6,Data/raw/roboflow_dirt/train/IMG_20241003_094325_028_jpg.rf.4ff10e78942d4a495e72a322c11d6f5a.jpg,Low-Dirty,dirty,roboflow_dirt_det,test
0cd9d3c7acfa,Data/raw/roboflow_dirt/train/IMG_20241003_091516_183_jpg.rf.5068fb3d3fc14186d94ed4a117330eee.jpg,Clean,clean,roboflow_dirt_det,test
f480e7d07e55,Data/raw/roboflow_dirt/train/IMG_20241003_095111_971_jpg.rf.50065f965e579490c465a0b150b06e12.jpg,Low-Dirty,dirty,roboflow_dirt_det,test
82c16fcb2bcf,Data/raw/roboflow_dirt/train/IMG_20241003_095112_929_jpg.rf.4fa35174e724716c9a36a57b28072dbe.jpg,Low-Dirty,dirty,roboflow_dirt_det,test
53efeb19b3d8,Data/raw/roboflow_dirt/train/IMG_20241003_094824_251_jpg.rf.50540efbece712c1252d2f1be1224c19.jpg,Low-Dirty,dirty,roboflow_dirt_det,test
d0325940f250,Data/raw/roboflow_dirt/train/IMG_20241003_095126_266_jpg.rf.504846166604a1c6eb3932b109bf1bd5.jpg,Low-Dirty,dirty,roboflow_dirt_det,test
c927d3b8f648,Data/raw/roboflow_dirt/train/IMG_20241003_090728_530_jpg.rf.4fd3bf1053f74559eb820398daf2fb80.jpg,Clean,clean,roboflow_dirt_det,test
92d2cfade265,Data/raw/roboflow_dirt/train/IMG_20241003_095114_243_jpg.rf.50a87f4841786cce0cefc2575eb21ce5.jpg,Low-Dirty,dirty,roboflow_dirt_det,test
7ed0a021315a,Data/raw/roboflow_dirt/train/IMG_20241003_094506_826_jpg.rf.5075f0a5403df22c74d0da151543ce03.jpg,Low-Dirty,dirty,roboflow_dirt_det,test
b26c4b4ef02c,Data/raw/roboflow_dirt/train/IMG_20241003_093417_952_jpg.rf.51effa9578cc6375b71ad88e0f73e7b4.jpg,High-Dirty,dirty,roboflow_dirt_det,test
bba319c327d7,Data/raw/roboflow_dirt/train/IMG_20241003_093607_396_jpg.rf.5205d49874ab5821446a886366a33e69.jpg,High-Dirty,dirty,roboflow_dirt_det,test
fe04952fc915,Data/raw/roboflow_dirt/train/IMG_20241003_093728_026_jpg.rf.51c3d2e2f31e8e5f309341ee779407ed.jpg,Low-Dirty,dirty,roboflow_dirt_det,test
1f64019ecca6,Data/raw/roboflow_dirt/train/IMG_20241003_095047_946_jpg.rf.527fbcf45e1934e3142fd1f421b02419.jpg,Low-Dirty,dirty,roboflow_dirt_det,test
692b16eac754,Data/raw/roboflow_dirt/train/IMG_20241003_094307_316_jpg.rf.51f31d4e8e77688af8a57a1a1548dbc0.jpg,Low-Dirty,dirty,roboflow_dirt_det,test
10bef32691d3,Data/raw/roboflow_dirt/train/IMG_20241003_085820_672_jpg.rf.50b4bdafc90a686d4023ce9948667297.jpg,Clean,clean,roboflow_dirt_det,test
284ac3e1b6ca,Data/raw/roboflow_dirt/train/IMG_20241003_092414_668_jpg.rf.50e75f9dfedef5b0498eb4e82f23fe58.jpg,High-Dirty,dirty,roboflow_dirt_det,test
09ddab327bbd,Data/raw/roboflow_dirt/train/IMG_20241003_092621_971_jpg.rf.52223c08f72e158732c9699a2ac2e155.jpg,Low-Dirty,dirty,roboflow_dirt_det,test
df18b438cb50,Data/raw/roboflow_dirt/train/IMG_20241003_095205_838_jpg.rf.50fcc7818096c002b322a4d7c942f679.jpg,Low-Dirty,dirty,roboflow_dirt_det,test
183dbf26c6fa,Data/raw/roboflow_dirt/train/IMG_20241003_090556_090_jpg.rf.528ead7e2cf0231ad4d176bf8129f68a.jpg,Clean,clean,roboflow_dirt_det,test
ea218af12a7a,Data/raw/roboflow_dirt/train/IMG_20241003_095125_819_jpg.rf.5218810b9d5aaf5a1637e1c54e4232f9.jpg,Low-Dirty,dirty,roboflow_dirt_det,test
9b7da3fb1f81,Data/raw/roboflow_dirt/train/IMG_20241003_093527_609_jpg.rf.5335f28347a489e3d9b89cb51913c216.jpg,High-Dirty,dirty,roboflow_dirt_det,test
1f3ca846eec6,Data/raw/roboflow_dirt/train/IMG_20241003_094946_085_jpg.rf.51b5e8decbb9f25fa0136d35950278e2.jpg,Low-Dirty,dirty,roboflow_dirt_det,test
ee47fa6a929c,Data/raw/roboflow_dirt/train/IMG_20241003_095110_443_jpg.rf.514748433a98433ad2a92b9cd6821d6d.jpg,Low-Dirty,dirty,roboflow_dirt_det,test
3f4be6b357e6,Data/raw/roboflow_dirt/train/IMG_20241003_085933_110_jpg.rf.5302437312183c2183ad297165fdaa88.jpg,Clean,clean,roboflow_dirt_det,test
fa93de6d9f72,Data/raw/roboflow_dirt/train/IMG_20241003_093405_237_jpg.rf.528c7e281b888d2d5258efde89621e8e.jpg,High-Dirty,dirty,roboflow_dirt_det,test
9f65c81b0a18,Data/raw/roboflow_dirt/train/IMG_20241003_091628_848_jpg.rf.5216f164c774f790b9c78d9b96464d54.jpg,Clean,clean,roboflow_dirt_det,test
4baaff47a005,Data/raw/roboflow_dirt/train/IMG_20241003_093912_844_jpg.rf.521b60946d7d629bec9e11ece2622e0f.jpg,Low-Dirty,dirty,roboflow_dirt_det,test
2c5352068558,Data/raw/roboflow_dirt/train/IMG_20241003_093427_008_jpg.rf.52a3ebfeaf3245658d37d89205d1eda8.jpg,High-Dirty,dirty,roboflow_dirt_det,test
63d4f874add9,Data/raw/roboflow_dirt/train/IMG_20241003_085941_838_jpg.rf.53396146fd30fb01820c16c04e7fe6d2.jpg,Clean,clean,roboflow_dirt_det,test
b7ee231ac70a,Data/raw/roboflow_dirt/train/IMG_20241003_093428_407_jpg.rf.539800fa60725a71b15326af0fe88540.jpg,High-Dirty,dirty,roboflow_dirt_det,test
f3527e92b373,Data/raw/roboflow_dirt/train/IMG_20241003_093847_990_jpg.rf.5309c3a869c1542bb8cc42ab0a362ba8.jpg,Low-Dirty,dirty,roboflow_dirt_det,test
f35b1514c876,Data/raw/roboflow_dirt/train/IMG_20241003_090319_024_jpg.rf.538f26848145c4b8fb40c0e00f962575.jpg,Clean,clean,roboflow_dirt_det,test
29b99c20055a,Data/raw/roboflow_dirt/train/IMG_20241002_214915_423_jpg.rf.53d9a24870a37041d74cbbc2a5768822.jpg,Clean,clean,roboflow_dirt_det,test
20e85071447c,Data/raw/roboflow_dirt/train/IMG_20241003_092534_388_jpg.rf.543ca6d555f3bb45daa7e3f46a2e8e5d.jpg,High-Dirty,dirty,roboflow_dirt_det,test
cd3e47bfaf8f,Data/raw/roboflow_dirt/train/IMG_20241003_092430_520_jpg.rf.54a8f3f463df2466c21f1f8c7a0bb0d6.jpg,High-Dirty,dirty,roboflow_dirt_det,test
8f9d5b99e071,Data/raw/roboflow_dirt/train/IMG_20241003_094239_257_jpg.rf.569dd955b0fc015a68208fb820368007.jpg,Low-Dirty,dirty,roboflow_dirt_det,test
ccba58694926,Data/raw/roboflow_dirt/train/IMG_20241002_214915_423_jpg.rf.560eef4746086e82d1dc544865cbc3a3.jpg,Clean,clean,roboflow_dirt_det,test
4a5c2ec2b346,Data/raw/roboflow_dirt/train/IMG_20241003_092418_134_jpg.rf.55ea84429320fdf434c698ce2460f83b.jpg,High-Dirty,dirty,roboflow_dirt_det,test
26e3afaec334,Data/raw/roboflow_dirt/train/IMG_20241003_094329_731_jpg.rf.549c2e46526b04726931165850c0f970.jpg,Low-Dirty,dirty,roboflow_dirt_det,test
53f9447b9bef,Data/raw/roboflow_dirt/train/IMG_20241003_093245_295_jpg.rf.54ead8f8e6b354bf65db554a2a89d029.jpg,Low-Dirty,dirty,roboflow_dirt_det,test
d2fefba6a507,Data/raw/roboflow_dirt/train/IMG_20241003_090240_796_jpg.rf.54e8e7f8381584e56ab123862fbb8af7.jpg,Clean,clean,roboflow_dirt_det,test
8835049d1813,Data/raw/roboflow_dirt/train/IMG_20241003_093856_004_jpg.rf.552311a2e29c1994f77383c6b87def59.jpg,Low-Dirty,dirty,roboflow_dirt_det,test
8772d63f1794,Data/raw/roboflow_dirt/train/IMG_20241003_093426_720_jpg.rf.56e926605ad2f772cd3e815fa85b1436.jpg,High-Dirty,dirty,roboflow_dirt_det,test
8dfe2b73af7e,Data/raw/roboflow_dirt/train/IMG_20241003_094321_807_jpg.rf.55c077547fbe16ec15dd4501647321e4.jpg,Low-Dirty,dirty,roboflow_dirt_det,test
b897250e09e1,Data/raw/roboflow_dirt/train/IMG_20241003_093821_621_jpg.rf.569ccc46357fe0fb87d437eb2118bd5e.jpg,Low-Dirty,dirty,roboflow_dirt_det,test
9da73bde70a9,Data/raw/roboflow_dirt/train/IMG_20241003_094249_068_jpg.rf.57d8aa4f7069b3384fe21140b9f88ab2.jpg,Low-Dirty,dirty,roboflow_dirt_det,test
28b37542e0fc,Data/raw/roboflow_dirt/train/IMG_20241003_093527_609_jpg.rf.57ec659e00a785d088a67099cc986a0d.jpg,High-Dirty,dirty,roboflow_dirt_det,test
f6043f5d1b2a,Data/raw/roboflow_dirt/train/IMG_20241003_095053_637_jpg.rf.574c94535773fdcbab818f34a5c91c95.jpg,Low-Dirty,dirty,roboflow_dirt_det,test
213fcc40c08a,Data/raw/roboflow_dirt/train/IMG_20241003_090240_796_jpg.rf.566c1db1598ae1ecdb040ee2bed0f606.jpg,Clean,clean,roboflow_dirt_det,test
fdb657305acc,Data/raw/roboflow_dirt/train/IMG_20241003_085911_455_jpg.rf.5803626a2e4d07cbb42c54a713490343.jpg,Clean,clean,roboflow_dirt_det,test
0b662aa74f6a,Data/raw/roboflow_dirt/train/IMG_20241003_094255_737_jpg.rf.57bcca663f289ba8872897a2bd461ae4.jpg,Low-Dirty,dirty,roboflow_dirt_det,test
8e98bff991a4,Data/raw/roboflow_dirt/train/IMG_20241003_093856_981_jpg.rf.56d80851529640a6d0bd7a6ad9cd7fa3.jpg,Low-Dirty,dirty,roboflow_dirt_det,test
f0a3c4d90507,Data/raw/roboflow_dirt/train/IMG_20241003_093430_864_jpg.rf.57a7f1343c82c8e3ad89902f40e6d705.jpg,High-Dirty,dirty,roboflow_dirt_det,test
dab43b78c84c,Data/raw/roboflow_dirt/train/IMG_20241003_085946_030_jpg.rf.567951294af5f58d49ad0c5c1b28a612.jpg,Clean,clean,roboflow_dirt_det,test
a40c722f4add,Data/raw/roboflow_dirt/train/IMG_20241003_093739_578_jpg.rf.56a302d058fa8dd6ac26861af7803063.jpg,Low-Dirty,dirty,roboflow_dirt_det,test
0e8385c36f05,Data/raw/roboflow_dirt/train/IMG_20241003_093914_464_jpg.rf.57dd513d89b0a2ff5c3b80cadff0cbdf.jpg,Low-Dirty,dirty,roboflow_dirt_det,test
7a79738e3813,Data/raw/roboflow_dirt/train/IMG_20241003_093410_022_jpg.rf.53cb3de3bd76a312a836ee29549f1aae.jpg,High-Dirty,dirty,roboflow_dirt_det,test
ed62f9e70c55,Data/raw/roboflow_dirt/train/IMG_20241003_093804_439_jpg.rf.55773a822646a0414c2d7c2b7a6b9602.jpg,Low-Dirty,dirty,roboflow_dirt_det,test
db9303a4b252,Data/raw/roboflow_dirt/train/IMG_20241003_091059_584_jpg.rf.570fc98921a54d245844ca15ffb45148.jpg,Clean,clean,roboflow_dirt_det,test
428471c60dac,Data/raw/roboflow_dirt/train/IMG_20241003_094239_799_jpg.rf.58304eaa1aac5259d37c0b402c3f9a11.jpg,Low-Dirty,dirty,roboflow_dirt_det,test
61a95a278106,Data/raw/roboflow_dirt/train/IMG_20241003_094515_803_jpg.rf.589269fdb6262421af544cf327a465b8.jpg,Low-Dirty,dirty,roboflow_dirt_det,test
9342934bc72a,Data/raw/roboflow_dirt/train/IMG_20241003_093747_373_jpg.rf.589f0f14188ba8f32bfafe08708c4218.jpg,Low-Dirty,dirty,roboflow_dirt_det,test
a99f1ee3a1e2,Data/raw/roboflow_dirt/train/IMG_20241003_092419_945_jpg.rf.584c572a6915433730a54435f49f77e2.jpg,High-Dirty,dirty,roboflow_dirt_det,test
0d30dc6c87a7,Data/raw/roboflow_dirt/train/IMG_20241003_092256_439_jpg.rf.58cc87d94de16984c17c70d91ca0d9ca.jpg,High-Dirty,dirty,roboflow_dirt_det,test
d245ea9c239c,Data/raw/roboflow_dirt/train/IMG_20241003_093818_198_jpg.rf.598f59ddd1100852fdc92d3eeb79cff6.jpg,Low-Dirty,dirty,roboflow_dirt_det,test
c33ef3f5e058,Data/raw/roboflow_dirt/train/IMG_20241003_093401_886_jpg.rf.593d7725b274d4bd5cd6e2647625ccd8.jpg,High-Dirty,dirty,roboflow_dirt_det,test
29ebeda091b6,Data/raw/roboflow_dirt/train/IMG_20241003_093133_076_jpg.rf.59f0cbbcc64e0f708460af7d456ee347.jpg,Low-Dirty,dirty,roboflow_dirt_det,test
7868a004c223,Data/raw/roboflow_dirt/train/IMG_20241003_094511_277_jpg.rf.58b6da70d2f87a9b5512356fca370e19.jpg,Low-Dirty,dirty,roboflow_dirt_det,test
737e43bd9242,Data/raw/roboflow_dirt/train/IMG_20241003_093436_943_jpg.rf.59e052382a5f00f40a95d92e599b2312.jpg,High-Dirty,dirty,roboflow_dirt_det,test
8099674c3c8f,Data/raw/roboflow_dirt/train/IMG_20241003_093550_482_jpg.rf.59b47721196c52b272c640a564a2e4ca.jpg,High-Dirty,dirty,roboflow_dirt_det,test
cd5da85861fa,Data/raw/roboflow_dirt/train/IMG_20241003_094654_305_jpg.rf.58ed7723cb7013a98bf821766e699410.jpg,Low-Dirty,dirty,roboflow_dirt_det,test
0805f48cf8ae,Data/raw/roboflow_dirt/train/IMG_20241003_092711_562_jpg.rf.5a3466a90987fafb8e0f3584213703d9.jpg,Low-Dirty,dirty,roboflow_dirt_det,test
e8c588571842,Data/raw/roboflow_dirt/train/IMG_20241003_091424_599_jpg.rf.58a2582ec9f72beda2fc5ac681982534.jpg,Clean,clean,roboflow_dirt_det,test
4833dbae783c,Data/raw/roboflow_dirt/train/IMG_20241003_093423_576_jpg.rf.59dca6ed9804054e4a6ad99d98208502.jpg,High-Dirty,dirty,roboflow_dirt_det,test
57f1def081b1,Data/raw/roboflow_dirt/train/IMG_20241003_090319_024_jpg.rf.59f8d7acc585f6379b6b52f68fd411c5.jpg,Clean,clean,roboflow_dirt_det,test
eb57fbdad7c8,Data/raw/roboflow_dirt/train/IMG_20241003_090728_530_jpg.rf.5b183cf82ef7714435b59017eb30cb9b.jpg,Clean,clean,roboflow_dirt_det,test
56b286bd11a4,Data/raw/roboflow_dirt/train/IMG_20241003_094903_065_jpg.rf.5a212f1c208a2b7bffe863fd6923a4d3.jpg,Low-Dirty,dirty,roboflow_dirt_det,test
da71a353bc18,Data/raw/roboflow_dirt/train/IMG_20241003_095052_707_jpg.rf.5ace45e95b1d3090896908486e63da1a.jpg,Low-Dirty,dirty,roboflow_dirt_det,test
1abb6cf5f27a,Data/raw/roboflow_dirt/train/IMG_20241003_095122_733_jpg.rf.5a90b65c08a99da39adf98bc9a3aa303.jpg,Low-Dirty,dirty,roboflow_dirt_det,test
e528596f1311,Data/raw/roboflow_dirt/train/IMG_20241003_092248_229_jpg.rf.5a1ceca5e8f54e39aee42e8760ec00e5.jpg,High-Dirty,dirty,roboflow_dirt_det,test
2da228383cef,Data/raw/roboflow_dirt/train/IMG_20241003_093855_096_jpg.rf.5a70316d8d2761bc91f1f9dd9acd874b.jpg,Low-Dirty,dirty,roboflow_dirt_det,test
e391868aaf06,Data/raw/roboflow_dirt/train/IMG_20241003_095324_568_jpg.rf.5961ee3478781832c7acf0cd42eb268c.jpg,Low-Dirty,dirty,roboflow_dirt_det,test
2addf1cea983,Data/raw/roboflow_dirt/train/IMG_20241003_094336_913_jpg.rf.5a27ad875ac82c602b3e2a17695f7b64.jpg,Low-Dirty,dirty,roboflow_dirt_det,test
934956ddf8a2,Data/raw/roboflow_dirt/train/IMG_20241003_093406_564_jpg.rf.59d86da74455d8d80b121b6419a8547d.jpg,High-Dirty,dirty,roboflow_dirt_det,test
a2b2cc667683,Data/raw/roboflow_dirt/train/IMG_20241003_093142_276_jpg.rf.5a9dc4d320adb3136a9b322dd1b30066.jpg,Low-Dirty,dirty,roboflow_dirt_det,test
311dab81fa2e,Data/raw/roboflow_dirt/train/IMG_20241003_095454_112_jpg.rf.5b24ae55691564b8f8bb481e7e42ea97.jpg,Low-Dirty,dirty,roboflow_dirt_det,test
0baf9c5fd1dc,Data/raw/roboflow_dirt/train/IMG_20241003_094826_222_jpg.rf.5b4451789c8463fd15816de488e1a58a.jpg,Low-Dirty,dirty,roboflow_dirt_det,test
ba575fca2bb1,Data/raw/roboflow_dirt/train/IMG_20241003_094705_887_jpg.rf.5d890b3528cb4d75434e6ef60ec6daaf.jpg,Low-Dirty,dirty,roboflow_dirt_det,test
998395067a69,Data/raw/roboflow_dirt/train/IMG_20241003_093738_840_jpg.rf.5bb8a5e62aec6428229ee51a4b0773fe.jpg,Low-Dirty,dirty,roboflow_dirt_det,test
36ed316c43b3,Data/raw/roboflow_dirt/train/IMG_20241003_093612_491_jpg.rf.5bc13d3b2a7b421e6bf3cafb0940aa42.jpg,High-Dirty,dirty,roboflow_dirt_det,test
6184ea6422c5,Data/raw/roboflow_dirt/train/IMG_20241003_093019_302_jpg.rf.5e622022bb0903e285d6eb3a115aa17b.jpg,Low-Dirty,dirty,roboflow_dirt_det,test
5f76c67e713c,Data/raw/roboflow_dirt/train/IMG_20241003_095828_386_jpg.rf.5cf9fcb9200530e781aca9cc43834ee7.jpg,Low-Dirty,dirty,roboflow_dirt_det,test
d865e32d3fcf,Data/raw/roboflow_dirt/train/IMG_20241003_093013_764_jpg.rf.5c265c6a134e7bc8a0ba4f43b1ade32f.jpg,Low-Dirty,dirty,roboflow_dirt_det,test
7c1acab6ee4a,Data/raw/roboflow_dirt/train/IMG_20241003_094654_305_jpg.rf.5dcbfd4714c81f8063ff9e34b37ae844.jpg,Low-Dirty,dirty,roboflow_dirt_det,test
c0a240cad54b,Data/raw/roboflow_dirt/train/IMG_20241003_091347_047_jpg.rf.5eb88895f40ca263b6bdab80fc1d3b5d.jpg,Clean,clean,roboflow_dirt_det,test
24a6e2ed0bbc,Data/raw/roboflow_dirt/train/IMG_20241003_095410_317_jpg.rf.5c5bef35dab440293bd223852a3d4414.jpg,Low-Dirty,dirty,roboflow_dirt_det,test
6495b06c7733,Data/raw/roboflow_dirt/train/IMG_20241003_092216_996_jpg.rf.5d0431d664fe6aabaa317c3530fee38b.jpg,High-Dirty,dirty,roboflow_dirt_det,test
8cea6dca6236,Data/raw/roboflow_dirt/train/IMG_20241003_092432_127_jpg.rf.5dfe6fce9c5524a6326a224257412bf5.jpg,High-Dirty,dirty,roboflow_dirt_det,test
21e368994521,Data/raw/roboflow_dirt/train/IMG_20241003_091236_105_jpg.rf.5e65dece1207b467e52115d6575a994a.jpg,Clean,clean,roboflow_dirt_det,test
4b26ff94ff74,Data/raw/roboflow_dirt/train/IMG_20241003_090554_993_jpg.rf.5e6bde380c127a4a04c207f648959598.jpg,Clean,clean,roboflow_dirt_det,test
431bcdb14f83,Data/raw/roboflow_dirt/train/IMG_20241003_093416_608_jpg.rf.5e3c84294480d1dac8a035903ecebb8d.jpg,High-Dirty,dirty,roboflow_dirt_det,test
e4b80fc64d94,Data/raw/roboflow_dirt/train/IMG_20241003_094724_229_jpg.rf.5e5c6fc97cf006c14de4d160e07bd886.jpg,Low-Dirty,dirty,roboflow_dirt_det,test
292e9e53c74e,Data/raw/roboflow_dirt/train/IMG_20241003_093413_726_jpg.rf.5ceb5396c3f4e7a2d8c9b6d567d87612.jpg,High-Dirty,dirty,roboflow_dirt_det,test
58957187b851,Data/raw/roboflow_dirt/train/IMG_20241003_092243_638_jpg.rf.5c6c48ad4f707aff097894c3e92acc8c.jpg,High-Dirty,dirty,roboflow_dirt_det,test
66307b1d6d92,Data/raw/roboflow_dirt/train/IMG_20241003_090105_619_jpg.rf.5bd25096ae370ee5be5fadafbe66d81a.jpg,Clean,clean,roboflow_dirt_det,test
2e072ddcfa6a,Data/raw/roboflow_dirt/train/IMG_20241003_093825_491_jpg.rf.5cf3c32100d3b5f37cece040e85e611a.jpg,Low-Dirty,dirty,roboflow_dirt_det,test
d8d8b4e7b64c,Data/raw/roboflow_dirt/train/IMG_20241003_085832_965_jpg.rf.5ec9eb7a01a3fa37f47229bd1ab8bcd2.jpg,Clean,clean,roboflow_dirt_det,test
a1d79dcab47f,Data/raw/roboflow_dirt/train/IMG_20241003_094306_768_jpg.rf.5f08883f057f8ed7e9b8222240c5e109.jpg,Low-Dirty,dirty,roboflow_dirt_det,test
76745e3d9c78,Data/raw/roboflow_dirt/train/IMG_20241003_090138_418_jpg.rf.5c57f963e500955a899c2e523fdda014.jpg,Clean,clean,roboflow_dirt_det,test
3dc3ebbf68ac,Data/raw/roboflow_dirt/train/IMG_20241003_090923_771_jpg.rf.5c43034d4bd51389f9657a784fcee46a.jpg,Clean,clean,roboflow_dirt_det,test
d1ad664aac55,Data/raw/roboflow_dirt/train/IMG_20241003_094254_522_jpg.rf.5e7d531b86a7850a0659a25c330666d5.jpg,Low-Dirty,dirty,roboflow_dirt_det,test
1a903843b750,Data/raw/roboflow_dirt/train/IMG_20241003_085827_567_jpg.rf.5bdf0a6fe815c659275c79e836171db3.jpg,Clean,clean,roboflow_dirt_det,test
f34529c74b3b,Data/raw/roboflow_dirt/train/IMG_20241003_091059_584_jpg.rf.5e54ba639fd80ea50861f0de7401cdda.jpg,Clean,clean,roboflow_dirt_det,test
0b08194659fa,Data/raw/roboflow_dirt/train/IMG_20241003_095527_235_jpg.rf.5d4d8fb4c66b08a66a01411cb4e9f0f8.jpg,Low-Dirty,dirty,roboflow_dirt_det,test
b32db649b741,Data/raw/roboflow_dirt/train/IMG_20241003_094702_752_jpg.rf.5ef901fdf445aeb5afeaa0dc1c086621.jpg,Low-Dirty,dirty,roboflow_dirt_det,test
db2ce6ee92ab,Data/raw/roboflow_dirt/train/IMG_20241003_095745_366_jpg.rf.5fa292fe9252f18286be499bc5a86fdc.jpg,Low-Dirty,dirty,roboflow_dirt_det,test
b3d0a2fb0060,Data/raw/roboflow_dirt/train/IMG_20241003_095614_349_jpg.rf.5f9e7ad609f31007d9ede6ed86554ca7.jpg,Low-Dirty,dirty,roboflow_dirt_det,test
a8f30e4a03c8,Data/raw/roboflow_dirt/train/IMG_20241003_095051_800_jpg.rf.5f6e9bdafdf8cc3b692031908fc2d4da.jpg,Low-Dirty,dirty,roboflow_dirt_det,test
2f0f020d9a77,Data/raw/roboflow_dirt/train/IMG_20241003_093815_993_jpg.rf.5f29c80208d5ef74b652e0782116152e.jpg,Low-Dirty,dirty,roboflow_dirt_det,test
2ab93e271689,Data/raw/roboflow_dirt/train/IMG_20241003_093403_022_jpg.rf.5f32e1287d9443aab0ad39980b73abee.jpg,High-Dirty,dirty,roboflow_dirt_det,test
8b5108948ab7,Data/raw/roboflow_dirt/train/IMG_20241003_090556_090_jpg.rf.5f31c8f075c8ca823fd2e2888a67349c.jpg,Clean,clean,roboflow_dirt_det,test
83c882eb3276,Data/raw/roboflow_dirt/train/IMG_20241003_090856_713_jpg.rf.60306623cedc0b9fe9bdaf1f72f762d3.jpg,Clean,clean,roboflow_dirt_det,test
6ee497cdac28,Data/raw/roboflow_dirt/train/IMG_20241003_094710_321_jpg.rf.5f385837e75deb6a6723d29c58bae161.jpg,Low-Dirty,dirty,roboflow_dirt_det,test
3cacf3892f8c,Data/raw/roboflow_dirt/train/IMG_20241003_093536_131_jpg.rf.5fcee8c4fee33a6a76a6099a2926c7ad.jpg,High-Dirty,dirty,roboflow_dirt_det,test
9da5a8f48ebc,Data/raw/roboflow_dirt/train/IMG_20241003_094821_018_jpg.rf.610dae7842bb3b210b2f2cf8684cc0f9.jpg,Low-Dirty,dirty,roboflow_dirt_det,test
d1416a5b1b95,Data/raw/roboflow_dirt/train/IMG_20241003_095114_243_jpg.rf.609314ead29a30a2eee0f205ff93dca6.jpg,Low-Dirty,dirty,roboflow_dirt_det,test
7e09e8b05a85,Data/raw/roboflow_dirt/train/IMG_20241003_095110_443_jpg.rf.5fcd8b5fa38d99c5ade6b8d1835b3fe7.jpg,Low-Dirty,dirty,roboflow_dirt_det,test
bb716cb62785,Data/raw/roboflow_dirt/train/IMG_20241003_092418_134_jpg.rf.610dd36319816886076aec6c4019612d.jpg,High-Dirty,dirty,roboflow_dirt_det,test
9f6ca0eb568c,Data/raw/roboflow_dirt/train/IMG_20241003_093855_363_jpg.rf.61299583550a4e3b643591bc88ba7172.jpg,Low-Dirty,dirty,roboflow_dirt_det,test
3fe8cf880be9,Data/raw/roboflow_dirt/train/IMG_20241003_093355_378_jpg.rf.5f44845e9d6816574877f6932691f96f.jpg,High-Dirty,dirty,roboflow_dirt_det,test
947b47d3ace5,Data/raw/roboflow_dirt/train/IMG_20241003_094824_826_jpg.rf.5f97ec17feeca3308349dc1ff9c05b5a.jpg,Low-Dirty,dirty,roboflow_dirt_det,test
cb534d56762f,Data/raw/roboflow_dirt/train/IMG_20241003_093740_057_jpg.rf.5fa8864d52e6645629fa70e33d38219e.jpg,Low-Dirty,dirty,roboflow_dirt_det,test
4676245cf689,Data/raw/roboflow_dirt/train/IMG_20241003_093536_131_jpg.rf.619f2e734e2746c5d7ab598f7143da8c.jpg,High-Dirty,dirty,roboflow_dirt_det,test
27e86c77ce0e,Data/raw/roboflow_dirt/train/IMG_20241003_093736_483_jpg.rf.6114452c11e02f66a8d0fed4655be86f.jpg,Low-Dirty,dirty,roboflow_dirt_det,test
27cf1a86afb1,Data/raw/roboflow_dirt/train/IMG_20241003_094319_522_jpg.rf.60e1edf2edc401784e03d6674463bdce.jpg,Low-Dirty,dirty,roboflow_dirt_det,test
1ed44e7d693e,Data/raw/roboflow_dirt/train/IMG_20241003_093855_096_jpg.rf.611477f311832e6e10ba48a32a2ec4c5.jpg,Low-Dirty,dirty,roboflow_dirt_det,test
a93e7e6f219b,Data/raw/roboflow_dirt/train/IMG_20241003_090441_528_jpg.rf.60dfa3f44e097aeb3ed26243b2773258.jpg,Clean,clean,roboflow_dirt_det,test
4393f139f342,Data/raw/roboflow_dirt/train/IMG_20241003_093849_481_jpg.rf.613e06053de9602de536a7f0384d36b8.jpg,Low-Dirty,dirty,roboflow_dirt_det,test
57f057975ed5,Data/raw/roboflow_dirt/train/IMG_20241003_093409_207_jpg.rf.611169422108aff4670210106c11ad1b.jpg,High-Dirty,dirty,roboflow_dirt_det,test
8bb29726ae99,Data/raw/roboflow_dirt/train/IMG_20241003_092416_509_jpg.rf.61c86c23818511c7ae1431c4c9f398ff.jpg,High-Dirty,dirty,roboflow_dirt_det,test
2556c33ea1c3,Data/raw/roboflow_dirt/train/IMG_20241003_093440_160_jpg.rf.621b59b05b90219c9163a7453d680699.jpg,High-Dirty,dirty,roboflow_dirt_det,test
ec87d4892d55,Data/raw/roboflow_dirt/train/IMG_20241003_093832_474_jpg.rf.5fd4ea9b7951da369e03c88064cb0b2f.jpg,Low-Dirty,dirty,roboflow_dirt_det,test
4fc8463ed2c8,Data/raw/roboflow_dirt/train/IMG_20241003_090834_147_jpg.rf.61d5c556edfe6434673d471cd881da20.jpg,Clean,clean,roboflow_dirt_det,test
f06f76f0ae6b,Data/raw/roboflow_dirt/train/IMG_20241003_090039_731_jpg.rf.61d643fe1c3d88085cac7eab079acaf0.jpg,Clean,clean,roboflow_dirt_det,test
d30cf5185743,Data/raw/roboflow_dirt/train/IMG_20241003_094233_102_jpg.rf.624d144f36b8a41318c2a560b7a58742.jpg,Low-Dirty,dirty,roboflow_dirt_det,test
3c8e67dc0608,Data/raw/roboflow_dirt/train/IMG_20241003_093819_407_jpg.rf.62bd11d9f32e093ed22cfdcabd096e41.jpg,Low-Dirty,dirty,roboflow_dirt_det,test
b3e0e3233b16,Data/raw/roboflow_dirt/train/IMG_20241003_093429_613_jpg.rf.6247ef8561b89f7318b921f73a9f97cd.jpg,High-Dirty,dirty,roboflow_dirt_det,test
f6ed260c37ee,Data/raw/roboflow_dirt/train/IMG_20241003_090916_928_jpg.rf.6257f71d1efe227a0d824b1d3e0d1fa4.jpg,Clean,clean,roboflow_dirt_det,test
2e4202979761,Data/raw/roboflow_dirt/train/IMG_20241003_095139_755_jpg.rf.62e4ef03e0f7d76a2e7c52807410bd4e.jpg,Low-Dirty,dirty,roboflow_dirt_det,test
f230f00e48e0,Data/raw/roboflow_dirt/train/IMG_20241003_093023_751_jpg.rf.61fd7f6a2965e84cf1b29cc8b91dba9c.jpg,Low-Dirty,dirty,roboflow_dirt_det,test
d699f63799f0,Data/raw/roboflow_dirt/train/IMG_20241003_094325_028_jpg.rf.631d680c3e96999c1add38877d928e69.jpg,Low-Dirty,dirty,roboflow_dirt_det,test
6ff963fdae97,Data/raw/roboflow_dirt/train/IMG_20241003_094327_091_jpg.rf.6323505d3fc9491dc52edd8db36e7b5a.jpg,Low-Dirty,dirty,roboflow_dirt_det,test
f02e5d58440c,Data/raw/roboflow_dirt/train/IMG_20241003_094250_538_jpg.rf.62c3a8582b912e8b6a0515f4142ca372.jpg,Low-Dirty,dirty,roboflow_dirt_det,test
09f909b45a1e,Data/raw/roboflow_dirt/train/IMG_20241003_093847_034_jpg.rf.62f38a313d8a82060df0054e399a5064.jpg,Low-Dirty,dirty,roboflow_dirt_det,test
a0a27b723c76,Data/raw/roboflow_dirt/train/IMG_20241003_093514_931_jpg.rf.62cdeaa8f4a22d7d28f82d252439ad91.jpg,High-Dirty,dirty,roboflow_dirt_det,test
a0d11cc1f664,Data/raw/roboflow_dirt/train/IMG_20241003_092256_439_jpg.rf.63183369db13d71144385a2b662d1f25.jpg,High-Dirty,dirty,roboflow_dirt_det,test
b17c3da19189,Data/raw/roboflow_dirt/train/IMG_20241003_091605_984_jpg.rf.62b7e543da6cfb6c078ce1269171ec0a.jpg,Clean,clean,roboflow_dirt_det,test
ea14f89d4a74,Data/raw/roboflow_dirt/train/IMG_20241003_090035_122_jpg.rf.63251a81df12e4d19e042ea4c2f67213.jpg,Clean,clean,roboflow_dirt_det,test
87cca3488b52,Data/raw/roboflow_dirt/train/IMG_20241003_093357_695_jpg.rf.6379029ece1062f38e9d9c7f22a0e340.jpg,High-Dirty,dirty,roboflow_dirt_det,test
c31ad17e0797,Data/raw/roboflow_dirt/train/IMG_20241003_093723_199_jpg.rf.6325cacd31eb86b895eb7ece67c17e08.jpg,Low-Dirty,dirty,roboflow_dirt_det,test
de4b96b58874,Data/raw/roboflow_dirt/train/IMG_20241003_093806_778_jpg.rf.636dbf4fc1f6cd0e6986f0cd9fde8ee5.jpg,Low-Dirty,dirty,roboflow_dirt_det,test
3037ba02eb0c,Data/raw/roboflow_dirt/train/IMG_20241003_093856_004_jpg.rf.634c652706d9ccafac77a00d0537c558.jpg,Low-Dirty,dirty,roboflow_dirt_det,test
6a7b273171b5,Data/raw/roboflow_dirt/train/IMG_20241003_093632_513_jpg.rf.653c1f79e9219ac6d7329726817ae415.jpg,High-Dirty,dirty,roboflow_dirt_det,test
eaba30dc2771,Data/raw/roboflow_dirt/train/IMG_20241003_094727_426_jpg.rf.639d5e73ea15e4cba06a1862cf632b01.jpg,Low-Dirty,dirty,roboflow_dirt_det,test
1d6cc42d9822,Data/raw/roboflow_dirt/train/IMG_20241003_093353_323_jpg.rf.654423e9d499f618287da01f8c601d78.jpg,High-Dirty,dirty,roboflow_dirt_det,test
ac87db1c7d82,Data/raw/roboflow_dirt/train/IMG_20241003_095220_757_jpg.rf.637aac6b09de31d0d0bed5f2e5845b88.jpg,Low-Dirty,dirty,roboflow_dirt_det,test
b3cfc9fb64df,Data/raw/roboflow_dirt/train/IMG_20241003_094818_492_jpg.rf.646067d57024d4ce7a63067bed690a1b.jpg,Low-Dirty,dirty,roboflow_dirt_det,test
c7e0c64c0878,Data/raw/roboflow_dirt/train/IMG_20241003_094814_838_jpg.rf.644cd2c9cc0dcadb18aae13e001151d5.jpg,Low-Dirty,dirty,roboflow_dirt_det,test
b99736097596,Data/raw/roboflow_dirt/train/IMG_20241003_090240_796_jpg.rf.63a99784caa678fae6d5558eb67e875f.jpg,Clean,clean,roboflow_dirt_det,test
6cf7eb10118b,Data/raw/roboflow_dirt/train/IMG_20241003_094247_031_jpg.rf.63edfb3d9e46fc402e8a82f011e41f55.jpg,Low-Dirty,dirty,roboflow_dirt_det,test
be42b9edcce2,Data/raw/roboflow_dirt/train/IMG_20241003_092541_179_jpg.rf.64d31488bde86d835edc576059d210a3.jpg,High-Dirty,dirty,roboflow_dirt_det,test
c2abb6cc501e,Data/raw/roboflow_dirt/train/IMG_20241003_094301_007_jpg.rf.645003fae21d6b364e657d851c005bc4.jpg,Low-Dirty,dirty,roboflow_dirt_det,test
23889e4c487c,Data/raw/roboflow_dirt/train/IMG_20241003_093013_764_jpg.rf.64dcae9daed92dc0827721fa60c9970f.jpg,Low-Dirty,dirty,roboflow_dirt_det,test
433edeb6e015,Data/raw/roboflow_dirt/train/IMG_20241003_090834_147_jpg.rf.64e3a31441ee445786e1525221343dbc.jpg,Clean,clean,roboflow_dirt_det,test
c1dbacdb696c,Data/raw/roboflow_dirt/train/IMG_20241003_091133_224_jpg.rf.64d80c539cce8a96d8f1ef06e7681dbd.jpg,Clean,clean,roboflow_dirt_det,test
4dee676a2087,Data/raw/roboflow_dirt/train/IMG_20241003_093554_850_jpg.rf.65c4e353e33b20302ca306c5ba71f3c7.jpg,High-Dirty,dirty,roboflow_dirt_det,test
4f434ebb0572,Data/raw/roboflow_dirt/train/IMG_20241003_094325_651_jpg.rf.63b9a695d9c443a4349f877c651e9936.jpg,Low-Dirty,dirty,roboflow_dirt_det,test
f8034cced3e8,Data/raw/roboflow_dirt/train/IMG_20241003_093504_737_jpg.rf.663a9805b87dbdaf02548d5690b04744.jpg,High-Dirty,dirty,roboflow_dirt_det,test
700bdbdcadf9,Data/raw/roboflow_dirt/train/IMG_20241003_093804_279_jpg.rf.660315cc7163400b7ae4652e49f4a607.jpg,Low-Dirty,dirty,roboflow_dirt_det,test
d7735888583d,Data/raw/roboflow_dirt/train/IMG_20241003_093820_932_jpg.rf.654eb52e585a050d944087957c2fe4d8.jpg,Low-Dirty,dirty,roboflow_dirt_det,test
214c8994b5d6,Data/raw/roboflow_dirt/train/IMG_20241003_093737_866_jpg.rf.65bd5459d9694ef4fcffecb3fb8196c2.jpg,Low-Dirty,dirty,roboflow_dirt_det,test
84136c7ba1d4,Data/raw/roboflow_dirt/train/IMG_20241003_093843_343_jpg.rf.654f0f22633949cdaa04ff6afc30415d.jpg,Low-Dirty,dirty,roboflow_dirt_det,test
02a37e8515a3,Data/raw/roboflow_dirt/train/IMG_20241003_085909_041_jpg.rf.6522b599b14b35f7600f71d2c8778f78.jpg,Clean,clean,roboflow_dirt_det,test
cd802ca2be54,Data/raw/roboflow_dirt/train/IMG_20241003_095745_366_jpg.rf.64eb9eb4382afede46eca49ccf505ff9.jpg,Low-Dirty,dirty,roboflow_dirt_det,test
e5e608a49e4d,Data/raw/roboflow_dirt/train/IMG_20241003_090923_771_jpg.rf.659992810de958d4792b61ccfa8f5df3.jpg,Clean,clean,roboflow_dirt_det,test
f7db3240928a,Data/raw/roboflow_dirt/train/IMG_20241003_091536_825_jpg.rf.6647dbf1c9b56256c0bffc349ba63ed3.jpg,Clean,clean,roboflow_dirt_det,test
b1b802b58d38,Data/raw/roboflow_dirt/train/IMG_20241003_091610_018_jpg.rf.664e2068bb89fe60453b647ea8cafb63.jpg,Clean,clean,roboflow_dirt_det,test
07b4c2954839,Data/raw/roboflow_dirt/train/IMG_20241003_092435_418_jpg.rf.6650d682873a45a277338c74ff7f256f.jpg,High-Dirty,dirty,roboflow_dirt_det,test
d7bab5d77bde,Data/raw/roboflow_dirt/train/IMG_20241003_092252_208_jpg.rf.668978f7b763d6b906a74c9063a6657a.jpg,High-Dirty,dirty,roboflow_dirt_det,test
d8e28cef91c8,Data/raw/roboflow_dirt/train/IMG_20241003_093501_501_jpg.rf.66e7d46df10e954ee42efc9acba71076.jpg,High-Dirty,dirty,roboflow_dirt_det,test
47fb75c7f6e0,Data/raw/roboflow_dirt/train/IMG_20241002_214917_195_jpg.rf.665c123ef1e348280afd6643ec693ab1.jpg,Clean,clean,roboflow_dirt_det,test
90d8a68ff612,Data/raw/roboflow_dirt/train/IMG_20241003_095128_047_jpg.rf.67036293743afbb809f6140abe8fe9d7.jpg,Low-Dirty,dirty,roboflow_dirt_det,test
6d28ced1cac2,Data/raw/roboflow_dirt/train/IMG_20241003_092212_886_jpg.rf.67211156519df2c48a24dae9eff068c7.jpg,High-Dirty,dirty,roboflow_dirt_det,test
0178b4e820d6,Data/raw/roboflow_dirt/train/IMG_20241003_090551_177_jpg.rf.669798790cbef6278587fcdb73a01ad3.jpg,Clean,clean,roboflow_dirt_det,test
7470d0c2d180,Data/raw/roboflow_dirt/train/IMG_20241003_094307_789_jpg.rf.67e564ecdf926c87565c088a591b5eeb.jpg,Low-Dirty,dirty,roboflow_dirt_det,test
5dbe0266a9db,Data/raw/roboflow_dirt/train/IMG_20241003_093806_115_jpg.rf.66ca3ee4f44093eb3407f6e39ca57b7d.jpg,Low-Dirty,dirty,roboflow_dirt_det,test
d62e4f492009,Data/raw/roboflow_dirt/train/IMG_20241003_093946_841_jpg.rf.6782cb829ee26598b8aa779e238b16e5.jpg,Low-Dirty,dirty,roboflow_dirt_det,test
53d4db1661a1,Data/raw/roboflow_dirt/train/IMG_20241003_090219_433_jpg.rf.6895028b13c818a221f73ca6a49c92b2.jpg,Clean,clean,roboflow_dirt_det,test
4190a65a32d6,Data/raw/roboflow_dirt/train/IMG_20241003_094234_573_jpg.rf.6657dbc49d05d156d097ea7ce5118494.jpg,Low-Dirty,dirty,roboflow_dirt_det,test
b0ee95c00b6f,Data/raw/roboflow_dirt/train/IMG_20241003_091628_848_jpg.rf.68da3d775efba8fd863cce06458dab46.jpg,Clean,clean,roboflow_dirt_det,test
da90db4ba1ce,Data/raw/roboflow_dirt/train/IMG_20241003_092419_945_jpg.rf.67162da7efce1db9105291b6f87b699c.jpg,High-Dirty,dirty,roboflow_dirt_det,test
385ce9d6cb60,Data/raw/roboflow_dirt/train/IMG_20241003_093834_481_jpg.rf.66ff0161d1baa338d6f944c39deae574.jpg,Low-Dirty,dirty,roboflow_dirt_det,test
74f4a0ebba89,Data/raw/roboflow_dirt/train/IMG_20241003_093523_349_jpg.rf.68245a3527496d64702a9b6736191480.jpg,High-Dirty,dirty,roboflow_dirt_det,test
02c2bceeecc6,Data/raw/roboflow_dirt/train/IMG_20241003_093847_990_jpg.rf.682f6655ff5825c8cb7e12f5606afe43.jpg,Low-Dirty,dirty,roboflow_dirt_det,test
c210d1cec518,Data/raw/roboflow_dirt/train/IMG_20241002_214919_019_jpg.rf.67dea4ecd92150a16a9a3ecc614cb6ca.jpg,Clean,clean,roboflow_dirt_det,test
463e15ae776b,Data/raw/roboflow_dirt/train/IMG_20241003_094417_521_jpg.rf.677a39293738f8b8203dbd33321aa433.jpg,Low-Dirty,dirty,roboflow_dirt_det,test
c051b2e0d916,Data/raw/roboflow_dirt/train/IMG_20241003_094336_913_jpg.rf.6822906828805122174fb6ce14bd17ad.jpg,Low-Dirty,dirty,roboflow_dirt_det,test
7b1a6501d14c,Data/raw/roboflow_dirt/train/IMG_20241003_090553_227_jpg.rf.6703aeb36594e4e213214c7931af52dc.jpg,Clean,clean,roboflow_dirt_det,test
1d0b4c2794d9,Data/raw/roboflow_dirt/train/IMG_20241003_094708_221_jpg.rf.66efe1fcfcc4388072045a5ab96db956.jpg,Low-Dirty,dirty,roboflow_dirt_det,test
2c45a22a768d,Data/raw/roboflow_dirt/train/IMG_20241003_091510_869_jpg.rf.68e1fad54480da5c4f1af99c45f91eda.jpg,Clean,clean,roboflow_dirt_det,test
5654b2df00e9,Data/raw/roboflow_dirt/train/IMG_20241003_094830_890_jpg.rf.68cf509b9de843392c9303150e332584.jpg,Low-Dirty,dirty,roboflow_dirt_det,test
55e21bb01dfc,Data/raw/roboflow_dirt/train/IMG_20241003_092212_886_jpg.rf.686a99df2ae86f9aaf8062d74429f6b8.jpg,High-Dirty,dirty,roboflow_dirt_det,test
bf5e5e230fb5,Data/raw/roboflow_dirt/train/IMG_20241003_093034_913_jpg.rf.68e592688191183100ca1b7b93819796.jpg,Low-Dirty,dirty,roboflow_dirt_det,test
9b36eb640df3,Data/raw/roboflow_dirt/train/IMG_20241003_094519_589_jpg.rf.691481990e85dad2ec3a0768bdd89588.jpg,Low-Dirty,dirty,roboflow_dirt_det,test
44f8a9435239,Data/raw/roboflow_dirt/train/IMG_20241003_093422_026_jpg.rf.69657fb50fedbdc124c247b7edcac4c9.jpg,High-Dirty,dirty,roboflow_dirt_det,test
7433c5124741,Data/raw/roboflow_dirt/train/IMG_20241003_090057_556_jpg.rf.696676dd34e8b66a2d0ffe95ed197444.jpg,Clean,clean,roboflow_dirt_det,test
3a397e54f880,Data/raw/roboflow_dirt/train/IMG_20241003_093024_839_jpg.rf.68ee68cb45f133a6dbf8846d567335b2.jpg,Low-Dirty,dirty,roboflow_dirt_det,test
1c06ea84a24a,Data/raw/roboflow_dirt/train/IMG_20241003_091033_670_jpg.rf.69a996339f7d19ac41fbf6f8176dda43.jpg,Clean,clean,roboflow_dirt_det,test
1c79dab4f15f,Data/raw/roboflow_dirt/train/IMG_20241003_093024_839_jpg.rf.69cdb0650bf01a951c66cf17b4ffbbbb.jpg,Low-Dirty,dirty,roboflow_dirt_det,test
c836af067914,Data/raw/roboflow_dirt/train/IMG_20241003_093833_601_jpg.rf.6a382249b12bd5a02fa92792d16d1066.jpg,Low-Dirty,dirty,roboflow_dirt_det,test
053bf2d75a4f,Data/raw/roboflow_dirt/train/IMG_20241003_093848_700_jpg.rf.6aa51a1526aaeca53db1f1f65abf77c9.jpg,Low-Dirty,dirty,roboflow_dirt_det,test
d9cea7d99b7f,Data/raw/roboflow_dirt/train/IMG_20241003_090048_261_jpg.rf.6929796009f54fc6298e4dffbca99281.jpg,Clean,clean,roboflow_dirt_det,test
b0d35474a1e0,Data/raw/roboflow_dirt/train/IMG_20241003_090221_914_jpg.rf.69ffee4d7b03904c0a4cff97d93629e8.jpg,Clean,clean,roboflow_dirt_det,test
89971c0919cf,Data/raw/roboflow_dirt/train/IMG_20241003_095054_810_jpg.rf.6afe7fcafed000537daa452b2eb10880.jpg,Low-Dirty,dirty,roboflow_dirt_det,test
5de4324aa2cc,Data/raw/roboflow_dirt/train/IMG_20241003_093425_880_jpg.rf.6b18747edca5bb4b8dc1ddf1cd94958b.jpg,High-Dirty,dirty,roboflow_dirt_det,test
7bfebefe7800,Data/raw/roboflow_dirt/train/IMG_20241003_093857_613_jpg.rf.69ce619fe235fb6574e0997fde12515a.jpg,Low-Dirty,dirty,roboflow_dirt_det,test
e00844e3d932,Data/raw/roboflow_dirt/train/IMG_20241003_094820_437_jpg.rf.6a89b6742c10fe0d324e04542248f182.jpg,Low-Dirty,dirty,roboflow_dirt_det,test
ec49ae4721c8,Data/raw/roboflow_dirt/train/IMG_20241003_091100_401_jpg.rf.6a2f05159b1a62b48d6b45f7bf61f7e8.jpg,Clean,clean,roboflow_dirt_det,test
1c460b341d2a,Data/raw/roboflow_dirt/train/IMG_20241003_095220_757_jpg.rf.6a9c4fbef0b3a96c2f530a43b8bc8c18.jpg,Low-Dirty,dirty,roboflow_dirt_det,test
f3f65afded7d,Data/raw/roboflow_dirt/train/IMG_20241003_094818_492_jpg.rf.6b23db074110bf7d6d8e5f128caed063.jpg,Low-Dirty,dirty,roboflow_dirt_det,test
09bbefd0c9a6,Data/raw/roboflow_dirt/train/IMG_20241003_091059_584_jpg.rf.6a8bac7cb34ec5341466d8272ff36ae6.jpg,Clean,clean,roboflow_dirt_det,test
c45b702fad45,Data/raw/roboflow_dirt/train/IMG_20241003_093403_436_jpg.rf.693e63d7414a8cd438e952a16406595c.jpg,High-Dirty,dirty,roboflow_dirt_det,test
0fff7dec2fad,Data/raw/roboflow_dirt/train/IMG_20241003_094236_441_jpg.rf.6b0357fa39f29852c3a6f2a8b96332b6.jpg,Low-Dirty,dirty,roboflow_dirt_det,test
e62492e90f3f,Data/raw/roboflow_dirt/train/IMG_20241003_095224_978_jpg.rf.6a7990ff43bdd072eb381516f28f8de1.jpg,Low-Dirty,dirty,roboflow_dirt_det,test
c20633fe6e5e,Data/raw/roboflow_dirt/train/IMG_20241003_091347_047_jpg.rf.6a70015ff93db0e656e846ac8f3af98c.jpg,Clean,clean,roboflow_dirt_det,test
ae0a9ee96215,Data/raw/roboflow_dirt/train/IMG_20241003_095240_533_jpg.rf.6b6edfc578ae0733993858d284cfb045.jpg,Low-Dirty,dirty,roboflow_dirt_det,test
1b51ef988f20,Data/raw/roboflow_dirt/train/IMG_20241003_091206_546_jpg.rf.6af4202ece1f15d7ef4a78518ca0fe77.jpg,Clean,clean,roboflow_dirt_det,test
e86c732655e6,Data/raw/roboflow_dirt/train/IMG_20241003_094336_913_jpg.rf.6b1ab8015540bcf082c8af3db70896fe.jpg,Low-Dirty,dirty,roboflow_dirt_det,test
86c14135d5dc,Data/raw/roboflow_dirt/train/IMG_20241003_094657_036_jpg.rf.6b1d2792a001983caf551b0688d263c5.jpg,Low-Dirty,dirty,roboflow_dirt_det,test
d1f5c6f1ee2d,Data/raw/roboflow_dirt/train/IMG_20241003_094848_148_jpg.rf.6b0b9398ce00c1895d7be2f49b6f164c.jpg,Low-Dirty,dirty,roboflow_dirt_det,test
c1761449709f,Data/raw/roboflow_dirt/train/IMG_20241003_091447_617_jpg.rf.6ca685b2f10cc32e6f48caef76251b1d.jpg,Clean,clean,roboflow_dirt_det,test
40bd084ff527,Data/raw/roboflow_dirt/train/IMG_20241003_092303_644_jpg.rf.6c2b1a194be431fe7c5a4236a33f55d4.jpg,High-Dirty,dirty,roboflow_dirt_det,test
e221a2c657ee,Data/raw/roboflow_dirt/train/IMG_20241003_092157_080_jpg.rf.6c41890f5e5c43d476df2f82edfabfbf.jpg,High-Dirty,dirty,roboflow_dirt_det,test
f90fa7773925,Data/raw/roboflow_dirt/train/IMG_20241003_090839_319_jpg.rf.6c33309740a495849924601eb7c99748.jpg,Clean,clean,roboflow_dirt_det,test
19883c8e270f,Data/raw/roboflow_dirt/train/IMG_20241003_094327_091_jpg.rf.6c88388717ee3a5811c17b895a193327.jpg,Low-Dirty,dirty,roboflow_dirt_det,test
92d616d08e80,Data/raw/roboflow_dirt/train/IMG_20241003_094232_185_jpg.rf.6c086a80ab403b3732544229b7fe0a0a.jpg,Low-Dirty,dirty,roboflow_dirt_det,test
3db7a54c0eb6,Data/raw/roboflow_dirt/train/IMG_20241003_094325_651_jpg.rf.6c15cc5012340e60d9a31baa4db7aa14.jpg,Low-Dirty,dirty,roboflow_dirt_det,test
2f9eca8935cd,Data/raw/roboflow_dirt/train/IMG_20241003_093801_925_jpg.rf.6bb6d92f94e32e594a3960d4c1651359.jpg,Low-Dirty,dirty,roboflow_dirt_det,test
33ec1ef6ef72,Data/raw/roboflow_dirt/train/IMG_20241003_093427_819_jpg.rf.6cee4d84d5b8a4a59c12eecd7fc8d2fb.jpg,High-Dirty,dirty,roboflow_dirt_det,test
9c5518c80b62,Data/raw/roboflow_dirt/train/IMG_20241003_093241_708_jpg.rf.6d44596f4f512810c4b18cbad3698d02.jpg,Low-Dirty,dirty,roboflow_dirt_det,test
ebef64705ffa,Data/raw/roboflow_dirt/train/IMG_20241003_093800_747_jpg.rf.6c6f06d9fbe5149587de92f5c8640800.jpg,Low-Dirty,dirty,roboflow_dirt_det,test
2f4efe6273b5,Data/raw/roboflow_dirt/train/IMG_20241003_093837_039_jpg.rf.6c8e08d89d57f516c07315ad8376d5f5.jpg,Low-Dirty,dirty,roboflow_dirt_det,test
166af8c74f21,Data/raw/roboflow_dirt/train/IMG_20241002_214919_019_jpg.rf.6cfa741abd12d1f50250151d40bfe390.jpg,Clean,clean,roboflow_dirt_det,test
f680b62700f5,Data/raw/roboflow_dirt/train/IMG_20241003_094322_416_jpg.rf.6d1204278eb590c876e03747435acee5.jpg,Low-Dirty,dirty,roboflow_dirt_det,test
88b69ca26d74,Data/raw/roboflow_dirt/train/IMG_20241003_093417_715_jpg.rf.6d23ff7441b2590125195e140f51b240.jpg,High-Dirty,dirty,roboflow_dirt_det,test
b7731905844d,Data/raw/roboflow_dirt/train/IMG_20241003_093408_505_jpg.rf.6bf91af32ae87e706bfcc54eccc5896c.jpg,High-Dirty,dirty,roboflow_dirt_det,test
89f94c995b6b,Data/raw/roboflow_dirt/train/IMG_20241003_094239_257_jpg.rf.6d4a3a5ff3a0861827f412717e09a8c6.jpg,Low-Dirty,dirty,roboflow_dirt_det,test
3525aee61498,Data/raw/roboflow_dirt/train/IMG_20241003_093721_110_jpg.rf.6cc32db7814734271103cd49f1578480.jpg,Low-Dirty,dirty,roboflow_dirt_det,test
2eebaf51e84b,Data/raw/roboflow_dirt/train/IMG_20241003_092157_080_jpg.rf.6db85de988637ff8152c59bf239e11f7.jpg,High-Dirty,dirty,roboflow_dirt_det,test
040f2e3de09a,Data/raw/roboflow_dirt/train/IMG_20241003_093946_841_jpg.rf.6b87b35f62b6ef7d1dec13299799aedb.jpg,Low-Dirty,dirty,roboflow_dirt_det,test
9ace7ddd4712,Data/raw/roboflow_dirt/train/IMG_20241003_095240_533_jpg.rf.6ce4ba4503b955fde32fc506738b25c3.jpg,Low-Dirty,dirty,roboflow_dirt_det,test
c1af94f00328,Data/raw/roboflow_dirt/train/IMG_20241003_095005_802_jpg.rf.6c6b1a7c8a4ce6d4c94bdff4da221d84.jpg,Low-Dirty,dirty,roboflow_dirt_det,test
6e31fa4d01bc,Data/raw/roboflow_dirt/train/IMG_20241003_093809_207_jpg.rf.6d9b2a98b174030e6b11abadcbffd47c.jpg,Low-Dirty,dirty,roboflow_dirt_det,test
40709ddb97c7,Data/raw/roboflow_dirt/train/IMG_20241003_095745_366_jpg.rf.6c54db1b1561d16aded93d1d3658cd8b.jpg,Low-Dirty,dirty,roboflow_dirt_det,test
497e7b3f19d0,Data/raw/roboflow_dirt/train/IMG_20241003_095115_225_jpg.rf.6ccfa1b96e4d671fa49087c47aa0cc1d.jpg,Low-Dirty,dirty,roboflow_dirt_det,test
0868921d6651,Data/raw/roboflow_dirt/train/IMG_20241003_093806_778_jpg.rf.6cfa440ff5f75410bbafd115d055ae7e.jpg,Low-Dirty,dirty,roboflow_dirt_det,test
00d9f2522dcc,Data/raw/roboflow_dirt/train/IMG_20241003_094824_826_jpg.rf.6dbad8ca00747b224877905cff42a493.jpg,Low-Dirty,dirty,roboflow_dirt_det,test
b66043a7ad4b,Data/raw/roboflow_dirt/train/IMG_20241003_091133_224_jpg.rf.6dc5428397d2b979adab73ceb3288a9a.jpg,Clean,clean,roboflow_dirt_det,test
f90eed962a9a,Data/raw/roboflow_dirt/train/IMG_20241003_092418_134_jpg.rf.6dbc4c480b9ed4ccd83909f64323d0b7.jpg,High-Dirty,dirty,roboflow_dirt_det,test
6dbcf06f28c3,Data/raw/roboflow_dirt/train/IMG_20241003_090144_289_jpg.rf.6dc54f3e8e8f7a16cc8d4dcd75818c4d.jpg,Clean,clean,roboflow_dirt_det,test
1b022f4d91f8,Data/raw/roboflow_dirt/train/IMG_20241003_092559_108_jpg.rf.6de093d5a9b6c71589ed2e33714110b3.jpg,High-Dirty,dirty,roboflow_dirt_det,test
2bcce42dcbb2,Data/raw/roboflow_dirt/train/IMG_20241003_093414_914_jpg.rf.6dc66bfec819eaa2bfb498918683fa81.jpg,High-Dirty,dirty,roboflow_dirt_det,test
23ad3dae4134,Data/raw/roboflow_dirt/train/IMG_20241003_090656_424_jpg.rf.6e50bf8dba40ee420a0c16b7b4ee9422.jpg,Clean,clean,roboflow_dirt_det,test
f24e664da5a1,Data/raw/roboflow_dirt/train/IMG_20241003_093819_407_jpg.rf.6e300c29e80357432472cf3ec046bcdb.jpg,Low-Dirty,dirty,roboflow_dirt_det,test
1b9aa09ff558,Data/raw/roboflow_dirt/train/IMG_20241003_094301_007_jpg.rf.6e4896d84e9c949f70b8f3ae222d3883.jpg,Low-Dirty,dirty,roboflow_dirt_det,test
c51e95ac67f5,Data/raw/roboflow_dirt/train/IMG_20241003_093357_695_jpg.rf.6ea4c77fa5d368f7769244a2c543b423.jpg,High-Dirty,dirty,roboflow_dirt_det,test
8d444ec7d41c,Data/raw/roboflow_dirt/train/IMG_20241003_093422_026_jpg.rf.6f4de429a22fe9e8da7f830c9589b4cb.jpg,High-Dirty,dirty,roboflow_dirt_det,test
703df5f4c2fe,Data/raw/roboflow_dirt/train/IMG_20241003_092209_126_jpg.rf.6ed49c6a75b29e4a76ae69da34f950d9.jpg,High-Dirty,dirty,roboflow_dirt_det,test
8d1cb88e8cc1,Data/raw/roboflow_dirt/train/IMG_20241003_095056_417_jpg.rf.6ee70df2444babf16ef138fbcc394512.jpg,Low-Dirty,dirty,roboflow_dirt_det,test
cbc056192b36,Data/raw/roboflow_dirt/train/IMG_20241003_094323_542_jpg.rf.6f981e7ed2fdc9a74f6751194eb95ca7.jpg,Low-Dirty,dirty,roboflow_dirt_det,test
8f99b5a78c84,Data/raw/roboflow_dirt/train/IMG_20241003_094946_085_jpg.rf.6eaa7049ab81961cd8b64ae6a0d1a86d.jpg,Low-Dirty,dirty,roboflow_dirt_det,test
bb4c11c53b63,Data/raw/roboflow_dirt/train/IMG_20241003_093253_179_jpg.rf.700452a7054333f481405dfdcd5bab4f.jpg,Low-Dirty,dirty,roboflow_dirt_det,test
89391259a289,Data/raw/roboflow_dirt/train/IMG_20241003_090554_993_jpg.rf.70dbbc598863c1a4abace38702ed60cd.jpg,Clean,clean,roboflow_dirt_det,test
107e3a489fcf,Data/raw/roboflow_dirt/train/IMG_20241003_091247_283_jpg.rf.70a0f0fb432dee173790d55176378e0c.jpg,Clean,clean,roboflow_dirt_det,test
6a64281a4f3b,Data/raw/roboflow_dirt/train/IMG_20241003_093417_952_jpg.rf.705fa2f7079b5ca3039f946c2111c883.jpg,High-Dirty,dirty,roboflow_dirt_det,test
56441ae8bc39,Data/raw/roboflow_dirt/train/IMG_20241003_095112_929_jpg.rf.6e65e776b1f404af74acadbe9ec5f207.jpg,Low-Dirty,dirty,roboflow_dirt_det,test
a96b96432f6b,Data/raw/roboflow_dirt/train/IMG_20241003_093632_513_jpg.rf.6fcb1c5a61f06368bc71f3a2c02ddc73.jpg,High-Dirty,dirty,roboflow_dirt_det,test
98674a43d2e8,Data/raw/roboflow_dirt/train/IMG_20241003_094233_539_jpg.rf.6fe1be2e567b6520d2e3ec79db3d83e4.jpg,Low-Dirty,dirty,roboflow_dirt_det,test
f84763402b6b,Data/raw/roboflow_dirt/train/IMG_20241003_095721_825_jpg.rf.70854c30455b75c695d9662732457e8d.jpg,Low-Dirty,dirty,roboflow_dirt_det,test
a2d6a36ff6a4,Data/raw/roboflow_dirt/train/IMG_20241003_095808_880_jpg.rf.71986579c47aac8770d155424cea1de0.jpg,Low-Dirty,dirty,roboflow_dirt_det,test
98b96cd1076e,Data/raw/roboflow_dirt/train/IMG_20241003_094330_149_jpg.rf.7184285370faeab5efc678c3401238e9.jpg,Low-Dirty,dirty,roboflow_dirt_det,test
c9be744ffce6,Data/raw/roboflow_dirt/train/IMG_20241003_093820_932_jpg.rf.711f1e4189bae2f6e25f558399e8dc04.jpg,Low-Dirty,dirty,roboflow_dirt_det,test
3a66a206bc29,Data/raw/roboflow_dirt/train/IMG_20241003_093403_436_jpg.rf.70b2e34482e2f6c01663163ba7aa423c.jpg,High-Dirty,dirty,roboflow_dirt_det,test
d4aafd81b2ef,Data/raw/roboflow_dirt/train/IMG_20241003_093423_287_jpg.rf.7156969f1e54f78023a1d7352bfe1388.jpg,High-Dirty,dirty,roboflow_dirt_det,test
586b86302b11,Data/raw/roboflow_dirt/train/IMG_20241003_090144_289_jpg.rf.70c598f609a60ec50de89a7c471f4003.jpg,Clean,clean,roboflow_dirt_det,test
7f4491ebf4db,Data/raw/roboflow_dirt/train/IMG_20241003_093912_321_jpg.rf.717b5e121bae9c2998f8c36822a94ea1.jpg,Low-Dirty,dirty,roboflow_dirt_det,test
57dc72849cb8,Data/raw/roboflow_dirt/train/IMG_20241003_093847_034_jpg.rf.71ce39603c6e873b29f93614f963ecb0.jpg,Low-Dirty,dirty,roboflow_dirt_det,test
28148b72d925,Data/raw/roboflow_dirt/train/IMG_20241003_092534_388_jpg.rf.70e237563594e70230acf7eea8cf4983.jpg,High-Dirty,dirty,roboflow_dirt_det,test
530bd53996fe,Data/raw/roboflow_dirt/train/IMG_20241003_093804_439_jpg.rf.72bf7e1afe7174173d66ee1eb3034aa5.jpg,Low-Dirty,dirty,roboflow_dirt_det,test
7de6eafdef2c,Data/raw/roboflow_dirt/train/IMG_20241003_091603_878_jpg.rf.7283b4681770f3d83d21fc363ec56894.jpg,Clean,clean,roboflow_dirt_det,test
a7bd8f9b1390,Data/raw/roboflow_dirt/train/IMG_20241003_095057_014_jpg.rf.71e3ce167d68d92b7d05217b5680f816.jpg,Low-Dirty,dirty,roboflow_dirt_det,test
e3547ec8a66e,Data/raw/roboflow_dirt/train/IMG_20241003_091516_183_jpg.rf.727674c3e4d91f21a059597cf60dbdee.jpg,Clean,clean,roboflow_dirt_det,test
e5ba09ee703c,Data/raw/roboflow_dirt/train/IMG_20241003_093519_738_jpg.rf.71e24d6aaf6a27bebc984a9200b45405.jpg,High-Dirty,dirty,roboflow_dirt_det,test
615f6e33f921,Data/raw/roboflow_dirt/train/IMG_20241003_093405_673_jpg.rf.726c0da1fb9f255ff9d9f15d6da5519e.jpg,High-Dirty,dirty,roboflow_dirt_det,test
916cbdbb7d96,Data/raw/roboflow_dirt/train/IMG_20241003_094821_667_jpg.rf.73614da0424d07c5584194a5375de000.jpg,Low-Dirty,dirty,roboflow_dirt_det,test
b14b74d985ae,Data/raw/roboflow_dirt/train/IMG_20241003_095110_443_jpg.rf.73a7384ef4a7e4c55b9f42f8ad537a7d.jpg,Low-Dirty,dirty,roboflow_dirt_det,test
dd42dc304d00,Data/raw/roboflow_dirt/train/IMG_20241003_093818_870_jpg.rf.7369cab7cb212aed504013616977025e.jpg,Low-Dirty,dirty,roboflow_dirt_det,test
2161c7b3ff3f,Data/raw/roboflow_dirt/train/IMG_20241003_093015_746_jpg.rf.72d4660976a19666a171ba3a768a682b.jpg,Low-Dirty,dirty,roboflow_dirt_det,test
8787c4596b12,Data/raw/roboflow_dirt/train/IMG_20241003_085853_049_jpg.rf.7237fa66604bd4fa6018f149b8c58300.jpg,Clean,clean,roboflow_dirt_det,test
65b63e820366,Data/raw/roboflow_dirt/train/IMG_20241003_095700_912_jpg.rf.72f67ba9f8a2d82344be039014fe02a8.jpg,Low-Dirty,dirty,roboflow_dirt_det,test
12c43102d82d,Data/raw/roboflow_dirt/train/IMG_20241002_214850_622_jpg.rf.734ee75a3cb08e4506499f652960daa1.jpg,Clean,clean,roboflow_dirt_det,test
6563343dabc6,Data/raw/roboflow_dirt/train/IMG_20241003_090916_928_jpg.rf.73d8d8cfdca859405c40f7b04d50258e.jpg,Clean,clean,roboflow_dirt_det,test
c9b4a9ac7a21,Data/raw/roboflow_dirt/train/IMG_20241003_085958_331_jpg.rf.73c5107a01100a20f1c7ceb3c1a76641.jpg,Clean,clean,roboflow_dirt_det,test
6b094efcd033,Data/raw/roboflow_dirt/train/IMG_20241003_092541_179_jpg.rf.742f9760da210a9e8c8d22dd7af1ac53.jpg,High-Dirty,dirty,roboflow_dirt_det,test
bc165e7849c0,Data/raw/roboflow_dirt/train/IMG_20241003_090825_260_jpg.rf.743dcd9fc788c8d032eeb2e08e2b7066.jpg,Clean,clean,roboflow_dirt_det,test
881de8894251,Data/raw/roboflow_dirt/train/IMG_20241003_090825_260_jpg.rf.7394ea872b4a438a7981af01011ce238.jpg,Clean,clean,roboflow_dirt_det,test
f90fa9da5915,Data/raw/roboflow_dirt/train/IMG_20241003_093726_620_jpg.rf.746009c3a7a898c03ee8f8b8f3bbc2ec.jpg,Low-Dirty,dirty,roboflow_dirt_det,test
ae50791d623c,Data/raw/roboflow_dirt/train/IMG_20241003_093607_396_jpg.rf.75d32129d17f7eeb2c6c74e2c0b98f9f.jpg,High-Dirty,dirty,roboflow_dirt_det,test
4c9231b9a6df,Data/raw/roboflow_dirt/train/IMG_20241003_091628_848_jpg.rf.76f992a95c8bb01bab7ace62aee963a0.jpg,Clean,clean,roboflow_dirt_det,test
728316836e7c,Data/raw/roboflow_dirt/train/IMG_20241003_092718_790_jpg.rf.73c562d98d242d0d6bb01f1212d2619d.jpg,Low-Dirty,dirty,roboflow_dirt_det,test
f36d109775d4,Data/raw/roboflow_dirt/train/IMG_20241002_214920_285_jpg.rf.749eabb803def2d147e0730ba3a80321.jpg,Clean,clean,roboflow_dirt_det,test
3dd09bc41093,Data/raw/roboflow_dirt/train/IMG_20241003_094817_553_jpg.rf.74a94a706d721b08d717b364325b0cf6.jpg,Low-Dirty,dirty,roboflow_dirt_det,test
abecb78f7898,Data/raw/roboflow_dirt/train/IMG_20241003_093414_065_jpg.rf.762245bc50d4f1fb96b3df2e7b245f4b.jpg,High-Dirty,dirty,roboflow_dirt_det,test
12f3a72519c3,Data/raw/roboflow_dirt/train/IMG_20241003_090022_871_jpg.rf.7504719a69f33e67a2b09b8c65a02ac3.jpg,Clean,clean,roboflow_dirt_det,test
ad8bc14fd1d6,Data/raw/roboflow_dirt/train/IMG_20241003_094921_838_jpg.rf.7503f700b2ba24dda975a31db24cc380.jpg,Low-Dirty,dirty,roboflow_dirt_det,test
05acfc154738,Data/raw/roboflow_dirt/train/IMG_20241003_093041_197_jpg.rf.747c65da6e0ce1b3e7ea67b70d81e0ac.jpg,Low-Dirty,dirty,roboflow_dirt_det,test
58740d086965,Data/raw/roboflow_dirt/train/IMG_20241003_092538_771_jpg.rf.771888f2d3e06e3a4b4fcd98a449e881.jpg,High-Dirty,dirty,roboflow_dirt_det,test
42b263228844,Data/raw/roboflow_dirt/train/IMG_20241003_095250_310_jpg.rf.76e40e14021471554aec30a3f8789391.jpg,Low-Dirty,dirty,roboflow_dirt_det,test
fe6100e80097,Data/raw/roboflow_dirt/train/IMG_20241003_095236_062_jpg.rf.75155e87271947af764d902e27261e24.jpg,Low-Dirty,dirty,roboflow_dirt_det,test
0cfc49316bc9,Data/raw/roboflow_dirt/train/IMG_20241003_085835_479_jpg.rf.775dac9eead32dd28c5bb73590adae03.jpg,Clean,clean,roboflow_dirt_det,test
db788ab61e57,Data/raw/roboflow_dirt/train/IMG_20241003_085939_681_jpg.rf.75d897d19154c56241ec8fc68f002e3d.jpg,Clean,clean,roboflow_dirt_det,test
970cf0db243d,Data/raw/roboflow_dirt/train/IMG_20241003_093756_691_jpg.rf.752e198abd45b48cafd22f5c5d0e0d90.jpg,Low-Dirty,dirty,roboflow_dirt_det,test
b954c26ee3ee,Data/raw/roboflow_dirt/train/IMG_20241003_095125_819_jpg.rf.75ccba288fa093f6406558e38a7eedce.jpg,Low-Dirty,dirty,roboflow_dirt_det,test
318eb6c15882,Data/raw/roboflow_dirt/train/IMG_20241003_094335_379_jpg.rf.772afa48950254fc56d2d75ecc2ff259.jpg,Low-Dirty,dirty,roboflow_dirt_det,test
8582977309df,Data/raw/roboflow_dirt/train/IMG_20241003_093808_639_jpg.rf.757d6be5673b11cac880bd4ae6c99e8d.jpg,Low-Dirty,dirty,roboflow_dirt_det,test
1a24f5a6132d,Data/raw/roboflow_dirt/train/IMG_20241003_093828_807_jpg.rf.75391e7768394ed296f5e6e66e2a5dcc.jpg,Low-Dirty,dirty,roboflow_dirt_det,test
8d6453f2447c,Data/raw/roboflow_dirt/train/IMG_20241003_095053_637_jpg.rf.749249099c5034d20bc808939223bdfc.jpg,Low-Dirty,dirty,roboflow_dirt_det,test
da7e4433f9be,Data/raw/roboflow_dirt/train/IMG_20241003_094241_945_jpg.rf.74561372ca4a2c71c289f2a3cbaf9432.jpg,Low-Dirty,dirty,roboflow_dirt_det,test
75077966e656,Data/raw/roboflow_dirt/train/IMG_20241003_093415_175_jpg.rf.75eff1f53274077729a78894e01b6c1e.jpg,High-Dirty,dirty,roboflow_dirt_det,test
bcca1138570f,Data/raw/roboflow_dirt/train/IMG_20241003_093015_746_jpg.rf.770e0458e6747718878ab8fd5fd78d7f.jpg,Low-Dirty,dirty,roboflow_dirt_det,test
6aba58198e8a,Data/raw/roboflow_dirt/train/IMG_20241003_093817_408_jpg.rf.7729afb54a92db25c6d8a3c62c07b8e7.jpg,Low-Dirty,dirty,roboflow_dirt_det,test
3d15cb8bc13a,Data/raw/roboflow_dirt/train/IMG_20241003_091447_617_jpg.rf.7761ccceae8f8b026cc69c433ecd3111.jpg,Clean,clean,roboflow_dirt_det,test
e565b3090852,Data/raw/roboflow_dirt/train/IMG_20241003_093359_047_jpg.rf.768fdcd356d57aa6ff0e975ed447c2e2.jpg,High-Dirty,dirty,roboflow_dirt_det,test
1a18d3fcaf2a,Data/raw/roboflow_dirt/train/IMG_20241003_092216_996_jpg.rf.78d4d204f4ea51e56b87f5df4b0fe9a4.jpg,High-Dirty,dirty,roboflow_dirt_det,test
7e584465bf9e,Data/raw/roboflow_dirt/train/IMG_20241003_095109_048_jpg.rf.77fdd08a07dfd32e3fc8e06274d4b082.jpg,Low-Dirty,dirty,roboflow_dirt_det,test
cff3f6897b5c,Data/raw/roboflow_dirt/train/IMG_20241003_090221_914_jpg.rf.77d0e0725505ab79c2eadbfda2f20ec4.jpg,Clean,clean,roboflow_dirt_det,test
3a371f931984,Data/raw/roboflow_dirt/train/IMG_20241003_093833_601_jpg.rf.78e3491b849132bb7786b6beb0f6c250.jpg,Low-Dirty,dirty,roboflow_dirt_det,test
8ce58be82d3e,Data/raw/roboflow_dirt/train/IMG_20241003_092144_060_jpg.rf.77e145141475b59ff69bb0a480f0e6ee.jpg,High-Dirty,dirty,roboflow_dirt_det,test
c4928c996efe,Data/raw/roboflow_dirt/train/IMG_20241003_095236_062_jpg.rf.78432f621d30fc5fdf9b56d541ce8d04.jpg,Low-Dirty,dirty,roboflow_dirt_det,test
252715b7c5d8,Data/raw/roboflow_dirt/train/IMG_20241003_093924_335_jpg.rf.78488782a550699a84cec0f6cf2a539c.jpg,Low-Dirty,dirty,roboflow_dirt_det,test
3bd9956a59ec,Data/raw/roboflow_dirt/train/IMG_20241003_095131_090_jpg.rf.78f5341c136b6709198231891a6d6f78.jpg,Low-Dirty,dirty,roboflow_dirt_det,test
94b698dfd737,Data/raw/roboflow_dirt/train/IMG_20241003_094332_896_jpg.rf.79336c239f40306348c920bc0e508a46.jpg,Low-Dirty,dirty,roboflow_dirt_det,test
9e56f20c71e9,Data/raw/roboflow_dirt/train/IMG_20241003_093946_841_jpg.rf.78ec90c012410d293cd45430654fb74c.jpg,Low-Dirty,dirty,roboflow_dirt_det,test
727935734472,Data/raw/roboflow_dirt/train/IMG_20241003_093912_844_jpg.rf.79c17f32a85ec45bc660f34264806854.jpg,Low-Dirty,dirty,roboflow_dirt_det,test
c7d1388cb429,Data/raw/roboflow_dirt/train/IMG_20241003_093411_551_jpg.rf.795074fd2548cdb0ff8129d28076d49b.jpg,High-Dirty,dirty,roboflow_dirt_det,test
a79ab62e0ff6,Data/raw/roboflow_dirt/train/IMG_20241003_092550_786_jpg.rf.79f3e4ccf0a2c2891d7193f86edc7b05.jpg,High-Dirty,dirty,roboflow_dirt_det,test
9fb456c7f94d,Data/raw/roboflow_dirt/train/IMG_20241003_095824_758_jpg.rf.7777e0582384e6c464da15145e5ce4ac.jpg,Low-Dirty,dirty,roboflow_dirt_det,test
05cd45a131c1,Data/raw/roboflow_dirt/train/IMG_20241003_094821_018_jpg.rf.7970e2c5a7e1a6b8e8ed7c321e472c6b.jpg,Low-Dirty,dirty,roboflow_dirt_det,test
1add95e836a7,Data/raw/roboflow_dirt/train/IMG_20241003_093847_034_jpg.rf.79164a6aac1790baa52012deb118dd54.jpg,Low-Dirty,dirty,roboflow_dirt_det,test
9cb04bf9c676,Data/raw/roboflow_dirt/train/IMG_20241003_092430_520_jpg.rf.7a0f28d7a34ce9cad54fadc5d5a9fb32.jpg,High-Dirty,dirty,roboflow_dirt_det,test
3a5337d678f5,Data/raw/roboflow_dirt/train/IMG_20241003_095737_690_jpg.rf.79de27b5d88946c90396237975822c55.jpg,Low-Dirty,dirty,roboflow_dirt_det,test
375cd5327ffc,Data/raw/roboflow_dirt/train/IMG_20241003_093734_222_jpg.rf.79d1c5b50c921708bdc9cd691073abf6.jpg,Low-Dirty,dirty,roboflow_dirt_det,test
0debe5b2044c,Data/raw/roboflow_dirt/train/IMG_20241003_090039_731_jpg.rf.79542650557ae56b68e48e0280b046fe.jpg,Clean,clean,roboflow_dirt_det,test
33975a74ecf3,Data/raw/roboflow_dirt/train/IMG_20241003_095020_882_jpg.rf.77a8e536354ee31361654cfcae317f83.jpg,Low-Dirty,dirty,roboflow_dirt_det,test
acaed6305632,Data/raw/roboflow_dirt/train/IMG_20241003_092432_127_jpg.rf.7781a1471aeb4599da23076d3cacb142.jpg,High-Dirty,dirty,roboflow_dirt_det,test
4e2811fa522b,Data/raw/roboflow_dirt/train/IMG_20241003_091133_224_jpg.rf.79fad7ac09bb2ead2445fc2f96bea8d9.jpg,Clean,clean,roboflow_dirt_det,test
29a651f01031,Data/raw/roboflow_dirt/train/IMG_20241003_092555_336_jpg.rf.786b39a4c462da4abb5a1536ab16dc02.jpg,High-Dirty,dirty,roboflow_dirt_det,test
9ce6aca8af0d,Data/raw/roboflow_dirt/train/IMG_20241003_090003_021_jpg.rf.7a1aa1adca65d07578e908bd91800348.jpg,Clean,clean,roboflow_dirt_det,test
123041678f47,Data/raw/roboflow_dirt/train/IMG_20241003_091355_338_jpg.rf.7a242a292f9a96137f7c114ddaf985b6.jpg,Clean,clean,roboflow_dirt_det,test
15421d1ddd72,Data/raw/roboflow_dirt/train/IMG_20241003_092243_638_jpg.rf.7a26cb2608d08c3b513438c468ca31a9.jpg,High-Dirty,dirty,roboflow_dirt_det,test
171e2296b6d4,Data/raw/roboflow_dirt/train/IMG_20241003_094450_392_jpg.rf.7a2f2d7d2fedac152b87bd0e2f00c6a5.jpg,Low-Dirty,dirty,roboflow_dirt_det,test
df0382d4db63,Data/raw/roboflow_dirt/train/IMG_20241003_095131_527_jpg.rf.7a36c06879ef08edb5d859398ff3e3a6.jpg,Low-Dirty,dirty,roboflow_dirt_det,test
937fa1e86ddc,Data/raw/roboflow_dirt/train/IMG_20241003_092559_108_jpg.rf.7a4867957b355755bbf6788980aa7b98.jpg,High-Dirty,dirty,roboflow_dirt_det,test
2467d75065f7,Data/raw/roboflow_dirt/train/IMG_20241003_092621_971_jpg.rf.7a4c16392ac968c2eaf7a2b9f6ca088c.jpg,Low-Dirty,dirty,roboflow_dirt_det,test
e924062f7f2d,Data/raw/roboflow_dirt/train/IMG_20241003_093717_981_jpg.rf.78b692ea8f7dd9081bdbaf3d048e9e41.jpg,Low-Dirty,dirty,roboflow_dirt_det,test
a0742f87deea,Data/raw/roboflow_dirt/train/IMG_20241002_214930_400_jpg.rf.7a6729b81d4eb249c3d56b602eb4d25c.jpg,Clean,clean,roboflow_dirt_det,test
500be8daba43,Data/raw/roboflow_dirt/train/IMG_20241003_091540_410_jpg.rf.7a4b26220d46c033812702e8fc509800.jpg,Clean,clean,roboflow_dirt_det,test
8c97ecd770c1,Data/raw/roboflow_dirt/train/IMG_20241003_093737_866_jpg.rf.7b106d81cc3f147a9c0a00f7c2f9c136.jpg,Low-Dirty,dirty,roboflow_dirt_det,test
9b7dc76e115f,Data/raw/roboflow_dirt/train/IMG_20241003_093032_807_jpg.rf.7c050981fc3eaa27aa350b5cd257d3e5.jpg,Low-Dirty,dirty,roboflow_dirt_det,test
1225b564a758,Data/raw/roboflow_dirt/train/IMG_20241003_093818_198_jpg.rf.7a9bab801be5091ee288fe7587bbfc80.jpg,Low-Dirty,dirty,roboflow_dirt_det,test
75de0a37ff83,Data/raw/roboflow_dirt/train/IMG_20241003_094916_814_jpg.rf.7a94fa14adabb27ed8bfa05e644d63e2.jpg,Low-Dirty,dirty,roboflow_dirt_det,test
0204fff842b0,Data/raw/roboflow_dirt/train/IMG_20241003_092559_108_jpg.rf.7ba8bbf8e56075ada30249abd9f88229.jpg,High-Dirty,dirty,roboflow_dirt_det,test
479ece83fb68,Data/raw/roboflow_dirt/train/IMG_20241003_090037_036_jpg.rf.7acb07b52b49c78bab185ae82e05549a.jpg,Clean,clean,roboflow_dirt_det,test
d97523b4cf76,Data/raw/roboflow_dirt/train/IMG_20241003_093806_778_jpg.rf.7b74b760bedb3f4e5d387b528a44c0e4.jpg,Low-Dirty,dirty,roboflow_dirt_det,test
823c8b402e35,Data/raw/roboflow_dirt/train/IMG_20241003_094323_823_jpg.rf.7b241fd634db84f4f42da096bce130ca.jpg,Low-Dirty,dirty,roboflow_dirt_det,test
3a59973fe5c0,Data/raw/roboflow_dirt/train/IMG_20241003_093411_178_jpg.rf.7a567c60790bfc7b595be69d7b31e259.jpg,High-Dirty,dirty,roboflow_dirt_det,test
b7aa0136a5c9,Data/raw/roboflow_dirt/train/IMG_20241003_090647_853_jpg.rf.7bc83ff0cc85ca7f82ba29701fb74638.jpg,Clean,clean,roboflow_dirt_det,test
4a317cca29b7,Data/raw/roboflow_dirt/train/IMG_20241003_093423_924_jpg.rf.7c0785cc3da50d6a66d9762347a058c5.jpg,High-Dirty,dirty,roboflow_dirt_det,test
fb13404f69a2,Data/raw/roboflow_dirt/train/IMG_20241003_093832_882_jpg.rf.7b6b14d36e4bb6e21690ec5311252f9b.jpg,Low-Dirty,dirty,roboflow_dirt_det,test
c0d32df367eb,Data/raw/roboflow_dirt/train/IMG_20241003_093415_175_jpg.rf.7bf46482f5e8560f35c21b194f8106ba.jpg,High-Dirty,dirty,roboflow_dirt_det,test
e5dfe05b3e3f,Data/raw/roboflow_dirt/train/IMG_20241003_095048_899_jpg.rf.7c1f5e86b19b59447ae3253782d36777.jpg,Low-Dirty,dirty,roboflow_dirt_det,test
fc7870f427a4,Data/raw/roboflow_dirt/train/IMG_20241002_214854_507_jpg.rf.7c549d9ca9fefa76103a022ead37e687.jpg,Clean,clean,roboflow_dirt_det,test
6261b7e30a24,Data/raw/roboflow_dirt/train/IMG_20241003_093852_103_jpg.rf.7c3639f6c59b25b1808b7b48a4617eda.jpg,Low-Dirty,dirty,roboflow_dirt_det,test
cb959c558e8b,Data/raw/roboflow_dirt/train/IMG_20241003_085850_019_jpg.rf.7cb2778ddf244e8a12f01d726fdc48ba.jpg,Clean,clean,roboflow_dirt_det,test
9219eeef1b6c,Data/raw/roboflow_dirt/train/IMG_20241003_093738_478_jpg.rf.7c61f33a12b46329c25662d31409c825.jpg,Low-Dirty,dirty,roboflow_dirt_det,test
23653eec08e1,Data/raw/roboflow_dirt/train/IMG_20241003_093719_298_jpg.rf.7c5c123eef67156a0b3c134db6423d45.jpg,Low-Dirty,dirty,roboflow_dirt_det,test
b1805ca1dc03,Data/raw/roboflow_dirt/train/IMG_20241003_091545_271_jpg.rf.7cebfae6812caeb9afb56d14ec08c95b.jpg,Clean,clean,roboflow_dirt_det,test
ea7b9f1538f9,Data/raw/roboflow_dirt/train/IMG_20241003_090057_556_jpg.rf.7e20bcc9d35854e54a847e57f47b9dd5.jpg,Clean,clean,roboflow_dirt_det,test
cc019c410ef8,Data/raw/roboflow_dirt/train/IMG_20241003_090343_136_jpg.rf.7c262b36f87163ba2d498de585277be5.jpg,Clean,clean,roboflow_dirt_det,test
a516fcaccee8,Data/raw/roboflow_dirt/train/IMG_20241003_093617_411_jpg.rf.7d08b8d303037f1b83e3f9974a5faea7.jpg,High-Dirty,dirty,roboflow_dirt_det,test
d382e22d0d76,Data/raw/roboflow_dirt/train/IMG_20241003_094926_948_jpg.rf.7dae67b583485b59865f270227caf31c.jpg,Low-Dirty,dirty,roboflow_dirt_det,test
13ad11abd2ad,Data/raw/roboflow_dirt/train/IMG_20241003_090605_352_jpg.rf.7d5931183c41bde82946218f9bed1385.jpg,Clean,clean,roboflow_dirt_det,test
a824b734998a,Data/raw/roboflow_dirt/train/IMG_20241003_092559_108_jpg.rf.80bb16ce00e3d140e2e22008768a5bf2.jpg,High-Dirty,dirty,roboflow_dirt_det,test
359b97ddd858,Data/raw/roboflow_dirt/train/IMG_20241003_092411_588_jpg.rf.7dd8f13399cb1827c56a97fd138b71a7.jpg,High-Dirty,dirty,roboflow_dirt_det,test
ffd0eaaaf55c,Data/raw/roboflow_dirt/train/IMG_20241003_094246_219_jpg.rf.7f141e51fd71bc601b222756e1ffd79c.jpg,Low-Dirty,dirty,roboflow_dirt_det,test
d38b1a876e50,Data/raw/roboflow_dirt/train/IMG_20241003_093817_408_jpg.rf.7d0f35a9b0193f813068ce65e57cfb45.jpg,Low-Dirty,dirty,roboflow_dirt_det,test
0c591375ac65,Data/raw/roboflow_dirt/train/IMG_20241003_090100_124_jpg.rf.7fcf0c904a9d6055fba6a3d9d1ff5d5f.jpg,Clean,clean,roboflow_dirt_det,test
06652e2b730e,Data/raw/roboflow_dirt/train/IMG_20241003_094255_097_jpg.rf.7d2b52293f4b886f5102844af42e689d.jpg,Low-Dirty,dirty,roboflow_dirt_det,test
63f2a703b8a3,Data/raw/roboflow_dirt/train/IMG_20241003_094818_163_jpg.rf.7f7d65534c41d57d1d5ef0832456e3bb.jpg,Low-Dirty,dirty,roboflow_dirt_det,test
e613f4e469d2,Data/raw/roboflow_dirt/train/IMG_20241003_094946_085_jpg.rf.7f813d1e29bc26f55afb430a6c2d8122.jpg,Low-Dirty,dirty,roboflow_dirt_det,test
5f851314f3af,Data/raw/roboflow_dirt/train/IMG_20241003_094246_635_jpg.rf.7e43b7274983276d0b17c27255d37c85.jpg,Low-Dirty,dirty,roboflow_dirt_det,test
b3eaef8fb203,Data/raw/roboflow_dirt/train/IMG_20241003_090605_352_jpg.rf.7f35e144784c473087ffc1043d9afcc5.jpg,Clean,clean,roboflow_dirt_det,test
f2882da71814,Data/raw/roboflow_dirt/train/IMG_20241003_094727_426_jpg.rf.800082c539cd64f538ae72d9bc976bcd.jpg,Low-Dirty,dirty,roboflow_dirt_det,test
b1636605b4a1,Data/raw/roboflow_dirt/train/IMG_20241003_092254_071_jpg.rf.7fad7682404f23c6d0b0deba1967d36a.jpg,High-Dirty,dirty,roboflow_dirt_det,test
de794e516ddf,Data/raw/roboflow_dirt/train/IMG_20241003_093814_912_jpg.rf.7fac7540164fa117cc538f25789c340d.jpg,Low-Dirty,dirty,roboflow_dirt_det,test
9bab8bc5d886,Data/raw/roboflow_dirt/train/IMG_20241003_095155_885_jpg.rf.806fbd706ff9ec05919fd5bd630bb154.jpg,Low-Dirty,dirty,roboflow_dirt_det,test
b4ccbee8463b,Data/raw/roboflow_dirt/train/IMG_20241003_090705_284_jpg.rf.811f8ca3c793a8e225410a99040845fb.jpg,Clean,clean,roboflow_dirt_det,test
c6670ac501fe,Data/raw/roboflow_dirt/train/IMG_20241003_085812_783_jpg.rf.7e93ab6716a8228d4cbb68d3b5901432.jpg,Clean,clean,roboflow_dirt_det,test
ea6d9ee047ee,Data/raw/roboflow_dirt/train/IMG_20241003_091628_848_jpg.rf.806aa8292ec10721342d9c7796d3158e.jpg,Clean,clean,roboflow_dirt_det,test
a796bb4413eb,Data/raw/roboflow_dirt/train/IMG_20241003_090820_926_jpg.rf.809f5eabf4d5367c00c14b3928583168.jpg,Clean,clean,roboflow_dirt_det,test
f7039d868c4e,Data/raw/roboflow_dirt/train/IMG_20241003_092626_837_jpg.rf.7ed2693298c51318cd999c5ce2ddb41a.jpg,Low-Dirty,dirty,roboflow_dirt_det,test
7c91f1e71862,Data/raw/roboflow_dirt/train/IMG_20241003_093419_090_jpg.rf.815254e42a6c151bcef263c3c74ce482.jpg,High-Dirty,dirty,roboflow_dirt_det,test
839677da7ee0,Data/raw/roboflow_dirt/train/IMG_20241003_092555_336_jpg.rf.7f46e32d06f2455ee55d98245a81e745.jpg,High-Dirty,dirty,roboflow_dirt_det,test
0cc02c0abddc,Data/raw/roboflow_dirt/train/IMG_20241003_093417_952_jpg.rf.816051e2adfaf1a1052234b7c4eb755d.jpg,High-Dirty,dirty,roboflow_dirt_det,test
fb741248abd1,Data/raw/roboflow_dirt/train/IMG_20241003_093855_096_jpg.rf.7dbb47c888bd27b453d4f1bff741b985.jpg,Low-Dirty,dirty,roboflow_dirt_det,test
d71ad7ae5502,Data/raw/roboflow_dirt/train/IMG_20241003_095131_527_jpg.rf.8037f6ced4b9f5a471cef236d43c95d5.jpg,Low-Dirty,dirty,roboflow_dirt_det,test
7eb565af002e,Data/raw/roboflow_dirt/train/IMG_20241003_093727_473_jpg.rf.817a70fd30d4666897eacc1a05f0f813.jpg,Low-Dirty,dirty,roboflow_dirt_det,test
19b1eae61439,Data/raw/roboflow_dirt/train/IMG_20241003_094714_602_jpg.rf.8337148ddf1b5a4a9ab361cc57289679.jpg,Low-Dirty,dirty,roboflow_dirt_det,test
da467c3692fd,Data/raw/roboflow_dirt/train/IMG_20241003_093408_101_jpg.rf.81ab61c5ce641b60b5e039f2166da0e2.jpg,High-Dirty,dirty,roboflow_dirt_det,test
899bebad3b11,Data/raw/roboflow_dirt/train/IMG_20241003_095057_741_jpg.rf.81407d85cefab440645503c5d9415198.jpg,Low-Dirty,dirty,roboflow_dirt_det,test
f2038d1a1273,Data/raw/roboflow_dirt/train/IMG_20241002_214917_195_jpg.rf.82d48665aec6f4a3b39185e8d5316ea3.jpg,Clean,clean,roboflow_dirt_det,test
3028f723973b,Data/raw/roboflow_dirt/train/IMG_20241003_092557_208_jpg.rf.824fbc1140f85af7c1adfe1fea60a5e5.jpg,High-Dirty,dirty,roboflow_dirt_det,test
3bbd96ceee5e,Data/raw/roboflow_dirt/train/IMG_20241003_090634_523_jpg.rf.816d6492f4f84af26b84c79de0e430ab.jpg,Clean,clean,roboflow_dirt_det,test
400aca07123f,Data/raw/roboflow_dirt/train/IMG_20241003_093800_747_jpg.rf.82a107c754ec4258738656bf63fcf84b.jpg,Low-Dirty,dirty,roboflow_dirt_det,test
783fc6e8a7bf,Data/raw/roboflow_dirt/train/IMG_20241003_092542_138_jpg.rf.826de827fc3b9ebeec30ecc84ff9e63c.jpg,High-Dirty,dirty,roboflow_dirt_det,test
f6324bc4834e,Data/raw/roboflow_dirt/train/IMG_20241003_090057_556_jpg.rf.81c4b551806b46dcdf13fa75e6c9fb93.jpg,Clean,clean,roboflow_dirt_det,test
4e4604b4cc77,Data/raw/roboflow_dirt/train/IMG_20241003_091204_600_jpg.rf.8333eff0351df486dc76fdedf2b8c945.jpg,Clean,clean,roboflow_dirt_det,test
270d68a5f9a3,Data/raw/roboflow_dirt/train/IMG_20241003_093428_407_jpg.rf.832331ace5373fbb07b204989c5d33a0.jpg,High-Dirty,dirty,roboflow_dirt_det,test
a507f95970eb,Data/raw/roboflow_dirt/train/IMG_20241003_090825_260_jpg.rf.83fb216b8ba20be947571b9398c7f571.jpg,Clean,clean,roboflow_dirt_det,test
7b07016c2f10,Data/raw/roboflow_dirt/train/IMG_20241003_093843_978_jpg.rf.831fc6a01b5bf4e15b60b63e71069d62.jpg,Low-Dirty,dirty,roboflow_dirt_det,test
30846ad40223,Data/raw/roboflow_dirt/train/IMG_20241003_093637_156_jpg.rf.83596adcf78ea611bb647fc1eb55225d.jpg,High-Dirty,dirty,roboflow_dirt_det,test
33f3dd5586b3,Data/raw/roboflow_dirt/train/IMG_20241003_090441_528_jpg.rf.82f057388858f03b2c9dbc905a057def.jpg,Clean,clean,roboflow_dirt_det,test
3d3f5f5e1783,Data/raw/roboflow_dirt/train/IMG_20241003_094329_731_jpg.rf.82450a2807e7b8b2a10ebdc17986794f.jpg,Low-Dirty,dirty,roboflow_dirt_det,test
07a9d4a777c6,Data/raw/roboflow_dirt/train/IMG_20241003_095146_131_jpg.rf.830471974d73c511b3650a238de90031.jpg,Low-Dirty,dirty,roboflow_dirt_det,test
262411218a4a,Data/raw/roboflow_dirt/train/IMG_20241003_091100_401_jpg.rf.84673f8fb19e12e2dbb042e5cbb503f1.jpg,Clean,clean,roboflow_dirt_det,test
bf43a9a544f6,Data/raw/roboflow_dirt/train/IMG_20241003_093013_764_jpg.rf.834d633d0ab9f27d4e818758b41fa9fa.jpg,Low-Dirty,dirty,roboflow_dirt_det,test
ea63641dc5ef,Data/raw/roboflow_dirt/train/IMG_20241003_095245_425_jpg.rf.83a59f339c70e05f2f29a5f8ac65fc46.jpg,Low-Dirty,dirty,roboflow_dirt_det,test
539a76adcde2,Data/raw/roboflow_dirt/train/IMG_20241003_093409_659_jpg.rf.81c512e44e4560463df452be0beaf5f9.jpg,High-Dirty,dirty,roboflow_dirt_det,test
a38bf8e45ed1,Data/raw/roboflow_dirt/train/IMG_20241003_095821_453_jpg.rf.845997ac797f88c4461228746684ca40.jpg,Low-Dirty,dirty,roboflow_dirt_det,test
795eb7ceadf4,Data/raw/roboflow_dirt/train/IMG_20241003_085840_721_jpg.rf.8412df701caa2f128578a4e0b07288e5.jpg,Clean,clean,roboflow_dirt_det,test
0298feebcf2d,Data/raw/roboflow_dirt/train/IMG_20241003_094326_231_jpg.rf.8521f2127847a0c02079a335bde42bd4.jpg,Low-Dirty,dirty,roboflow_dirt_det,test
836a6c530104,Data/raw/roboflow_dirt/train/IMG_20241003_094324_440_jpg.rf.82f31c56b64c7a406fbda0b8809be6c6.jpg,Low-Dirty,dirty,roboflow_dirt_det,test
19ae525c9568,Data/raw/roboflow_dirt/train/IMG_20241003_092239_144_jpg.rf.848bf7fcc40834388e8f4dc4728ba685.jpg,High-Dirty,dirty,roboflow_dirt_det,test
e31cdadd123d,Data/raw/roboflow_dirt/train/IMG_20241003_093550_482_jpg.rf.838cb2393cdc056af6b5b595f9d4354f.jpg,High-Dirty,dirty,roboflow_dirt_det,test
e58fd2cb0c0a,Data/raw/roboflow_dirt/train/IMG_20241003_093817_408_jpg.rf.838818afce5c1b005a880b17d7375116.jpg,Low-Dirty,dirty,roboflow_dirt_det,test
e001d742fb23,Data/raw/roboflow_dirt/train/IMG_20241003_093411_551_jpg.rf.85ce993f1c977506a691aac765356f96.jpg,High-Dirty,dirty,roboflow_dirt_det,test
00a70e65c0fe,Data/raw/roboflow_dirt/train/IMG_20241003_090227_779_jpg.rf.85e04b9314a5b9fd00a77ce77662884c.jpg,Clean,clean,roboflow_dirt_det,test
e6867f4ba1e5,Data/raw/roboflow_dirt/train/IMG_20241003_092243_638_jpg.rf.859de4f5f987fc2f535d113c4b4ad9af.jpg,High-Dirty,dirty,roboflow_dirt_det,test
674f038e04fe,Data/raw/roboflow_dirt/train/IMG_20241003_091549_704_jpg.rf.849e7f41da9506ebe24e78b67e77e0fe.jpg,Clean,clean,roboflow_dirt_det,test
6b1099621886,Data/raw/roboflow_dirt/train/IMG_20241003_095111_971_jpg.rf.8610dd207e8b71292c26bfde18684eab.jpg,Low-Dirty,dirty,roboflow_dirt_det,test
43915fe10413,Data/raw/roboflow_dirt/train/IMG_20241003_093800_747_jpg.rf.86117409872fd7414d7f7e58a2cecfed.jpg,Low-Dirty,dirty,roboflow_dirt_det,test
d6b7f62b91c1,Data/raw/roboflow_dirt/train/IMG_20241003_093411_178_jpg.rf.85d0827b1bc8db895b0c190d3a813eb3.jpg,High-Dirty,dirty,roboflow_dirt_det,test
011a9d7ba227,Data/raw/roboflow_dirt/train/IMG_20241003_093819_920_jpg.rf.85fe04d1ed2657e3732db65e4abd60fd.jpg,Low-Dirty,dirty,roboflow_dirt_det,test
28f8f393f7be,Data/raw/roboflow_dirt/train/IMG_20241003_090057_556_jpg.rf.85d7ddd1cab7713ec9ed2fc1eb3accc6.jpg,Clean,clean,roboflow_dirt_det,test
e479b599d288,Data/raw/roboflow_dirt/train/IMG_20241003_093519_738_jpg.rf.83e40ba850992ae753b37f4aae622ede.jpg,High-Dirty,dirty,roboflow_dirt_det,test
994c011dcc2c,Data/raw/roboflow_dirt/train/IMG_20241003_093426_720_jpg.rf.864f88646984ffe6df737d6198e87ad5.jpg,High-Dirty,dirty,roboflow_dirt_det,test
3519a3c286d9,Data/raw/roboflow_dirt/train/IMG_20241003_092321_966_jpg.rf.85794cfdc075d3b1ee3f8535466f15dd.jpg,High-Dirty,dirty,roboflow_dirt_det,test
d7dfafaf38f3,Data/raw/roboflow_dirt/train/IMG_20241003_095151_149_jpg.rf.861a0bd279d4f3bd6da3fd2badb60079.jpg,Low-Dirty,dirty,roboflow_dirt_det,test
3c506a92695d,Data/raw/roboflow_dirt/train/IMG_20241003_085915_633_jpg.rf.d320521192f44f013539f702342a94e4.jpg,Clean,clean,roboflow_dirt_det,test
0dbdfa8245c5,Data/raw/roboflow_dirt/train/IMG_20241003_091059_584_jpg.rf.d3886b0faf3384f6970ec4f4677346c3.jpg,Clean,clean,roboflow_dirt_det,test
790a952c6193,Data/raw/roboflow_dirt/train/IMG_20241003_093832_052_jpg.rf.d3f6139ac562844cd745093fdf71d6c1.jpg,Low-Dirty,dirty,roboflow_dirt_det,test
b902ff7f75e8,Data/raw/roboflow_dirt/train/IMG_20241003_094820_437_jpg.rf.d2b562f136e60422be8d2e1cf2bfda0b.jpg,Low-Dirty,dirty,roboflow_dirt_det,test
6013b51d0873,Data/raw/roboflow_dirt/train/IMG_20241003_095725_610_jpg.rf.d339dc2bb6a4805301822b6aaf57964c.jpg,Low-Dirty,dirty,roboflow_dirt_det,test
da6eb4dd3ddc,Data/raw/roboflow_dirt/train/IMG_20241003_092550_786_jpg.rf.d2b099784263d50f95fc5fbd163e71a3.jpg,High-Dirty,dirty,roboflow_dirt_det,test
58912fbb1f38,Data/raw/roboflow_dirt/train/IMG_20241003_085827_567_jpg.rf.d3e97471d0a03f250f3b6e0eae64b85f.jpg,Clean,clean,roboflow_dirt_det,test
bda0c4843b9d,Data/raw/roboflow_dirt/train/IMG_20241003_085935_170_jpg.rf.d1c6bd1f8d93a660fc8842f15d05765f.jpg,Clean,clean,roboflow_dirt_det,test
9d4fc9016d0f,Data/raw/roboflow_dirt/train/IMG_20241003_093821_621_jpg.rf.d2046e9c77a767b9c3c5aea4f169ff5b.jpg,Low-Dirty,dirty,roboflow_dirt_det,test
9dd678b4617d,Data/raw/roboflow_dirt/train/IMG_20241003_094306_768_jpg.rf.d22b134c060a47d7beb416b4d7245327.jpg,Low-Dirty,dirty,roboflow_dirt_det,test
cd35bd5704e7,Data/raw/roboflow_dirt/train/IMG_20241003_094247_031_jpg.rf.d29b1282d8af48ac7643f75e3f9b38b5.jpg,Low-Dirty,dirty,roboflow_dirt_det,test
99444e2aab81,Data/raw/roboflow_dirt/train/IMG_20241003_095817_229_jpg.rf.d2828e33a668e065dcda0dc9c70c87ee.jpg,Low-Dirty,dirty,roboflow_dirt_det,test
592b7788f2f6,Data/raw/roboflow_dirt/train/IMG_20241003_092542_138_jpg.rf.d21d95be6d1d3895be8f3056c93ec0ee.jpg,High-Dirty,dirty,roboflow_dirt_det,test
5a91667005ac,Data/raw/roboflow_dirt/train/IMG_20241003_092550_786_jpg.rf.d24fe80aec19ec1fdbcba26bbc772508.jpg,High-Dirty,dirty,roboflow_dirt_det,test
0a48daff27f9,Data/raw/roboflow_dirt/train/IMG_20241003_093527_609_jpg.rf.d2ec1f02439848b7f286472a0655486c.jpg,High-Dirty,dirty,roboflow_dirt_det,test
5b8d55751f57,Data/raw/roboflow_dirt/train/IMG_20241003_095245_425_jpg.rf.d40939b7ce847a53490d28a0779ef2e8.jpg,Low-Dirty,dirty,roboflow_dirt_det,test
b7db34f011bd,Data/raw/roboflow_dirt/train/IMG_20241003_094705_887_jpg.rf.d331fd3a793ee3d9db0c5f438006c46e.jpg,Low-Dirty,dirty,roboflow_dirt_det,test
ddbfb2cbb5ea,Data/raw/roboflow_dirt/train/IMG_20241003_091424_599_jpg.rf.d2d2dd8b4b78fdd665e23f1dd9ba41b4.jpg,Clean,clean,roboflow_dirt_det,test
6a652146e851,Data/raw/roboflow_dirt/train/IMG_20241003_095359_669_jpg.rf.d3525d21d6c7260b04da13a74714ff97.jpg,Low-Dirty,dirty,roboflow_dirt_det,test
80c726afcab9,Data/raw/roboflow_dirt/train/IMG_20241003_095503_867_jpg.rf.d3b7ccf7b01187f66b00f7d37ce61cd3.jpg,Low-Dirty,dirty,roboflow_dirt_det,test
02eae59e7361,Data/raw/roboflow_dirt/train/IMG_20241003_090004_828_jpg.rf.d4365a5b02affc40dfe67df6ddd3c627.jpg,Clean,clean,roboflow_dirt_det,test
61b5d7fead07,Data/raw/roboflow_dirt/train/IMG_20241003_090647_853_jpg.rf.d426afb1f32016bc7ef29f20a839065d.jpg,Clean,clean,roboflow_dirt_det,test
50bd1c330dcf,Data/raw/roboflow_dirt/train/IMG_20241003_090004_828_jpg.rf.d4afbceaccf7a247c18e3f0840929b17.jpg,Clean,clean,roboflow_dirt_det,test
6fd8870dd245,Data/raw/roboflow_dirt/train/IMG_20241003_093804_439_jpg.rf.d2b561835b70bf6e934773e3f6695825.jpg,Low-Dirty,dirty,roboflow_dirt_det,test
97bb7ecfb205,Data/raw/roboflow_dirt/train/IMG_20241003_093417_952_jpg.rf.d52bde63047f5736c79b40f5c0e0d336.jpg,High-Dirty,dirty,roboflow_dirt_det,test
38859cc816c0,Data/raw/roboflow_dirt/train/IMG_20241003_090048_261_jpg.rf.d472ec6f0a9fa1e5b1b1822f95a91958.jpg,Clean,clean,roboflow_dirt_det,test
e51ef6360c4d,Data/raw/roboflow_dirt/train/IMG_20241003_095131_527_jpg.rf.d327ac2c561f4dad6400403d9c12ddae.jpg,Low-Dirty,dirty,roboflow_dirt_det,test
8b2fa6400eef,Data/raw/roboflow_dirt/train/IMG_20241003_094328_969_jpg.rf.d52e01bb2e99eafdeb9efb313668953f.jpg,Low-Dirty,dirty,roboflow_dirt_det,test
66a4c8d7490c,Data/raw/roboflow_dirt/train/IMG_20241003_090252_094_jpg.rf.d4c3d0bac2d28159299d32f142e4f4e8.jpg,Clean,clean,roboflow_dirt_det,test
2481607a3e89,Data/raw/roboflow_dirt/train/IMG_20241003_093811_638_jpg.rf.d4afd12155a664ee7dfe7e1804dfbce8.jpg,Low-Dirty,dirty,roboflow_dirt_det,test
4bd7feabacf4,Data/raw/roboflow_dirt/train/IMG_20241003_094705_887_jpg.rf.d3b051668ab96e5d7d05daed9000ddb1.jpg,Low-Dirty,dirty,roboflow_dirt_det,test
10b7541507c4,Data/raw/roboflow_dirt/train/IMG_20241003_085909_041_jpg.rf.d34df9e0476b569b9baa0975433062b5.jpg,Clean,clean,roboflow_dirt_det,test
7f13919bbddc,Data/raw/roboflow_dirt/train/IMG_20241003_093426_720_jpg.rf.d53330a848cb4895949b6a4f6c7d0c3f.jpg,High-Dirty,dirty,roboflow_dirt_det,test
f369bac23f9e,Data/raw/roboflow_dirt/train/IMG_20241003_094329_731_jpg.rf.d53d86f6177b46c6468f85c7426c3667.jpg,Low-Dirty,dirty,roboflow_dirt_det,test
ddbe0f777675,Data/raw/roboflow_dirt/train/IMG_20241003_095051_800_jpg.rf.d3f0053eefcfced22e9c550a920d9680.jpg,Low-Dirty,dirty,roboflow_dirt_det,test
f1abb68c6364,Data/raw/roboflow_dirt/train/IMG_20241003_094333_361_jpg.rf.d53875f4f9e14a9bec4be2c1b3fa1884.jpg,Low-Dirty,dirty,roboflow_dirt_det,test
28d7262ea31c,Data/raw/roboflow_dirt/train/IMG_20241003_095133_215_jpg.rf.d56e834d0cc29b9ecb80fe0883aced6f.jpg,Low-Dirty,dirty,roboflow_dirt_det,test
070d6976b2ce,Data/raw/roboflow_dirt/train/IMG_20241003_093832_882_jpg.rf.d55f78161e125433824d90b62360f286.jpg,Low-Dirty,dirty,roboflow_dirt_det,test
4e76caa0f120,Data/raw/roboflow_dirt/train/IMG_20241003_093427_819_jpg.rf.d57173660cc678951c0e7a73952a9c2c.jpg,High-Dirty,dirty,roboflow_dirt_det,test
307f6d3a8274,Data/raw/roboflow_dirt/train/IMG_20241003_090557_832_jpg.rf.d58990bb7d89ee98c58931e81c2c2754.jpg,Clean,clean,roboflow_dirt_det,test
8f31f535897b,Data/raw/roboflow_dirt/train/IMG_20241003_091247_283_jpg.rf.d5c1738c4bdaa91ad1006e0763979601.jpg,Clean,clean,roboflow_dirt_det,test
d15576c4f0b1,Data/raw/roboflow_dirt/train/IMG_20241003_093425_300_jpg.rf.d5eff844b4ee7fac2010b3c07ab921b7.jpg,High-Dirty,dirty,roboflow_dirt_det,test
cc626b6982dd,Data/raw/roboflow_dirt/train/IMG_20241003_090003_021_jpg.rf.d6f9907ffd0f4f68d2e4818a486b2481.jpg,Clean,clean,roboflow_dirt_det,test
006d6aea9e39,Data/raw/roboflow_dirt/train/IMG_20241003_093414_065_jpg.rf.d5d92d44bb7580998c39e8c1299c182e.jpg,High-Dirty,dirty,roboflow_dirt_det,test
c96d41395736,Data/raw/roboflow_dirt/train/IMG_20241003_090441_528_jpg.rf.d66baf590650fb6dbc2555f8af811c73.jpg,Clean,clean,roboflow_dirt_det,test
8bf53e52fae6,Data/raw/roboflow_dirt/train/IMG_20241003_094321_807_jpg.rf.d69d1c8d47d1efbedb2de68a33f2ec51.jpg,Low-Dirty,dirty,roboflow_dirt_det,test
3a91b27494c5,Data/raw/roboflow_dirt/train/IMG_20241003_095055_646_jpg.rf.d6cc86dc4e77f0b33ad046245c57c220.jpg,Low-Dirty,dirty,roboflow_dirt_det,test
3f84cf309b68,Data/raw/roboflow_dirt/train/IMG_20241003_094321_807_jpg.rf.d5efd3e44d3d40193f6de7e397e7b857.jpg,Low-Dirty,dirty,roboflow_dirt_det,test
eff04bd7d766,Data/raw/roboflow_dirt/train/IMG_20241003_091206_546_jpg.rf.d5f3a2a23bee7682144749e0e455eb8f.jpg,Clean,clean,roboflow_dirt_det,test
489125886d2a,Data/raw/roboflow_dirt/train/IMG_20241003_095055_646_jpg.rf.d6b4ebd8f3e3cf628468c84cfdf7c5a0.jpg,Low-Dirty,dirty,roboflow_dirt_det,test
e041e798d6a0,Data/raw/roboflow_dirt/train/IMG_20241003_090037_036_jpg.rf.d5ee6240b60552e8f941c26e318bfc5d.jpg,Clean,clean,roboflow_dirt_det,test
2271c8de46c5,Data/raw/roboflow_dirt/train/IMG_20241003_093501_501_jpg.rf.d7f2b91a0fbf54f357b65fd1c7cb0306.jpg,High-Dirty,dirty,roboflow_dirt_det,test
1ca3b07bddfb,Data/raw/roboflow_dirt/train/IMG_20241003_095042_898_jpg.rf.d606a6c0aff54254fa7e43f8141f4ab6.jpg,Low-Dirty,dirty,roboflow_dirt_det,test
980ee92b1ea2,Data/raw/roboflow_dirt/train/IMG_20241003_093632_513_jpg.rf.d779a101e240109627b6b83d4344d700.jpg,High-Dirty,dirty,roboflow_dirt_det,test
a216b08a4323,Data/raw/roboflow_dirt/train/IMG_20241003_094519_589_jpg.rf.d708d9e984eb79a5f1f6c8ef6255d385.jpg,Low-Dirty,dirty,roboflow_dirt_det,test
0f593800c9f4,Data/raw/roboflow_dirt/train/IMG_20241003_090656_424_jpg.rf.d7e514ab06820d9b6feb4083beb947c6.jpg,Clean,clean,roboflow_dirt_det,test
a736850429f7,Data/raw/roboflow_dirt/train/IMG_20241003_093511_505_jpg.rf.d6f9c7262b6a1bb901a7f157d232688b.jpg,High-Dirty,dirty,roboflow_dirt_det,test
81aa4ad06473,Data/raw/roboflow_dirt/train/IMG_20241003_095133_937_jpg.rf.d7f976aaf137998685ab331db4931a21.jpg,Low-Dirty,dirty,roboflow_dirt_det,test
bd879b9cc828,Data/raw/roboflow_dirt/train/IMG_20241003_092621_971_jpg.rf.d7b80ee6015970bae16a2b510d660a93.jpg,Low-Dirty,dirty,roboflow_dirt_det,test
818b85a1cd8b,Data/raw/roboflow_dirt/train/IMG_20241003_093045_205_jpg.rf.d75e01e9e19c5b5bc8828fa3e7410a6f.jpg,Low-Dirty,dirty,roboflow_dirt_det,test
6e686d391e61,Data/raw/roboflow_dirt/train/IMG_20241003_093912_321_jpg.rf.d7e660c6dad534940ef1eb5f96ab394e.jpg,Low-Dirty,dirty,roboflow_dirt_det,test
9db62338d4ae,Data/raw/roboflow_dirt/train/IMG_20241003_095250_310_jpg.rf.d7bf6892dfc9b2509095b0fbce140111.jpg,Low-Dirty,dirty,roboflow_dirt_det,test
8b9edf83edcc,Data/raw/roboflow_dirt/train/IMG_20241003_094848_148_jpg.rf.d7fbdac1cce035f1d4b5c2382d385dc6.jpg,Low-Dirty,dirty,roboflow_dirt_det,test
1a558135bdec,Data/raw/roboflow_dirt/train/IMG_20241003_093832_474_jpg.rf.d8369f6cbeeb488be3d42424e3572e7f.jpg,Low-Dirty,dirty,roboflow_dirt_det,test
cfd852b2c5ce,Data/raw/roboflow_dirt/train/IMG_20241003_085933_110_jpg.rf.d8133a6b3e5de5c7bac0c7168c690075.jpg,Clean,clean,roboflow_dirt_det,test
28ba6845c8d3,Data/raw/roboflow_dirt/train/IMG_20241003_093514_931_jpg.rf.d9008de048c43f335f54dbe3b9294d97.jpg,High-Dirty,dirty,roboflow_dirt_det,test
0e8a5c92514e,Data/raw/roboflow_dirt/train/IMG_20241003_094519_589_jpg.rf.d8485297a4725c1d93958a516add7155.jpg,Low-Dirty,dirty,roboflow_dirt_det,test
b40f08a26380,Data/raw/roboflow_dirt/train/IMG_20241003_093723_493_jpg.rf.d8d375fc1d3c7a80340b0db71d2272ee.jpg,Low-Dirty,dirty,roboflow_dirt_det,test
69a792e9add3,Data/raw/roboflow_dirt/train/IMG_20241003_094903_065_jpg.rf.d90583ae3782b7a77e491d70f3bebab8.jpg,Low-Dirty,dirty,roboflow_dirt_det,test
f7fa74d1dfd4,Data/raw/roboflow_dirt/train/IMG_20241003_094818_492_jpg.rf.d94f22035a8d9794061a1550ee36bebf.jpg,Low-Dirty,dirty,roboflow_dirt_det,test
3fd7618f6a21,Data/raw/roboflow_dirt/train/IMG_20241003_092303_644_jpg.rf.d970ec2b0ef5b7f9609bcbb841e896a0.jpg,High-Dirty,dirty,roboflow_dirt_det,test
fd0f22a196ab,Data/raw/roboflow_dirt/train/IMG_20241003_091424_599_jpg.rf.da6500e7f27aa4c16a6ba10f71b213b1.jpg,Clean,clean,roboflow_dirt_det,test
8d29978e989a,Data/raw/roboflow_dirt/train/IMG_20241003_092144_060_jpg.rf.da1766604fffa3cc0628b4d6b305cedc.jpg,High-Dirty,dirty,roboflow_dirt_det,test
438e2febb028,Data/raw/roboflow_dirt/train/IMG_20241003_092618_323_jpg.rf.d809eefa716e98b52206b8cc215beae6.jpg,Low-Dirty,dirty,roboflow_dirt_det,test
62b8e51f0687,Data/raw/roboflow_dirt/train/IMG_20241003_094333_361_jpg.rf.d9f31959d42cea120801c587d2222479.jpg,Low-Dirty,dirty,roboflow_dirt_det,test
e7f9c9d07c95,Data/raw/roboflow_dirt/train/IMG_20241003_091247_283_jpg.rf.da21fd687fda6417408dd186be8a502e.jpg,Clean,clean,roboflow_dirt_det,test
19698bc96c54,Data/raw/roboflow_dirt/train/IMG_20241003_095057_741_jpg.rf.da8e69d008bbf020492e3db939b71f80.jpg,Low-Dirty,dirty,roboflow_dirt_det,test
977114becab0,Data/raw/roboflow_dirt/train/IMG_20241003_095126_266_jpg.rf.d979d61d9b7b170be3e29568a618534b.jpg,Low-Dirty,dirty,roboflow_dirt_det,test
717b6e7229e1,Data/raw/roboflow_dirt/train/IMG_20241003_093725_702_jpg.rf.da8e24fdb8250f880767399d25806a21.jpg,Low-Dirty,dirty,roboflow_dirt_det,test
34c71817b773,Data/raw/roboflow_dirt/train/IMG_20241003_093245_295_jpg.rf.da9b3d9352a9902c6fcf2b2b8559d9b6.jpg,Low-Dirty,dirty,roboflow_dirt_det,test
be388014516d,Data/raw/roboflow_dirt/train/IMG_20241003_092436_946_jpg.rf.d8cdda09129acddc9d4b049ca99836ee.jpg,High-Dirty,dirty,roboflow_dirt_det,test
8c6e32651469,Data/raw/roboflow_dirt/train/IMG_20241003_095359_669_jpg.rf.d87f7d245f1eaa0814b54e8a2f2c38c0.jpg,Low-Dirty,dirty,roboflow_dirt_det,test
e83098428f91,Data/raw/roboflow_dirt/train/IMG_20241003_093406_564_jpg.rf.d93e6bac4eefe570a38f325f3d285a07.jpg,High-Dirty,dirty,roboflow_dirt_det,test
6262533b0974,Data/raw/roboflow_dirt/train/IMG_20241003_092538_771_jpg.rf.d92188b42d32811957043eb1b39a5632.jpg,High-Dirty,dirty,roboflow_dirt_det,test
3edd16a9552f,Data/raw/roboflow_dirt/train/IMG_20241003_093440_160_jpg.rf.dad920d4cf30fb8a4c665076ade908c4.jpg,High-Dirty,dirty,roboflow_dirt_det,test
13c377a36df8,Data/raw/roboflow_dirt/train/IMG_20241003_094322_843_jpg.rf.da88a113292948a6ae66dcb922a9a0aa.jpg,Low-Dirty,dirty,roboflow_dirt_det,test
1e64f4881795,Data/raw/roboflow_dirt/train/IMG_20241003_095641_574_jpg.rf.daa7c0d8ee08d2bd5261a6c0cab5e6ab.jpg,Low-Dirty,dirty,roboflow_dirt_det,test
2ffbd4b742c1,Data/raw/roboflow_dirt/train/IMG_20241003_093359_047_jpg.rf.dabc0f7e61ac0bfb6dedf361d60fac92.jpg,High-Dirty,dirty,roboflow_dirt_det,test
4c7c424a1c76,Data/raw/roboflow_dirt/train/IMG_20241003_093734_222_jpg.rf.dacef88e121a382f3e73e856c627e640.jpg,Low-Dirty,dirty,roboflow_dirt_det,test
386f12b6b67b,Data/raw/roboflow_dirt/train/IMG_20241003_091236_105_jpg.rf.db4039d11d08b02d15fc74b76b64a3cd.jpg,Clean,clean,roboflow_dirt_det,test
338d89b6e475,Data/raw/roboflow_dirt/train/IMG_20241003_090017_746_jpg.rf.daef2536e76931e12a0e6519caea36d7.jpg,Clean,clean,roboflow_dirt_det,test
719a2cb42cbe,Data/raw/roboflow_dirt/train/IMG_20241003_092303_644_jpg.rf.db9d4215e45b0c107021bff3946cf4ab.jpg,High-Dirty,dirty,roboflow_dirt_det,test
d849e5d4732c,Data/raw/roboflow_dirt/train/IMG_20241003_094242_672_jpg.rf.dc612a0e9bdc070ce92b6d842778245e.jpg,Low-Dirty,dirty,roboflow_dirt_det,test
9d93d39cf21f,Data/raw/roboflow_dirt/train/IMG_20241003_095522_307_jpg.rf.dbb7e3d2dc0e2c8d2c2c50a6b852be08.jpg,Low-Dirty,dirty,roboflow_dirt_det,test
ed54a262cd61,Data/raw/roboflow_dirt/train/IMG_20241003_093849_481_jpg.rf.dc4cca01eea80c9794ee75243786aecc.jpg,Low-Dirty,dirty,roboflow_dirt_det,test
73826969b1c8,Data/raw/roboflow_dirt/train/IMG_20241003_093023_751_jpg.rf.dcda954b095128802526a2521ef2d550.jpg,Low-Dirty,dirty,roboflow_dirt_det,test
b3a557dc7a4c,Data/raw/roboflow_dirt/train/IMG_20241003_095725_610_jpg.rf.dc7ffbee054168063631bb3ab19a8bc9.jpg,Low-Dirty,dirty,roboflow_dirt_det,test
5cf6ca630921,Data/raw/roboflow_dirt/train/IMG_20241003_090219_433_jpg.rf.db2473d8d156e40b2d311cc3cce9beee.jpg,Clean,clean,roboflow_dirt_det,test
f49481022378,Data/raw/roboflow_dirt/train/IMG_20241003_090038_855_jpg.rf.dc4311dbe9e36e9bfda1bc1be34691af.jpg,Clean,clean,roboflow_dirt_det,test
68156305aff5,Data/raw/roboflow_dirt/train/IMG_20241003_092545_360_jpg.rf.dcc1aa9b7e44fdc202614d9ba849fb37.jpg,High-Dirty,dirty,roboflow_dirt_det,test
57c35b6a61f4,Data/raw/roboflow_dirt/train/IMG_20241003_093817_408_jpg.rf.ddf17b5f71afef897e894f4aed064218.jpg,Low-Dirty,dirty,roboflow_dirt_det,test
362df6d11db8,Data/raw/roboflow_dirt/train/IMG_20241003_093505_197_jpg.rf.de2f012ae2805ce5d0b94ad587fa850a.jpg,High-Dirty,dirty,roboflow_dirt_det,test
890573fed38b,Data/raw/roboflow_dirt/train/IMG_20241003_093404_017_jpg.rf.dafbede17a8eca6b04087d9ba4c32e18.jpg,High-Dirty,dirty,roboflow_dirt_det,test
5a935dd67059,Data/raw/roboflow_dirt/train/IMG_20241003_094306_768_jpg.rf.d8a7255145bbecf26b133dee235b53ff.jpg,Low-Dirty,dirty,roboflow_dirt_det,test
e0204c09a139,Data/raw/roboflow_dirt/train/IMG_20241003_091530_538_jpg.rf.de7e0077f15a3029a1b30bab7a3e17a1.jpg,Clean,clean,roboflow_dirt_det,test
dfcb39a41f7c,Data/raw/roboflow_dirt/train/IMG_20241003_093838_339_jpg.rf.dcedd731f197ce6c0354731c3fe31b82.jpg,Low-Dirty,dirty,roboflow_dirt_det,test
0d657b03a7e4,Data/raw/roboflow_dirt/train/IMG_20241003_090252_094_jpg.rf.dda295272185ec835bda8493c89505e9.jpg,Clean,clean,roboflow_dirt_det,test
ef28dca493c8,Data/raw/roboflow_dirt/train/IMG_20241003_094249_068_jpg.rf.de4fc0c8366417678d27cfc8bed10c22.jpg,Low-Dirty,dirty,roboflow_dirt_det,test
b916d09b57b7,Data/raw/roboflow_dirt/train/IMG_20241003_095126_878_jpg.rf.de7214697e972beb4d5f78ecceb06cea.jpg,Low-Dirty,dirty,roboflow_dirt_det,test
217c66a417c9,Data/raw/roboflow_dirt/train/IMG_20241003_085850_838_jpg.rf.dd14af60dce631f279ee03f23a16f133.jpg,Clean,clean,roboflow_dirt_det,test
284e1778a1b8,Data/raw/roboflow_dirt/train/IMG_20241003_093837_039_jpg.rf.dcf807d2804c52587e09f96e749e61d2.jpg,Low-Dirty,dirty,roboflow_dirt_det,test
3b9b9d3f82ca,Data/raw/roboflow_dirt/train/IMG_20241003_093806_778_jpg.rf.dd904fee8b875c715cd56d0783d4cfc3.jpg,Low-Dirty,dirty,roboflow_dirt_det,test
e3b64d6857d2,Data/raw/roboflow_dirt/train/IMG_20241003_094325_651_jpg.rf.ddc7cd0ac64c2438578d731fe631cf80.jpg,Low-Dirty,dirty,roboflow_dirt_det,test
0abc97831a9e,Data/raw/roboflow_dirt/train/IMG_20241003_094241_945_jpg.rf.dc13bffa203b8111c094e3157d7af96e.jpg,Low-Dirty,dirty,roboflow_dirt_det,test
55c035ebfd93,Data/raw/roboflow_dirt/train/IMG_20241003_093946_841_jpg.rf.de81b3792ccfe5f40e9d01633a15ad0c.jpg,Low-Dirty,dirty,roboflow_dirt_det,test
ef3140222a07,Data/raw/roboflow_dirt/train/IMG_20241003_095215_777_jpg.rf.de8627fb401ec7a7c42ec2f5954ca37d.jpg,Low-Dirty,dirty,roboflow_dirt_det,test
b5af3fad7acd,Data/raw/roboflow_dirt/train/IMG_20241003_093133_076_jpg.rf.dd945a17616c5adc2ed1240a251b5b09.jpg,Low-Dirty,dirty,roboflow_dirt_det,test
09a0acc36322,Data/raw/roboflow_dirt/train/IMG_20241003_093142_276_jpg.rf.ddaa4747aecb4f7e044689f0a348545e.jpg,Low-Dirty,dirty,roboflow_dirt_det,test
80870b58e67b,Data/raw/roboflow_dirt/train/IMG_20241003_093423_287_jpg.rf.de92198753705024805d8746e18f6b04.jpg,High-Dirty,dirty,roboflow_dirt_det,test
1e72b6c30216,Data/raw/roboflow_dirt/train/IMG_20241003_093723_199_jpg.rf.deb75e2e0abc6ec40451e0a1e7ceae5d.jpg,Low-Dirty,dirty,roboflow_dirt_det,test
68a130eeafca,Data/raw/roboflow_dirt/train/IMG_20241003_093826_827_jpg.rf.de91bf2143700abd4fd67d2cf3546247.jpg,Low-Dirty,dirty,roboflow_dirt_det,test
c65cb0b28eeb,Data/raw/roboflow_dirt/train/IMG_20241003_093828_807_jpg.rf.dee4ef9fbf32dc57c9a863e98d95d563.jpg,Low-Dirty,dirty,roboflow_dirt_det,test
75d1a6f173b8,Data/raw/roboflow_dirt/train/IMG_20241003_093855_363_jpg.rf.df036d1ae078528e8ecaed6b6138bfd5.jpg,Low-Dirty,dirty,roboflow_dirt_det,test
058bbecabf58,Data/raw/roboflow_dirt/train/IMG_20241003_093723_493_jpg.rf.df11d82040b297e7da2bace75b3b6af4.jpg,Low-Dirty,dirty,roboflow_dirt_det,test
0e45a918d1fa,Data/raw/roboflow_dirt/train/IMG_20241003_094332_896_jpg.rf.deb2554766d9ceca319f26193da96255.jpg,Low-Dirty,dirty,roboflow_dirt_det,test
6588d1c5599c,Data/raw/roboflow_dirt/train/IMG_20241003_092223_155_jpg.rf.df2f0361f99e71e8fde107f36d0a212e.jpg,High-Dirty,dirty,roboflow_dirt_det,test
b083df8bc3e4,Data/raw/roboflow_dirt/train/IMG_20241003_093739_578_jpg.rf.df199a91864721ddc9f1b7be8b37e65d.jpg,Low-Dirty,dirty,roboflow_dirt_det,test
6d44173c8c20,Data/raw/roboflow_dirt/train/IMG_20241003_095114_632_jpg.rf.df34789a3dac252192604dab7eca832a.jpg,Low-Dirty,dirty,roboflow_dirt_det,test
83afdfbc7514,Data/raw/roboflow_dirt/train/IMG_20241003_094417_521_jpg.rf.dfbe9bbab50df948152ad33c107c91f6.jpg,Low-Dirty,dirty,roboflow_dirt_det,test
e1b7b6dbf90d,Data/raw/roboflow_dirt/train/IMG_20241003_095713_701_jpg.rf.df0838d193354ef549b02888098a0e51.jpg,Low-Dirty,dirty,roboflow_dirt_det,test
1d0cc694d6f1,Data/raw/roboflow_dirt/train/IMG_20241003_090459_309_jpg.rf.df0a3239f9314c914268ba2b4da96132.jpg,Clean,clean,roboflow_dirt_det,test
7ddb2194d802,Data/raw/roboflow_dirt/train/IMG_20241003_093825_491_jpg.rf.df4cee79225ae008590d1361fa59925a.jpg,Low-Dirty,dirty,roboflow_dirt_det,test
fc7fb82e03f9,Data/raw/roboflow_dirt/train/IMG_20241003_095105_669_jpg.rf.df580332c75315e4ffc4d531c6a23bbb.jpg,Low-Dirty,dirty,roboflow_dirt_det,test
e77c17737693,Data/raw/roboflow_dirt/train/IMG_20241003_093811_638_jpg.rf.deacfa54e852aae2e101c4c1cc239d7e.jpg,Low-Dirty,dirty,roboflow_dirt_det,test
e8a0587c2909,Data/raw/roboflow_dirt/train/IMG_20241003_090714_577_jpg.rf.df918122c28b42ebf191ee47c6532ca3.jpg,Clean,clean,roboflow_dirt_det,test
1e8c1f7116f2,Data/raw/roboflow_dirt/train/IMG_20241003_093359_047_jpg.rf.e042caa91fe1bcec94ddd3ec2e0c0dd9.jpg,High-Dirty,dirty,roboflow_dirt_det,test
090c24a2d726,Data/raw/roboflow_dirt/train/IMG_20241003_093740_705_jpg.rf.e0a0cada1908e57e05ceec64ee4a9a1a.jpg,Low-Dirty,dirty,roboflow_dirt_det,test
efc3fdee6494,Data/raw/roboflow_dirt/train/IMG_20241003_092624_179_jpg.rf.e06b3b408f6d9d05c6946551e4101a62.jpg,Low-Dirty,dirty,roboflow_dirt_det,test
ecbfe6909b67,Data/raw/roboflow_dirt/train/IMG_20241003_093915_038_jpg.rf.ddc25497b498b88dd4ab47375ddce292.jpg,Low-Dirty,dirty,roboflow_dirt_det,test
98018bd1ea00,Data/raw/roboflow_dirt/train/IMG_20241003_093519_738_jpg.rf.e09febeaa8cdede758a46c5ded30fae4.jpg,High-Dirty,dirty,roboflow_dirt_det,test
2a11cdf0dd4b,Data/raw/roboflow_dirt/train/IMG_20241003_093721_939_jpg.rf.e0adcea27a5a90c1cb1b64bb79b8c42d.jpg,Low-Dirty,dirty,roboflow_dirt_det,test
0cb6c6cd188d,Data/raw/roboflow_dirt/train/IMG_20241003_090347_031_jpg.rf.def77e236a178f2a25b63b81beb1ee39.jpg,Clean,clean,roboflow_dirt_det,test
d0546fc5489e,Data/raw/roboflow_dirt/train/IMG_20241003_092432_127_jpg.rf.e0f006ac472482036981ee6578daae9e.jpg,High-Dirty,dirty,roboflow_dirt_det,test
894b5f62ecf9,Data/raw/roboflow_dirt/train/IMG_20241003_093911_127_jpg.rf.e1395c190fe264872419b789ff96e112.jpg,Low-Dirty,dirty,roboflow_dirt_det,test
cc9de7ed1d92,Data/raw/roboflow_dirt/train/IMG_20241003_093034_913_jpg.rf.e1cdb8421139644959d2e6c3ec2fe47c.jpg,Low-Dirty,dirty,roboflow_dirt_det,test
c8fd0e5105ec,Data/raw/roboflow_dirt/train/IMG_20241003_090347_031_jpg.rf.e14efbfeb29e0bcbeb6b3a5c24e2527c.jpg,Clean,clean,roboflow_dirt_det,test
2b2595e07376,Data/raw/roboflow_dirt/train/IMG_20241003_093032_807_jpg.rf.e1f54f3120f11464c59b29bd296c8195.jpg,Low-Dirty,dirty,roboflow_dirt_det,test
3b740e7b77a9,Data/raw/roboflow_dirt/train/IMG_20241003_095124_349_jpg.rf.e139db724eddea8ea5f23da4f26fd63b.jpg,Low-Dirty,dirty,roboflow_dirt_det,test
79ddedcf569f,Data/raw/roboflow_dirt/train/IMG_20241003_092254_071_jpg.rf.e21aaa9ef4a0b7c087b620aecc534c9f.jpg,High-Dirty,dirty,roboflow_dirt_det,test
67d5d9241492,Data/raw/roboflow_dirt/train/IMG_20241003_090018_206_jpg.rf.e2316dd21da6493b609cc8baa9112d5a.jpg,Clean,clean,roboflow_dirt_det,test
fec6d0649f5c,Data/raw/roboflow_dirt/train/IMG_20241003_085812_783_jpg.rf.e336e1d26fe46f4aee53ee984238fe89.jpg,Clean,clean,roboflow_dirt_det,test
3280482f89b7,Data/raw/roboflow_dirt/train/IMG_20241003_094237_034_jpg.rf.e27943e22af3e551b3a7a65bbb993bf2.jpg,Low-Dirty,dirty,roboflow_dirt_det,test
53300e006de7,Data/raw/roboflow_dirt/train/IMG_20241003_093853_336_jpg.rf.e2c5f4ff359d67fda44fc93be88953ff.jpg,Low-Dirty,dirty,roboflow_dirt_det,test
6e37d6ff6706,Data/raw/roboflow_dirt/train/IMG_20241003_094332_896_jpg.rf.e416e0500a49216e2774f85655d983a2.jpg,Low-Dirty,dirty,roboflow_dirt_det,test
962aa0a71347,Data/raw/roboflow_dirt/train/IMG_20241003_093017_551_jpg.rf.e1875f1427435d36b8204ee3718caa8d.jpg,Low-Dirty,dirty,roboflow_dirt_det,test
5af0b1db189a,Data/raw/roboflow_dirt/train/IMG_20241003_093245_295_jpg.rf.e35261fd0162c5d74f0ae5979e3ffe70.jpg,Low-Dirty,dirty,roboflow_dirt_det,test
32ebc390110e,Data/raw/roboflow_dirt/train/IMG_20241003_093840_468_jpg.rf.e412b09ea9a21e87e986262dfba5fd3d.jpg,Low-Dirty,dirty,roboflow_dirt_det,test
47ee5a8d2e79,Data/raw/roboflow_dirt/train/IMG_20241003_095048_899_jpg.rf.e390e03f168b58d4862b572853b13e2b.jpg,Low-Dirty,dirty,roboflow_dirt_det,test
1eadf03da5c6,Data/raw/roboflow_dirt/train/IMG_20241003_093427_819_jpg.rf.e35638fa5b3b9e6ccfdf616bda990713.jpg,High-Dirty,dirty,roboflow_dirt_det,test
bcb6117a8359,Data/raw/roboflow_dirt/train/IMG_20241003_095444_614_jpg.rf.e3de4a815bca81ada56997d5e9490584.jpg,Low-Dirty,dirty,roboflow_dirt_det,test
be35121e9044,Data/raw/roboflow_dirt/train/IMG_20241003_094515_803_jpg.rf.e25b406575158e451dfe1719c627ad02.jpg,Low-Dirty,dirty,roboflow_dirt_det,test
26708404c70f,Data/raw/roboflow_dirt/train/IMG_20241003_094941_541_jpg.rf.e21e6a86031aa9e5fe7bfcdfbe845805.jpg,Low-Dirty,dirty,roboflow_dirt_det,test
a77d17f6b1b0,Data/raw/roboflow_dirt/train/IMG_20241003_095555_834_jpg.rf.e2fe7794c68406bb3d56ea71dadcf462.jpg,Low-Dirty,dirty,roboflow_dirt_det,test
7e69da37addb,Data/raw/roboflow_dirt/train/IMG_20241003_093429_613_jpg.rf.e404484ed2f384b3b192b5ba34b7b726.jpg,High-Dirty,dirty,roboflow_dirt_det,test
2af26b3357ec,Data/raw/roboflow_dirt/train/IMG_20241003_093404_646_jpg.rf.e30c84dc4ed1e547a96ecb335d0fab6a.jpg,High-Dirty,dirty,roboflow_dirt_det,test
74abeba22df8,Data/raw/roboflow_dirt/train/IMG_20241003_093354_835_jpg.rf.e15c3a3afe53ee59a411c701bd799db3.jpg,High-Dirty,dirty,roboflow_dirt_det,test
d7c1b31b53a3,Data/raw/roboflow_dirt/train/IMG_20241003_093703_330_jpg.rf.e27f3b82ac2d3972a03625db25d11a5d.jpg,High-Dirty,dirty,roboflow_dirt_det,test
699321277148,Data/raw/roboflow_dirt/train/IMG_20241003_090232_685_jpg.rf.e3f46a31f2d24f08da72ec66efb59596.jpg,Clean,clean,roboflow_dirt_det,test
da9dc7ce66c1,Data/raw/roboflow_dirt/train/IMG_20241003_094450_392_jpg.rf.e1fd73ab5398e548f4b150df2d7fc064.jpg,Low-Dirty,dirty,roboflow_dirt_det,test
29fd2f82d556,Data/raw/roboflow_dirt/train/IMG_20241003_092550_786_jpg.rf.e481f6519c0344f54bb84ce86428bae8.jpg,High-Dirty,dirty,roboflow_dirt_det,test
0357a9ace17e,Data/raw/roboflow_dirt/train/IMG_20241003_094941_541_jpg.rf.e26be3386438b9edfcacc74c3e60e657.jpg,Low-Dirty,dirty,roboflow_dirt_det,test
810339f20c96,Data/raw/roboflow_dirt/train/IMG_20241003_091424_599_jpg.rf.e4b94b0e2290ff6533111d5937410820.jpg,Clean,clean,roboflow_dirt_det,test
607710908f04,Data/raw/roboflow_dirt/train/IMG_20241003_085939_681_jpg.rf.e4a571d4022de81cc3d612ac10bf76ea.jpg,Clean,clean,roboflow_dirt_det,test
948350bf7677,Data/raw/roboflow_dirt/train/IMG_20241003_090552_360_jpg.rf.e549db0a303e49d568927e4e17e4b18f.jpg,Clean,clean,roboflow_dirt_det,test
bb3394c43ec9,Data/raw/roboflow_dirt/train/IMG_20241003_094323_542_jpg.rf.e4dbead9ba36aeb95011be64c91265c2.jpg,Low-Dirty,dirty,roboflow_dirt_det,test
2372651eec96,Data/raw/roboflow_dirt/train/IMG_20241003_095641_574_jpg.rf.e635e7e3619fc870df03f059c17e1db7.jpg,Low-Dirty,dirty,roboflow_dirt_det,test
aa97b38cc764,Data/raw/roboflow_dirt/train/IMG_20241003_093724_084_jpg.rf.e4ee9c4d5297c59dbc6dc7c50c9faf5e.jpg,Low-Dirty,dirty,roboflow_dirt_det,test
5c12c7d0262d,Data/raw/roboflow_dirt/train/IMG_20241003_093804_279_jpg.rf.e4dc06fa43e7d4f5102003906ba809a7.jpg,Low-Dirty,dirty,roboflow_dirt_det,test
0f380d1344d4,Data/raw/roboflow_dirt/train/IMG_20241003_093041_197_jpg.rf.e4f45f370c830f3f3339d34195470291.jpg,Low-Dirty,dirty,roboflow_dirt_det,test
56ae201e9428,Data/raw/roboflow_dirt/train/IMG_20241003_091058_842_jpg.rf.e53f6ff37a1e05f04390a9ca3e0f058b.jpg,Clean,clean,roboflow_dirt_det,test
08ff6642887d,Data/raw/roboflow_dirt/train/IMG_20241003_093816_652_jpg.rf.e6856d062e0d076d3ac36e6fe0af8507.jpg,Low-Dirty,dirty,roboflow_dirt_det,test
f41789c141d9,Data/raw/roboflow_dirt/train/IMG_20241003_095133_215_jpg.rf.e5b010737c85f511d09b131b2560ed04.jpg,Low-Dirty,dirty,roboflow_dirt_det,test
a2ce91f09d68,Data/raw/roboflow_dirt/train/IMG_20241003_093416_608_jpg.rf.e63ccbd9f5c498a042b168e6b5d49eff.jpg,High-Dirty,dirty,roboflow_dirt_det,test
b8f2298d7f96,Data/raw/roboflow_dirt/train/IMG_20241003_095126_878_jpg.rf.e4e0b54b7f1d9262a3e201cf7c1bac02.jpg,Low-Dirty,dirty,roboflow_dirt_det,test
6e49a517608b,Data/raw/roboflow_dirt/train/IMG_20241003_090834_147_jpg.rf.e777fc74be4e205b910b36cb3b572a58.jpg,Clean,clean,roboflow_dirt_det,test
2966e49240fd,Data/raw/roboflow_dirt/train/IMG_20241003_095700_912_jpg.rf.e5dd8ab5852783e427198218df37df44.jpg,Low-Dirty,dirty,roboflow_dirt_det,test
414502d39701,Data/raw/roboflow_dirt/train/IMG_20241003_094303_233_jpg.rf.e668152843241b058f5848974f6652be.jpg,Low-Dirty,dirty,roboflow_dirt_det,test
b9720a2de7bd,Data/raw/roboflow_dirt/train/IMG_20241003_093425_300_jpg.rf.e5eb3c678c241ea0fdb7675e5d2d5963.jpg,High-Dirty,dirty,roboflow_dirt_det,test
6401df9a8d3b,Data/raw/roboflow_dirt/train/IMG_20241003_085827_567_jpg.rf.e7549c93a2b4485fae36f0d804310556.jpg,Clean,clean,roboflow_dirt_det,test
dbac0b462e9f,Data/raw/roboflow_dirt/train/IMG_20241003_095503_867_jpg.rf.e6824eb6b973bb7a82c35821f099398d.jpg,Low-Dirty,dirty,roboflow_dirt_det,test
f4e074a0bbb2,Data/raw/roboflow_dirt/train/IMG_20241003_094326_764_jpg.rf.e63bcc7df2f3da6934c3eb9b0e0daeea.jpg,Low-Dirty,dirty,roboflow_dirt_det,test
97c8b0dcedf7,Data/raw/roboflow_dirt/train/IMG_20241003_095125_819_jpg.rf.e7ffafd193b9c8e21b33420add29b3fd.jpg,Low-Dirty,dirty,roboflow_dirt_det,test
99f81d3cac85,Data/raw/roboflow_dirt/train/IMG_20241003_095359_669_jpg.rf.e763e5e8191eb49fb1dff2cada782e24.jpg,Low-Dirty,dirty,roboflow_dirt_det,test
9cfe833ab6a3,Data/raw/roboflow_dirt/train/IMG_20241003_093401_886_jpg.rf.e6564a79eafeea72807642a67dccd756.jpg,High-Dirty,dirty,roboflow_dirt_det,test
95e71c09f9e2,Data/raw/roboflow_dirt/train/IMG_20241003_095527_235_jpg.rf.e6cd2ceedb82a8771fe753402f7ea044.jpg,Low-Dirty,dirty,roboflow_dirt_det,test
4b086a8c2ea1,Data/raw/roboflow_dirt/train/IMG_20241003_093414_065_jpg.rf.e7c1e7f9f42fc394a0fc491dff10b967.jpg,High-Dirty,dirty,roboflow_dirt_det,test
70695276e2a3,Data/raw/roboflow_dirt/train/IMG_20241003_093918_807_jpg.rf.e74bbcd6a93ab354a594d4c81adbcb98.jpg,Low-Dirty,dirty,roboflow_dirt_det,test
ddbfccac3753,Data/raw/roboflow_dirt/train/IMG_20241003_093832_882_jpg.rf.e82c1b7c01a339f893d9d9ee9480f93d.jpg,Low-Dirty,dirty,roboflow_dirt_det,test
54e11a8db529,Data/raw/roboflow_dirt/train/IMG_20241003_092243_638_jpg.rf.e8dd5fca7a81d0981d18a1e11a64a7b5.jpg,High-Dirty,dirty,roboflow_dirt_det,test
ed4045a0d057,Data/raw/roboflow_dirt/train/IMG_20241003_093737_866_jpg.rf.e82ce3d280a9b2c53cafa5b56e66a8c9.jpg,Low-Dirty,dirty,roboflow_dirt_det,test
6fdce9cad1e0,Data/raw/roboflow_dirt/train/IMG_20241003_092248_229_jpg.rf.e8391da2180c97bc37103284ede168b4.jpg,High-Dirty,dirty,roboflow_dirt_det,test
fa39003743eb,Data/raw/roboflow_dirt/train/IMG_20241003_090550_591_jpg.rf.e888ef9a8d0ecfd353186ae8cfbd40ae.jpg,Clean,clean,roboflow_dirt_det,test
6d85310b936f,Data/raw/roboflow_dirt/train/IMG_20241003_093407_191_jpg.rf.e8119209ad6d97a063f07e9727a71a67.jpg,High-Dirty,dirty,roboflow_dirt_det,test
9bd3367003a3,Data/raw/roboflow_dirt/train/IMG_20241003_094817_553_jpg.rf.e8d2aa228242e9403ba4adc32e1bffda.jpg,Low-Dirty,dirty,roboflow_dirt_det,test
b6c5fe22fa3c,Data/raw/roboflow_dirt/train/IMG_20241003_095300_115_jpg.rf.e93c1983668ec45d0d68fa47226e98e8.jpg,Low-Dirty,dirty,roboflow_dirt_det,test
5a359ed94929,Data/raw/roboflow_dirt/train/IMG_20241003_090314_879_jpg.rf.ea49a9bc3dee091e282e81c9572fa75b.jpg,Clean,clean,roboflow_dirt_det,test
c86497ecb2bb,Data/raw/roboflow_dirt/train/IMG_20241003_093818_198_jpg.rf.e934caa42137ec3356137c2313d45a2f.jpg,Low-Dirty,dirty,roboflow_dirt_det,test
cf23720354c1,Data/raw/roboflow_dirt/train/IMG_20241003_093414_914_jpg.rf.e9cc3dd517a083dda68f59547cc30b51.jpg,High-Dirty,dirty,roboflow_dirt_det,test
c6b0f2e85d3e,Data/raw/roboflow_dirt/train/IMG_20241003_093844_584_jpg.rf.ea03fc212792c6dbd59a1203402d54ea.jpg,Low-Dirty,dirty,roboflow_dirt_det,test
a7d68e3b65fa,Data/raw/roboflow_dirt/train/IMG_20241003_094727_426_jpg.rf.ea0ef668320882048bbd0612ba7999a1.jpg,Low-Dirty,dirty,roboflow_dirt_det,test
37b90e103f75,Data/raw/roboflow_dirt/train/IMG_20241003_091549_704_jpg.rf.ea7c4586dbfe9de25b9efdf30fd6bb93.jpg,Clean,clean,roboflow_dirt_det,test
0adfb07aacc1,Data/raw/roboflow_dirt/train/IMG_20241003_094324_440_jpg.rf.ea3529801b7fa19e84dc09da00c1be88.jpg,Low-Dirty,dirty,roboflow_dirt_det,test
807c842bebc1,Data/raw/roboflow_dirt/train/IMG_20241003_091158_436_jpg.rf.ea27a3ce0e992ad6120eb9832ddcc1d2.jpg,Clean,clean,roboflow_dirt_det,test
ed73bf82e017,Data/raw/roboflow_dirt/train/IMG_20241003_093251_443_jpg.rf.ea6e0449ae83212871fd852c45e60f33.jpg,Low-Dirty,dirty,roboflow_dirt_det,test
93a55b0e95b6,Data/raw/roboflow_dirt/train/IMG_20241003_095808_880_jpg.rf.ea7031b4a0c746bd4964bc8b67a2b7b9.jpg,Low-Dirty,dirty,roboflow_dirt_det,test
c278c448894a,Data/raw/roboflow_dirt/train/IMG_20241003_094941_541_jpg.rf.e8ad686e39e6cc8f8970749da870baf9.jpg,Low-Dirty,dirty,roboflow_dirt_det,test
ddb139d9019a,Data/raw/roboflow_dirt/train/IMG_20241003_092435_418_jpg.rf.ea0f984519a744018751b2823917ee39.jpg,High-Dirty,dirty,roboflow_dirt_det,test
477d8b9b5493,Data/raw/roboflow_dirt/train/IMG_20241003_095805_130_jpg.rf.ea02828cd96a76a6fa1e4cd29c722c6c.jpg,Low-Dirty,dirty,roboflow_dirt_det,test
eefaa60ef3bf,Data/raw/roboflow_dirt/train/IMG_20241003_094511_277_jpg.rf.e9295ab86a006e450c4e262f1d7bdd68.jpg,Low-Dirty,dirty,roboflow_dirt_det,test
cc470654f8a1,Data/raw/roboflow_dirt/train/IMG_20241003_094858_905_jpg.rf.ea4fce616e8718f8701e339354256f83.jpg,Low-Dirty,dirty,roboflow_dirt_det,test
90131271b361,Data/raw/roboflow_dirt/train/IMG_20241003_091107_290_jpg.rf.e95749b1a2c8ddb7a9bfa04487b348e9.jpg,Clean,clean,roboflow_dirt_det,test
874458c118cc,Data/raw/roboflow_dirt/train/IMG_20241003_095114_632_jpg.rf.e8c79e10c6120beecf1e04838a3b96be.jpg,Low-Dirty,dirty,roboflow_dirt_det,test
aab33f7c8fad,Data/raw/roboflow_dirt/train/IMG_20241003_093722_348_jpg.rf.ea7eaeb4322adc1bb2d5575149929384.jpg,Low-Dirty,dirty,roboflow_dirt_det,test
9f48707e65cc,Data/raw/roboflow_dirt/train/IMG_20241003_090820_926_jpg.rf.eae40ea2317614c591ba3c12666b4c33.jpg,Clean,clean,roboflow_dirt_det,test
b101081fef39,Data/raw/roboflow_dirt/train/IMG_20241003_093734_843_jpg.rf.eb30067e8087cabd1c036e0c201d6d70.jpg,Low-Dirty,dirty,roboflow_dirt_det,test
ce2ee5498c84,Data/raw/roboflow_dirt/train/IMG_20241003_085838_220_jpg.rf.eb88150c7b6a870f331b3136927973ba.jpg,Clean,clean,roboflow_dirt_det,test
eed895b5e56f,Data/raw/roboflow_dirt/train/IMG_20241003_095419_433_jpg.rf.eb5bd08177472eeaea232400474a7cda.jpg,Low-Dirty,dirty,roboflow_dirt_det,test
902aafddb3c1,Data/raw/roboflow_dirt/train/IMG_20241003_091052_977_jpg.rf.ead8da71f6618f1a90ce48e662c02559.jpg,Clean,clean,roboflow_dirt_det,test
979dc7340cb6,Data/raw/roboflow_dirt/train/IMG_20241003_095042_898_jpg.rf.ecba1d9a17e30c4819bd22a3343098ae.jpg,Low-Dirty,dirty,roboflow_dirt_det,test
43f1c8ec106c,Data/raw/roboflow_dirt/train/IMG_20241003_094237_034_jpg.rf.eaa5cb23fd2e4105dc1b49321f225ab9.jpg,Low-Dirty,dirty,roboflow_dirt_det,test
18ebfa72b2fe,Data/raw/roboflow_dirt/train/IMG_20241003_093430_864_jpg.rf.ec170458ae6c580f4a61c0ee002e21e1.jpg,High-Dirty,dirty,roboflow_dirt_det,test
200a18736f0c,Data/raw/roboflow_dirt/train/IMG_20241003_095737_690_jpg.rf.eaccdb0836f489e37c0bc7d0ddd543e9.jpg,Low-Dirty,dirty,roboflow_dirt_det,test
4fb55453d916,Data/raw/roboflow_dirt/train/IMG_20241003_090138_418_jpg.rf.ebef972b49cab3bf02ffb3c4464541ab.jpg,Clean,clean,roboflow_dirt_det,test
5625255ff289,Data/raw/roboflow_dirt/train/IMG_20241003_095555_834_jpg.rf.ed8c5408c5c1279bafdc62cf7d646499.jpg,Low-Dirty,dirty,roboflow_dirt_det,test
c1d95eb1f892,Data/raw/roboflow_dirt/train/IMG_20241003_090100_124_jpg.rf.ed3255798d520e112c2f35fc281b931d.jpg,Clean,clean,roboflow_dirt_det,test
4068a3e22dfe,Data/raw/roboflow_dirt/train/IMG_20241003_090324_553_jpg.rf.eb3d2096b6fdb88c23f3a2e313f54ece.jpg,Clean,clean,roboflow_dirt_det,test
a12e752092b6,Data/raw/roboflow_dirt/train/IMG_20241003_085850_838_jpg.rf.ebd3d5b155e54ba8c7c86c1317cc9f7d.jpg,Clean,clean,roboflow_dirt_det,test
b9ce4a0ecc8b,Data/raw/roboflow_dirt/train/IMG_20241003_092621_971_jpg.rf.ed539a8ae0c30f9608515e1546738b76.jpg,Low-Dirty,dirty,roboflow_dirt_det,test
199d0f4c0ce2,Data/raw/roboflow_dirt/train/IMG_20241003_093015_746_jpg.rf.ed5189eea47e149769c113f812cf61b1.jpg,Low-Dirty,dirty,roboflow_dirt_det,test
9bc636794443,Data/raw/roboflow_dirt/train/IMG_20241003_093822_296_jpg.rf.edb601a28793ef3bfce0b74a7d6a0a03.jpg,Low-Dirty,dirty,roboflow_dirt_det,test
4afbcf4118c7,Data/raw/roboflow_dirt/train/IMG_20241003_093043_241_jpg.rf.eb9ef897c9196f7de117d5cdbde51003.jpg,Low-Dirty,dirty,roboflow_dirt_det,test
d7f211ee63e1,Data/raw/roboflow_dirt/train/IMG_20241003_095042_898_jpg.rf.ecbb22881b08444107bdbd414c4ca99f.jpg,Low-Dirty,dirty,roboflow_dirt_det,test
5b19cf77ae28,Data/raw/roboflow_dirt/train/IMG_20241003_095100_153_jpg.rf.ebd9e64325bd8df716284a4aa7d420f4.jpg,Low-Dirty,dirty,roboflow_dirt_det,test
ed27f3556e85,Data/raw/roboflow_dirt/train/IMG_20241003_092243_638_jpg.rf.ee63a2830824c795951b47de92f8664d.jpg,High-Dirty,dirty,roboflow_dirt_det,test
343cf6352352,Data/raw/roboflow_dirt/train/IMG_20241003_095359_669_jpg.rf.ee082f2a38bcc1bdc4b3fc7a799db9e7.jpg,Low-Dirty,dirty,roboflow_dirt_det,test
2c7724b81bc3,Data/raw/roboflow_dirt/train/IMG_20241003_093729_411_jpg.rf.ee155d84bc717941fda7d4c7c2074d9b.jpg,Low-Dirty,dirty,roboflow_dirt_det,test
9bc179260644,Data/raw/roboflow_dirt/train/IMG_20241003_091038_854_jpg.rf.ee870c388389478a38b1b16a5dd30f69.jpg,Clean,clean,roboflow_dirt_det,test
955faddf836a,Data/raw/roboflow_dirt/train/IMG_20241003_095128_047_jpg.rf.ee74e4cec3f36853426a27d275aedbcd.jpg,Low-Dirty,dirty,roboflow_dirt_det,test
d83f8e160cdf,Data/raw/roboflow_dirt/train/IMG_20241003_094817_553_jpg.rf.edf026d60a6943c509b7eedbb05098c5.jpg,Low-Dirty,dirty,roboflow_dirt_det,test
c29dfd15873e,Data/raw/roboflow_dirt/train/IMG_20241003_095555_834_jpg.rf.ed8cb881e6a92394f6bed968b4ea6e3d.jpg,Low-Dirty,dirty,roboflow_dirt_det,test
2dfdfa1699be,Data/raw/roboflow_dirt/train/IMG_20241003_095636_074_jpg.rf.ee4cb67c1cbfa2e5a10089991096cee6.jpg,Low-Dirty,dirty,roboflow_dirt_det,test
9e21549827c8,Data/raw/roboflow_dirt/train/IMG_20241003_095057_741_jpg.rf.edf9d2a147ddaf51d3561c47c7377f47.jpg,Low-Dirty,dirty,roboflow_dirt_det,test
0e843fc88909,Data/raw/roboflow_dirt/train/IMG_20241003_093734_843_jpg.rf.ecba9688934b6c738824f9f24aa54593.jpg,Low-Dirty,dirty,roboflow_dirt_det,test
f6158299d987,Data/raw/roboflow_dirt/train/IMG_20241003_095725_610_jpg.rf.eee3e192c9d4f2276b99216ae8416bf4.jpg,Low-Dirty,dirty,roboflow_dirt_det,test
b5c3a2f73def,Data/raw/roboflow_dirt/train/IMG_20241003_094238_274_jpg.rf.eea4f633e3103c3b1388d1ea19fca924.jpg,Low-Dirty,dirty,roboflow_dirt_det,test
b6b608b7b4a1,Data/raw/roboflow_dirt/train/IMG_20241003_090856_713_jpg.rf.eeb955a3aafcb3236a3302fa8d3c0e4a.jpg,Clean,clean,roboflow_dirt_det,test
ff5526835873,Data/raw/roboflow_dirt/train/IMG_20241003_090347_031_jpg.rf.ef2c4678129ad7e59759e1361e67686d.jpg,Clean,clean,roboflow_dirt_det,test
c82598988770,Data/raw/roboflow_dirt/train/IMG_20241003_093826_827_jpg.rf.eeff2321c68b0f5545309fe33bc0272d.jpg,Low-Dirty,dirty,roboflow_dirt_det,test
2af4d34680f6,Data/raw/roboflow_dirt/train/IMG_20241003_091058_842_jpg.rf.efb7f158308ab6a1bb14dfac9cc6b726.jpg,Clean,clean,roboflow_dirt_det,test
56bb71c61d21,Data/raw/roboflow_dirt/train/IMG_20241003_090834_147_jpg.rf.f05134529d0f21531a64b9934be6f6c6.jpg,Clean,clean,roboflow_dirt_det,test
06e96e2444ef,Data/raw/roboflow_dirt/train/IMG_20241003_090038_855_jpg.rf.f092383cde684f6ac6406ee492f8630a.jpg,Clean,clean,roboflow_dirt_det,test
32ecb604c1b9,Data/raw/roboflow_dirt/train/IMG_20241003_093440_160_jpg.rf.ef7fc1500817f9b2eed64cb0917891ab.jpg,High-Dirty,dirty,roboflow_dirt_det,test
c2f4cdc76b52,Data/raw/roboflow_dirt/train/IMG_20241003_090438_241_jpg.rf.f0fe7514c05d57b9110b4cebb926d004.jpg,Clean,clean,roboflow_dirt_det,test
c0d45eccad30,Data/raw/roboflow_dirt/train/IMG_20241003_092626_837_jpg.rf.eef1fea90182cc733a5635712a8b7d02.jpg,Low-Dirty,dirty,roboflow_dirt_det,test
b8777561ddaf,Data/raw/roboflow_dirt/train/IMG_20241003_091549_704_jpg.rf.eee6a65cc6cc11b1698af13c0d58cd33.jpg,Clean,clean,roboflow_dirt_det,test
6ec5c0ae389f,Data/raw/roboflow_dirt/train/IMG_20241003_085909_041_jpg.rf.f09553a4831b3f49a75559a5cd4675f5.jpg,Clean,clean,roboflow_dirt_det,test
df1ad304bcd7,Data/raw/roboflow_dirt/train/IMG_20241003_093043_241_jpg.rf.efb5e5228df4193732a483f0cb7dc3b9.jpg,Low-Dirty,dirty,roboflow_dirt_det,test
c39b36609a0e,Data/raw/roboflow_dirt/train/IMG_20241003_095527_235_jpg.rf.f07b609cc5984555d02b59d5b5644a4a.jpg,Low-Dirty,dirty,roboflow_dirt_det,test
6ccadb75393b,Data/raw/roboflow_dirt/train/IMG_20241003_093739_578_jpg.rf.f1165adc0061ca33e8b3bb4a86a9bce1.jpg,Low-Dirty,dirty,roboflow_dirt_det,test
7206846e3cc3,Data/raw/roboflow_dirt/train/IMG_20241003_093717_198_jpg.rf.f090cc099096ff3d38a22816f64fdd37.jpg,Low-Dirty,dirty,roboflow_dirt_det,test
01e1cdbb5030,Data/raw/roboflow_dirt/train/IMG_20241003_091540_410_jpg.rf.f0661e0078b065151a33c1683b0592bd.jpg,Clean,clean,roboflow_dirt_det,test
110ba0a3ccaa,Data/raw/roboflow_dirt/train/IMG_20241003_093849_481_jpg.rf.ef7c59a1caed27662ffda169c04b99d8.jpg,Low-Dirty,dirty,roboflow_dirt_det,test
6479ca7b3105,Data/raw/roboflow_dirt/train/IMG_20241003_085835_479_jpg.rf.f0d9ebb9c6bb47f900078a13bee37d3f.jpg,Clean,clean,roboflow_dirt_det,test
42f3ea6d6634,Data/raw/roboflow_dirt/train/IMG_20241003_090314_879_jpg.rf.ef021416caa8c89f04d65ec896ddbfa2.jpg,Clean,clean,roboflow_dirt_det,test
be7cd39f8901,Data/raw/roboflow_dirt/train/IMG_20241003_090634_523_jpg.rf.f09e2ac736f5b11d9be823962f290562.jpg,Clean,clean,roboflow_dirt_det,test
522ea50cea8c,Data/raw/roboflow_dirt/train/IMG_20241003_085820_672_jpg.rf.f1978a038430e07ce51dea7511a913cc.jpg,Clean,clean,roboflow_dirt_det,test
b63e96dbc23d,Data/raw/roboflow_dirt/train/IMG_20241003_095824_758_jpg.rf.ef969df3dd3ec250dc0b30cf223befbc.jpg,Low-Dirty,dirty,roboflow_dirt_det,test
895cad499001,Data/raw/roboflow_dirt/train/IMG_20241003_095126_878_jpg.rf.ef47ec88ece17cb78a3c69db3a7264b3.jpg,Low-Dirty,dirty,roboflow_dirt_det,test
dffe8517db9a,Data/raw/roboflow_dirt/train/IMG_20241003_090849_937_jpg.rf.f1f51b190f1f439168ed07dcbdb713a3.jpg,Clean,clean,roboflow_dirt_det,test
33680944c6ea,Data/raw/roboflow_dirt/train/IMG_20241003_095801_143_jpg.rf.f1c9b30d6e26eba098c7a2b1cd72f04e.jpg,Low-Dirty,dirty,roboflow_dirt_det,test
c8c41a6882d2,Data/raw/roboflow_dirt/train/IMG_20241003_090834_147_jpg.rf.eb36e710a0603480f9f3c4f6af4ba1a9.jpg,Clean,clean,roboflow_dirt_det,test
f23b5eebeb54,Data/raw/roboflow_dirt/train/IMG_20241003_090553_227_jpg.rf.f13ff6b555de224f51b9d582b4e52998.jpg,Clean,clean,roboflow_dirt_det,test
f5fd97a0073b,Data/raw/roboflow_dirt/train/IMG_20241003_093801_925_jpg.rf.f246db3439d4c82ba5ff494344337372.jpg,Low-Dirty,dirty,roboflow_dirt_det,test
eaa0ecd35282,Data/raw/roboflow_dirt/train/IMG_20241003_092542_138_jpg.rf.f2dc95fc1b31a67ef19820c12a17412b.jpg,High-Dirty,dirty,roboflow_dirt_det,test
e57b037dda69,Data/raw/roboflow_dirt/train/IMG_20241003_093607_396_jpg.rf.f2d061616f73d65b0006d42be6feee6e.jpg,High-Dirty,dirty,roboflow_dirt_det,test
34d0357b3f2e,Data/raw/roboflow_dirt/train/IMG_20241003_094330_591_jpg.rf.f25c0f2e8b6df392203a89b4ff898c45.jpg,Low-Dirty,dirty,roboflow_dirt_det,test
33c4d9941eb2,Data/raw/roboflow_dirt/train/IMG_20241003_091516_183_jpg.rf.f2b44ab0c6aa8765b65040d0e0f5e176.jpg,Clean,clean,roboflow_dirt_det,test
01e4b2a449d6,Data/raw/roboflow_dirt/train/IMG_20241003_093429_613_jpg.rf.f354f518d2aa31d0e26fc0d9f252527f.jpg,High-Dirty,dirty,roboflow_dirt_det,test
03397ae48c97,Data/raw/roboflow_dirt/train/IMG_20241003_093724_084_jpg.rf.f3ce0ac632d0b55b04a94602d1c60f99.jpg,Low-Dirty,dirty,roboflow_dirt_det,test
8ffc6ca19ac8,Data/raw/roboflow_dirt/train/IMG_20241003_094654_305_jpg.rf.f412c5bb92563df5734ef1fb206dbb87.jpg,Low-Dirty,dirty,roboflow_dirt_det,test
d162788adba5,Data/raw/roboflow_dirt/train/IMG_20241003_095122_428_jpg.rf.f30361cc7234ad5c26576f35755b4d27.jpg,Low-Dirty,dirty,roboflow_dirt_det,test
b1b4de85f1e3,Data/raw/roboflow_dirt/train/IMG_20241003_094326_231_jpg.rf.f50f4d2e6724def9f1e7cdbc840aab6a.jpg,Low-Dirty,dirty,roboflow_dirt_det,test
b0074fbbc3d2,Data/raw/roboflow_dirt/train/IMG_20241003_090100_124_jpg.rf.f56db53f51507715bd7a3e1db232a610.jpg,Clean,clean,roboflow_dirt_det,test
a5205e667640,Data/raw/roboflow_dirt/train/IMG_20241003_095636_074_jpg.rf.f3e105e3717bc5d3ce855b329c8ee8ec.jpg,Low-Dirty,dirty,roboflow_dirt_det,test
ac9dfaa199b1,Data/raw/roboflow_dirt/train/IMG_20241003_095057_014_jpg.rf.f4317390ced69a9a50f1eaa0efdc9aeb.jpg,Low-Dirty,dirty,roboflow_dirt_det,test
2039fc78d615,Data/raw/roboflow_dirt/train/IMG_20241003_093740_705_jpg.rf.f3b47f12a8ea6c7395033a4db296afe3.jpg,Low-Dirty,dirty,roboflow_dirt_det,test
8684241322d1,Data/raw/roboflow_dirt/train/IMG_20241003_093801_925_jpg.rf.f3f4de9f0851533754c293c5cd3cd786.jpg,Low-Dirty,dirty,roboflow_dirt_det,test
83c3ee5d0a9b,Data/raw/roboflow_dirt/train/IMG_20241003_094303_233_jpg.rf.f424ce92ecec4960a723a6502eaac345.jpg,Low-Dirty,dirty,roboflow_dirt_det,test
3383c4860625,Data/raw/roboflow_dirt/train/IMG_20241003_091530_538_jpg.rf.f480707f698ecb3d4d0278f32e3738ee.jpg,Clean,clean,roboflow_dirt_det,test
4829c689d317,Data/raw/roboflow_dirt/train/IMG_20241003_093400_213_jpg.rf.f53be0493d9bd29f9f663d38d55ae35a.jpg,High-Dirty,dirty,roboflow_dirt_det,test
0b998f805bc3,Data/raw/roboflow_dirt/train/IMG_20241003_093825_191_jpg.rf.f383564cf65310b66948d679e0af6ac9.jpg,Low-Dirty,dirty,roboflow_dirt_det,test
f905facb8dfb,Data/raw/roboflow_dirt/train/IMG_20241003_095035_667_jpg.rf.f51b17b9a1119c3910484eb47fb89363.jpg,Low-Dirty,dirty,roboflow_dirt_det,test
fce52440de72,Data/raw/roboflow_dirt/train/IMG_20241003_092530_751_jpg.rf.f4cbc3b2145f89ccd56d634edc9d2f71.jpg,High-Dirty,dirty,roboflow_dirt_det,test
ee0a9d64feba,Data/raw/roboflow_dirt/train/IMG_20241003_094241_632_jpg.rf.f52e0527108bf48c7b87355ab81f848e.jpg,Low-Dirty,dirty,roboflow_dirt_det,test
c85a526f3c01,Data/raw/roboflow_dirt/train/IMG_20241003_092550_309_jpg.rf.f4cabd5ade2348e7224a04a542a728c3.jpg,High-Dirty,dirty,roboflow_dirt_det,test
854c223468a7,Data/raw/roboflow_dirt/train/IMG_20241003_090553_594_jpg.rf.f41a14e0f061c7acefcdcec95c9eedf6.jpg,Clean,clean,roboflow_dirt_det,test
2824e7718771,Data/raw/roboflow_dirt/train/IMG_20241003_094926_948_jpg.rf.f519cf6a8855db3ccb81ac4f8c2937dd.jpg,Low-Dirty,dirty,roboflow_dirt_det,test
b746e085b771,Data/raw/roboflow_dirt/train/IMG_20241003_090652_199_jpg.rf.f50f0356b38e172597d43c9b5a012e1f.jpg,Clean,clean,roboflow_dirt_det,test
230ffd1f988c,Data/raw/roboflow_dirt/train/IMG_20241003_093133_076_jpg.rf.f5704697105fba6cb99090865bd569e4.jpg,Low-Dirty,dirty,roboflow_dirt_det,test
ca8c639fe08a,Data/raw/roboflow_dirt/train/IMG_20241003_092221_248_jpg.rf.f54097d066e0cb50d84dbf56cd64c361.jpg,High-Dirty,dirty,roboflow_dirt_det,test
0e3d7b23a675,Data/raw/roboflow_dirt/train/IMG_20241003_090705_284_jpg.rf.f3cd134bd83c87f89ddcf649b0ee4c97.jpg,Clean,clean,roboflow_dirt_det,test
3475df7ae09e,Data/raw/roboflow_dirt/train/IMG_20241003_091204_600_jpg.rf.f49feb06b130ccec7b8a6935b77ea875.jpg,Clean,clean,roboflow_dirt_det,test
21f3d9a6a84e,Data/raw/roboflow_dirt/valid/IMG_20241003_092142_078_jpg.rf.02ed645fa89909ab9a38ada5a9c48fd9.jpg,High-Dirty,dirty,roboflow_dirt_det,test
2495ecc42938,Data/raw/roboflow_dirt/valid/IMG_20241003_090257_115_jpg.rf.0953ea1590b163fc784052496fab69c9.jpg,Clean,clean,roboflow_dirt_det,test
193720dbf42b,Data/raw/roboflow_dirt/valid/IMG_20241003_093423_028_jpg.rf.0b346f093e10bb4f2ecd563e971957b5.jpg,High-Dirty,dirty,roboflow_dirt_det,test
3cd029ebb9de,Data/raw/roboflow_dirt/valid/IMG_20241003_093413_726_jpg.rf.01a6f308ae3bfd77c475d872260e6809.jpg,High-Dirty,dirty,roboflow_dirt_det,test
5368b413adda,Data/raw/roboflow_dirt/valid/IMG_20241003_090908_105_jpg.rf.0f55c187913d0f1fac420193a9a51dd0.jpg,Clean,clean,roboflow_dirt_det,test
fc2faeac8799,Data/raw/roboflow_dirt/valid/IMG_20241003_092546_954_jpg.rf.0698259054e144838d9c8605792cd4bb.jpg,High-Dirty,dirty,roboflow_dirt_det,test
928fee580b0f,Data/raw/roboflow_dirt/valid/IMG_20241003_095026_112_jpg.rf.023fc0f1121514aaca2355f5c56a9713.jpg,Low-Dirty,dirty,roboflow_dirt_det,test
f118714300a0,Data/raw/roboflow_dirt/valid/IMG_20241003_093249_102_jpg.rf.02778b46096df4040ba70b6211e2f27d.jpg,Low-Dirty,dirty,roboflow_dirt_det,test
5502b361cb67,Data/raw/roboflow_dirt/valid/IMG_20241003_095310_559_jpg.rf.0a3c1c49ede98b72318abcca5c1dc4ce.jpg,Low-Dirty,dirty,roboflow_dirt_det,test
e7b0c4840360,Data/raw/roboflow_dirt/valid/IMG_20241003_093828_033_jpg.rf.0c5ef4c468cc61be99d30a2847abb8d4.jpg,Low-Dirty,dirty,roboflow_dirt_det,test
84208251a46e,Data/raw/roboflow_dirt/valid/IMG_20241003_093820_402_jpg.rf.007e692f44e5cd7031ac6be1dad4c8b1.jpg,Low-Dirty,dirty,roboflow_dirt_det,test
8364a5dd110d,Data/raw/roboflow_dirt/valid/IMG_20241003_090625_126_jpg.rf.101530fd8cf11c57a743b04e69a199eb.jpg,Clean,clean,roboflow_dirt_det,test
bd1c5f4cccd1,Data/raw/roboflow_dirt/valid/IMG_20241003_093837_543_jpg.rf.0c42646a00ee94b2e24c2f88bdd065fe.jpg,Low-Dirty,dirty,roboflow_dirt_det,test
b4fc77e269ad,Data/raw/roboflow_dirt/valid/IMG_20241003_093359_472_jpg.rf.1120ff59fb6bf6b1e04b0b9575f1907e.jpg,High-Dirty,dirty,roboflow_dirt_det,test
72cde8dec3e6,Data/raw/roboflow_dirt/valid/IMG_20241003_094714_602_jpg.rf.11908a68e3f37db771fb4f34f5888295.jpg,Low-Dirty,dirty,roboflow_dirt_det,test
7a4eacc210fd,Data/raw/roboflow_dirt/valid/IMG_20241003_094429_960_jpg.rf.153be3fbcbd6d353c5dea487240a43b6.jpg,Low-Dirty,dirty,roboflow_dirt_det,test
10df6b966910,Data/raw/roboflow_dirt/valid/IMG_20241003_095135_669_jpg.rf.101a160ea5a55f1a1bc9587b10e5f0d5.jpg,Low-Dirty,dirty,roboflow_dirt_det,test
831deaa344db,Data/raw/roboflow_dirt/valid/IMG_20241003_093427_505_jpg.rf.202ebbbb28f2b1eab6d6bb062ac972dd.jpg,High-Dirty,dirty,roboflow_dirt_det,test
7778d903c77e,Data/raw/roboflow_dirt/valid/IMG_20241003_094459_089_jpg.rf.16f9eec35ee461cf2b195b1414e71b2b.jpg,Low-Dirty,dirty,roboflow_dirt_det,test
5d5ebd5521e4,Data/raw/roboflow_dirt/valid/IMG_20241003_095109_663_jpg.rf.1fbe9886e298e72e40f23ff4b8dcd3eb.jpg,Low-Dirty,dirty,roboflow_dirt_det,test
aac43a974fcc,Data/raw/roboflow_dirt/valid/IMG_20241003_090039_731_jpg.rf.1b3047e4b342a15e07727a38543928c5.jpg,Clean,clean,roboflow_dirt_det,test
42e2382c1178,Data/raw/roboflow_dirt/valid/IMG_20241003_085830_326_jpg.rf.2338205644025ad44c3fb4959145c22a.jpg,Clean,clean,roboflow_dirt_det,test
be7b7389bd6f,Data/raw/roboflow_dirt/valid/IMG_20241003_095010_663_jpg.rf.25a8e087b17d166848099fcb8d8aa3bb.jpg,Low-Dirty,dirty,roboflow_dirt_det,test
6a3190c19fa4,Data/raw/roboflow_dirt/valid/IMG_20241003_093354_835_jpg.rf.2393fe0f5210eadcfda5d2a7a04c44d5.jpg,High-Dirty,dirty,roboflow_dirt_det,test
2fff0b370d14,Data/raw/roboflow_dirt/valid/IMG_20241003_095133_937_jpg.rf.2e814a31ed69efc71c1a50f5cf1bba17.jpg,Low-Dirty,dirty,roboflow_dirt_det,test
f77c621c8dd6,Data/raw/roboflow_dirt/valid/IMG_20241003_093930_298_jpg.rf.2da832a863be409b940a09c1976c13c5.jpg,Low-Dirty,dirty,roboflow_dirt_det,test
e08258a7e691,Data/raw/roboflow_dirt/valid/IMG_20241003_093454_242_jpg.rf.21eaa113bf36bc3c805c3fde7fd98044.jpg,High-Dirty,dirty,roboflow_dirt_det,test
d18e3c55f959,Data/raw/roboflow_dirt/valid/IMG_20241003_085948_142_jpg.rf.26de64aed8c6f62140d1563114e297ef.jpg,Clean,clean,roboflow_dirt_det,test
2f71871d88f4,Data/raw/roboflow_dirt/valid/IMG_20241003_090224_873_jpg.rf.2bd816ac1937e34bf0091cb7aa07a551.jpg,Clean,clean,roboflow_dirt_det,test
7fc341da7722,Data/raw/roboflow_dirt/valid/IMG_20241003_090551_177_jpg.rf.16e3e9d8cc6fed97f68cd67a8ebae35a.jpg,Clean,clean,roboflow_dirt_det,test
dada5d5b84ec,Data/raw/roboflow_dirt/valid/IMG_20241003_095041_121_jpg.rf.18fd2465663c14f04430e77af121b2c0.jpg,Low-Dirty,dirty,roboflow_dirt_det,test
8d14d4036236,Data/raw/roboflow_dirt/valid/IMG_20241003_092246_252_jpg.rf.265e7711644667d21a20a09045c8077a.jpg,High-Dirty,dirty,roboflow_dirt_det,test
dc0d27533168,Data/raw/roboflow_dirt/valid/IMG_20241003_094318_895_jpg.rf.2408891018ca51d80ec039b4498bde13.jpg,Low-Dirty,dirty,roboflow_dirt_det,test
2e17f02bbc4b,Data/raw/roboflow_dirt/valid/IMG_20241002_214847_968_jpg.rf.301ee02ec191fbdc64bfc1d991515fa1.jpg,Clean,clean,roboflow_dirt_det,test
4bfc8911b4da,Data/raw/roboflow_dirt/valid/IMG_20241003_093440_160_jpg.rf.2ae19652d8402a400e476a982b2bd7d5.jpg,High-Dirty,dirty,roboflow_dirt_det,test
01dc0fffed6b,Data/raw/roboflow_dirt/valid/IMG_20241003_093728_667_jpg.rf.2ed6744039bc747fcf3104d64585eae8.jpg,Low-Dirty,dirty,roboflow_dirt_det,test
6a925c02a21d,Data/raw/roboflow_dirt/valid/IMG_20241003_095324_568_jpg.rf.2db7e529bbadb54ae646b7fc7f6a3295.jpg,Low-Dirty,dirty,roboflow_dirt_det,test
66f911a00502,Data/raw/roboflow_dirt/valid/IMG_20241003_090235_836_jpg.rf.2f189deb2cb2afa0e08cf32cd9ef64d2.jpg,Clean,clean,roboflow_dirt_det,test
d78fff4feaa5,Data/raw/roboflow_dirt/valid/IMG_20241003_090247_560_jpg.rf.2a7b91e46fe31f1e95d0109aad5aaadd.jpg,Clean,clean,roboflow_dirt_det,test
edf833688a63,Data/raw/roboflow_dirt/valid/IMG_20241003_090037_036_jpg.rf.261fca9c03316ff4e2fdb25f0ae8c830.jpg,Clean,clean,roboflow_dirt_det,test
46bba5b0b059,Data/raw/roboflow_dirt/valid/IMG_20241003_085906_798_jpg.rf.308dce847a48921c3b279597127175e4.jpg,Clean,clean,roboflow_dirt_det,test
23901d09dac3,Data/raw/roboflow_dirt/valid/IMG_20241003_094255_737_jpg.rf.30944e11d13b5b07de12e5c7430fd91c.jpg,Low-Dirty,dirty,roboflow_dirt_det,test
df29a68e8043,Data/raw/roboflow_dirt/valid/IMG_20241002_214857_930_jpg.rf.34e1d9a8640789cd82ee93d230ae8416.jpg,Clean,clean,roboflow_dirt_det,test
b43b0c42dc5a,Data/raw/roboflow_dirt/valid/IMG_20241003_093424_780_jpg.rf.31f6bd27999ea8d60bac78f1dca0fe67.jpg,High-Dirty,dirty,roboflow_dirt_det,test
3e59dee4d75d,Data/raw/roboflow_dirt/valid/IMG_20241003_085857_150_jpg.rf.35fd3867d718c09f492a6505984ee4b6.jpg,Clean,clean,roboflow_dirt_det,test
5f389474de12,Data/raw/roboflow_dirt/valid/IMG_20241003_093831_084_jpg.rf.3f95615048ca57d0a1d5e40ba84fb001.jpg,Low-Dirty,dirty,roboflow_dirt_det,test
d8552bf67bd4,Data/raw/roboflow_dirt/valid/IMG_20241003_092416_509_jpg.rf.3341b2deb1c81072b87580cb6f6067e3.jpg,High-Dirty,dirty,roboflow_dirt_det,test
42454f00fd90,Data/raw/roboflow_dirt/valid/IMG_20241003_094245_230_jpg.rf.3a6c89e9cc2586df15932841f01d6b6a.jpg,Low-Dirty,dirty,roboflow_dirt_det,test
24b5cb30a30b,Data/raw/roboflow_dirt/valid/IMG_20241003_093730_784_jpg.rf.40b3ceea5c09f48e82316ce703230492.jpg,Low-Dirty,dirty,roboflow_dirt_det,test
81be6e09e9d4,Data/raw/roboflow_dirt/valid/IMG_20241003_090553_594_jpg.rf.45cc61d33f50f47de41ed1e9f7a2fc42.jpg,Clean,clean,roboflow_dirt_det,test
d63aa0dd836b,Data/raw/roboflow_dirt/valid/IMG_20241003_091204_600_jpg.rf.3d41b7c5f946c70fad587bcf8f0801f2.jpg,Clean,clean,roboflow_dirt_det,test
fcc48e21e6ce,Data/raw/roboflow_dirt/valid/IMG_20241003_094258_505_jpg.rf.35055848675216a9095322bde46dab54.jpg,Low-Dirty,dirty,roboflow_dirt_det,test
1d6e9740eb7a,Data/raw/roboflow_dirt/valid/IMG_20241003_085916_159_jpg.rf.35c59291d50a000902a752df73fdb16f.jpg,Clean,clean,roboflow_dirt_det,test
51fccff82dc3,Data/raw/roboflow_dirt/valid/IMG_20241003_093826_827_jpg.rf.4111a952f40d9c6e8bc57fa00006a528.jpg,Low-Dirty,dirty,roboflow_dirt_det,test
44ff754c61d5,Data/raw/roboflow_dirt/valid/IMG_20241003_093249_539_jpg.rf.3b8c089117ebbc8273cb1fa8ed955a5f.jpg,Low-Dirty,dirty,roboflow_dirt_det,test
1da3b900d906,Data/raw/roboflow_dirt/valid/IMG_20241003_091149_670_jpg.rf.3b13ee32fdcdbe3b5bcc42311cac8a95.jpg,Clean,clean,roboflow_dirt_det,test
3ced0eaacda4,Data/raw/roboflow_dirt/valid/IMG_20241003_093428_735_jpg.rf.3fd83b34d13f2566691ac8e92d3d108b.jpg,High-Dirty,dirty,roboflow_dirt_det,test
6eb2c811fd0b,Data/raw/roboflow_dirt/valid/IMG_20241003_093403_721_jpg.rf.459650a1ff5777898fe98b5d06b55dd9.jpg,High-Dirty,dirty,roboflow_dirt_det,test
cfbc700876c9,Data/raw/roboflow_dirt/valid/IMG_20241003_092205_143_jpg.rf.462e6100cab6fae6c5f7df36bc498b09.jpg,High-Dirty,dirty,roboflow_dirt_det,test
701c99a43be2,Data/raw/roboflow_dirt/valid/IMG_20241003_094437_718_jpg.rf.3f9db5e5056dec2b0556ddb54a3e0e6c.jpg,Low-Dirty,dirty,roboflow_dirt_det,test
7bc8504d1989,Data/raw/roboflow_dirt/valid/IMG_20241003_095119_759_jpg.rf.465038f21539622992fadcc4483766d8.jpg,Low-Dirty,dirty,roboflow_dirt_det,test
5aee42050894,Data/raw/roboflow_dirt/valid/IMG_20241003_093426_335_jpg.rf.424c291dc047faeb58d57d8874900cb7.jpg,High-Dirty,dirty,roboflow_dirt_det,test
6139673d3912,Data/raw/roboflow_dirt/valid/IMG_20241003_090937_497_jpg.rf.44a32bbe5aa620757cfddade87f5455f.jpg,Clean,clean,roboflow_dirt_det,test
598c74488261,Data/raw/roboflow_dirt/valid/IMG_20241003_095058_488_jpg.rf.430dc4869746c9d49a01dfb0e0778451.jpg,Low-Dirty,dirty,roboflow_dirt_det,test
c2209b8ee3a4,Data/raw/roboflow_dirt/valid/IMG_20241003_093807_419_jpg.rf.4af4b96fdd249fa98d6af428328b76dc.jpg,Low-Dirty,dirty,roboflow_dirt_det,test
01ad3e9d003f,Data/raw/roboflow_dirt/valid/IMG_20241003_094235_288_jpg.rf.49627dd7151ee8e9ef06a7149e395a0e.jpg,Low-Dirty,dirty,roboflow_dirt_det,test
765897294929,Data/raw/roboflow_dirt/valid/IMG_20241003_090232_685_jpg.rf.538e338928a9fd0351cfa71deb7c7184.jpg,Clean,clean,roboflow_dirt_det,test
28615974fd05,Data/raw/roboflow_dirt/valid/IMG_20241003_093813_175_jpg.rf.45eb0367066363d197cabb34968d0504.jpg,Low-Dirty,dirty,roboflow_dirt_det,test
f2f1280938dd,Data/raw/roboflow_dirt/valid/IMG_20241003_095112_929_jpg.rf.50bb68c31a60c7a5d5fd83b7146236c1.jpg,Low-Dirty,dirty,roboflow_dirt_det,test
8ac9b0abd51d,Data/raw/roboflow_dirt/valid/IMG_20241003_095757_359_jpg.rf.53606cebf0e6f0e086250694e161425f.jpg,Low-Dirty,dirty,roboflow_dirt_det,test
b5d29c59aa79,Data/raw/roboflow_dirt/valid/IMG_20241003_090839_319_jpg.rf.51aafd0671af9a17aa7c303349ceea9a.jpg,Clean,clean,roboflow_dirt_det,test
9ba508e67be3,Data/raw/roboflow_dirt/valid/IMG_20241003_093406_014_jpg.rf.5f43ee45f2059fe78eca4f5c39504d47.jpg,High-Dirty,dirty,roboflow_dirt_det,test
f395003854cc,Data/raw/roboflow_dirt/valid/IMG_20241003_094657_036_jpg.rf.4dafc4a2fbda27fb4c6effbb8939faca.jpg,Low-Dirty,dirty,roboflow_dirt_det,test
46136b2da7e6,Data/raw/roboflow_dirt/valid/IMG_20241003_092541_179_jpg.rf.53e5758eb47a249adf9d5627b43e242e.jpg,High-Dirty,dirty,roboflow_dirt_det,test
ed7c51216d3a,Data/raw/roboflow_dirt/valid/IMG_20241003_095056_417_jpg.rf.5b135a4a89a9e6cf2c751f1ba30d2995.jpg,Low-Dirty,dirty,roboflow_dirt_det,test
a5e8d61c6c6a,Data/raw/roboflow_dirt/valid/IMG_20241003_094343_913_jpg.rf.5812ce6cc83593c8f0008446b245bdad.jpg,Low-Dirty,dirty,roboflow_dirt_det,test
d8b2d03abd92,Data/raw/roboflow_dirt/valid/IMG_20241003_094336_362_jpg.rf.55f9893b91e642b783f9e87d54b6c1d7.jpg,Low-Dirty,dirty,roboflow_dirt_det,test
228efd9aa5ec,Data/raw/roboflow_dirt/valid/IMG_20241003_093422_026_jpg.rf.62e4340c42b34242b46a842aeb0fc443.jpg,High-Dirty,dirty,roboflow_dirt_det,test
71ebececc945,Data/raw/roboflow_dirt/valid/IMG_20241003_092708_170_jpg.rf.5423d0ccd232dd8545852b4b5d1eea19.jpg,Low-Dirty,dirty,roboflow_dirt_det,test
445d7ee7f4e9,Data/raw/roboflow_dirt/valid/IMG_20241003_095122_428_jpg.rf.4f23f2d9711af6f686df8d6d4f18d266.jpg,Low-Dirty,dirty,roboflow_dirt_det,test
64077dd238f6,Data/raw/roboflow_dirt/valid/IMG_20241003_090213_276_jpg.rf.5d2111536053a4901ea8d356f73943c0.jpg,Clean,clean,roboflow_dirt_det,test
ba4245516e31,Data/raw/roboflow_dirt/valid/IMG_20241003_092142_078_jpg.rf.5147c358d32212c3d779dd646349ab09.jpg,High-Dirty,dirty,roboflow_dirt_det,test
f13acd140c16,Data/raw/roboflow_dirt/valid/IMG_20241003_094300_173_jpg.rf.6ca6b3e32548dc1d0d5679c1725d56d6.jpg,Low-Dirty,dirty,roboflow_dirt_det,test
0d397d87701b,Data/raw/roboflow_dirt/valid/IMG_20241003_093043_241_jpg.rf.62ff4dba27eb85fd25702cf56956adbc.jpg,Low-Dirty,dirty,roboflow_dirt_det,test
296556e00fdf,Data/raw/roboflow_dirt/valid/IMG_20241003_095429_855_jpg.rf.6e0f60d92ec75e8771cd9256c1e63acf.jpg,Low-Dirty,dirty,roboflow_dirt_det,test
ac4fce8373ef,Data/raw/roboflow_dirt/valid/IMG_20241003_092557_208_jpg.rf.58823d8d7fa0ed5c892639f76a07e6e0.jpg,High-Dirty,dirty,roboflow_dirt_det,test
a669f1377ebb,Data/raw/roboflow_dirt/valid/IMG_20241003_094252_580_jpg.rf.5ca02fe04abc7dbfc56129988f9c011a.jpg,Low-Dirty,dirty,roboflow_dirt_det,test
d6dafa55b55e,Data/raw/roboflow_dirt/valid/IMG_20241003_093815_993_jpg.rf.6e7a44394bb717fbe3734164c8161e2e.jpg,Low-Dirty,dirty,roboflow_dirt_det,test
8a725e278342,Data/raw/roboflow_dirt/valid/IMG_20241003_092305_921_jpg.rf.6dc6492dad7547ad65c60fc266cab0d2.jpg,High-Dirty,dirty,roboflow_dirt_det,test
a82211182d0c,Data/raw/roboflow_dirt/valid/IMG_20241003_085933_110_jpg.rf.6c97eaeda5ba21b8032c70ea345f8c90.jpg,Clean,clean,roboflow_dirt_det,test
0798098b339f,Data/raw/roboflow_dirt/valid/IMG_20241003_090451_715_jpg.rf.71619e6c8dea3500471487436f3dc76d.jpg,Clean,clean,roboflow_dirt_det,test
9c8b4f90c645,Data/raw/roboflow_dirt/valid/IMG_20241003_091545_271_jpg.rf.6c8694c80078cdf597101cbe63e512ec.jpg,Clean,clean,roboflow_dirt_det,test
ac4b8e44bc2e,Data/raw/roboflow_dirt/valid/IMG_20241003_093658_404_jpg.rf.704ef0bc4f14925d3248c542c59e7dbc.jpg,High-Dirty,dirty,roboflow_dirt_det,test
64068410143d,Data/raw/roboflow_dirt/valid/IMG_20241003_093028_873_jpg.rf.639ed43e963a845842e546ef30f9a0f7.jpg,Low-Dirty,dirty,roboflow_dirt_det,test
c945d681501c,Data/raw/roboflow_dirt/valid/IMG_20241003_094816_201_jpg.rf.759d841c14eb97e839026357c7c9bcb7.jpg,Low-Dirty,dirty,roboflow_dirt_det,test
289561b7fa77,Data/raw/roboflow_dirt/valid/IMG_20241003_085950_563_jpg.rf.7babe1d890356a41ad38ce6bc6863173.jpg,Clean,clean,roboflow_dirt_det,test
dd6509788944,Data/raw/roboflow_dirt/valid/IMG_20241003_093428_735_jpg.rf.7f7fced500a4713577ba17c36253a77f.jpg,High-Dirty,dirty,roboflow_dirt_det,test
721a062cee27,Data/raw/roboflow_dirt/valid/IMG_20241003_095135_198_jpg.rf.771fa50ce1732a8604d9791bd5a7e26e.jpg,Low-Dirty,dirty,roboflow_dirt_det,test
022a4fd68a81,Data/raw/roboflow_dirt/valid/IMG_20241003_093249_102_jpg.rf.7726f1f6e26d342e198e6706e44957aa.jpg,Low-Dirty,dirty,roboflow_dirt_det,test
00d152cbdb9a,Data/raw/roboflow_dirt/valid/IMG_20241003_085915_633_jpg.rf.76580d768de323ac74982f2f7afb9348.jpg,Clean,clean,roboflow_dirt_det,test
b8e7a200d400,Data/raw/roboflow_dirt/valid/IMG_20241003_092538_771_jpg.rf.764ca6215b78271e3d276026f5c4dac7.jpg,High-Dirty,dirty,roboflow_dirt_det,test
7d50e87122b1,Data/raw/roboflow_dirt/valid/IMG_20241003_093936_744_jpg.rf.7c320495890181697b32eae07de85371.jpg,Low-Dirty,dirty,roboflow_dirt_det,test
e1cff1cce3fa,Data/raw/roboflow_dirt/valid/IMG_20241003_095732_917_jpg.rf.7d1d706d169df495493ef03026c1eab3.jpg,Low-Dirty,dirty,roboflow_dirt_det,test
c0a490ccdc42,Data/raw/roboflow_dirt/valid/IMG_20241003_090243_036_jpg.rf.7f497d10f1728f46b0979951ab3a6396.jpg,Clean,clean,roboflow_dirt_det,test
45d4014a1b42,Data/raw/roboflow_dirt/valid/IMG_20241003_093805_031_jpg.rf.894d0ec8f2c7025e869c88735b774701.jpg,Low-Dirty,dirty,roboflow_dirt_det,test
9219dfbdd74f,Data/raw/roboflow_dirt/valid/IMG_20241003_094333_792_jpg.rf.8100387f55ecfb266ab65a3cefb3589e.jpg,Low-Dirty,dirty,roboflow_dirt_det,test
49dc72c0e994,Data/raw/roboflow_dirt/valid/IMG_20241003_090217_237_jpg.rf.8166b763f36a6849a864376ac978cb61.jpg,Clean,clean,roboflow_dirt_det,test
721e6a95d8ea,Data/raw/roboflow_dirt/valid/IMG_20241003_091253_110_jpg.rf.82431538b805f7cd83d1ec5b59474d07.jpg,Clean,clean,roboflow_dirt_det,test
f45d83654b78,Data/raw/roboflow_dirt/valid/IMG_20241003_094816_658_jpg.rf.8794b747d23e48cb8b4fdb00d19cc59a.jpg,Low-Dirty,dirty,roboflow_dirt_det,test
a1bdb4ee4da7,Data/raw/roboflow_dirt/valid/IMG_20241003_090448_311_jpg.rf.8832916a4602e4c2ee23b505c9fe1c37.jpg,Clean,clean,roboflow_dirt_det,test
80b010d18d84,Data/raw/roboflow_dirt/valid/IMG_20241003_094304_861_jpg.rf.82078ebfc6f16f9b5a8bb3e7ef946508.jpg,Low-Dirty,dirty,roboflow_dirt_det,test
30bb96f5ab67,Data/raw/roboflow_dirt/valid/IMG_20241003_093852_103_jpg.rf.8694f8276219825e81fbe3935d7f3f81.jpg,Low-Dirty,dirty,roboflow_dirt_det,test
e42377521925,Data/raw/roboflow_dirt/valid/IMG_20241003_095123_250_jpg.rf.862357cdfc0a50586d874ffd5c9d6c4d.jpg,Low-Dirty,dirty,roboflow_dirt_det,test
6fb1fea558ae,Data/raw/roboflow_dirt/valid/IMG_20241003_093834_481_jpg.rf.7fb8a832dc8868c7f0e4bdd84c90ceab.jpg,Low-Dirty,dirty,roboflow_dirt_det,test
84d4ac517e9a,Data/raw/roboflow_dirt/valid/IMG_20241003_095055_646_jpg.rf.838f3a049fe8cf17bfd8cdb39b753381.jpg,Low-Dirty,dirty,roboflow_dirt_det,test
5bb19adccb3e,Data/raw/roboflow_dirt/valid/IMG_20241003_094248_556_jpg.rf.8a55aefeed9ad1ed1ca0409a691761e5.jpg,Low-Dirty,dirty,roboflow_dirt_det,test
412dab4cc4d7,Data/raw/roboflow_dirt/valid/IMG_20241003_093824_721_jpg.rf.7a0af8a20cece804217e231e942f0d30.jpg,Low-Dirty,dirty,roboflow_dirt_det,test
04a1cbb291aa,Data/raw/roboflow_dirt/valid/IMG_20241003_093854_383_jpg.rf.8939d452d4a8f2343a815eaf3a765890.jpg,Low-Dirty,dirty,roboflow_dirt_det,test
5717a4ce99c1,Data/raw/roboflow_dirt/valid/IMG_20241003_093948_696_jpg.rf.8d50662ae8b03be73fb801258cb9eb8e.jpg,Low-Dirty,dirty,roboflow_dirt_det,test
a7d6451d0920,Data/raw/roboflow_dirt/valid/IMG_20241003_091611_687_jpg.rf.70276efbcc195a8353a81734f012abad.jpg,Clean,clean,roboflow_dirt_det,test
d75ad883d6df,Data/raw/roboflow_dirt/valid/IMG_20241003_094511_277_jpg.rf.900f4e8fd57a5d979517198412571c6b.jpg,Low-Dirty,dirty,roboflow_dirt_det,test
218a2f06cd4e,Data/raw/roboflow_dirt/valid/IMG_20241003_093726_223_jpg.rf.9042ac2e408b6e8654170dfe2c8bb1a3.jpg,Low-Dirty,dirty,roboflow_dirt_det,test
208de72e624e,Data/raw/roboflow_dirt/valid/IMG_20241003_085955_562_jpg.rf.8fdbecf66488a2ad430376c93222c5af.jpg,Clean,clean,roboflow_dirt_det,test
473fc94f2aa2,Data/raw/roboflow_dirt/valid/IMG_20241003_095817_229_jpg.rf.96b2ebe6ca11c5a6f39b56e2b7dfc4a3.jpg,Low-Dirty,dirty,roboflow_dirt_det,test
ad984b420876,Data/raw/roboflow_dirt/valid/IMG_20241003_094336_362_jpg.rf.9171deb3e97dde4745e8911625de6262.jpg,Low-Dirty,dirty,roboflow_dirt_det,test
8623b7a2b13e,Data/raw/roboflow_dirt/valid/IMG_20241003_090043_687_jpg.rf.90badb90a5125afcfb5b2b08fbd65377.jpg,Clean,clean,roboflow_dirt_det,test
4170f54e75d8,Data/raw/roboflow_dirt/valid/IMG_20241003_090017_746_jpg.rf.9ff7b9a9849ba1dd31a3be5f66f72fcc.jpg,Clean,clean,roboflow_dirt_det,test
52274e08c7cb,Data/raw/roboflow_dirt/valid/IMG_20241003_093848_700_jpg.rf.9bdb48492443a7204b1d5b701ff49fa3.jpg,Low-Dirty,dirty,roboflow_dirt_det,test
dba6d0854228,Data/raw/roboflow_dirt/valid/IMG_20241003_085857_150_jpg.rf.a2c25e8ec4e50f49231010b67b03b9fa.jpg,Clean,clean,roboflow_dirt_det,test
6385f89ab938,Data/raw/roboflow_dirt/valid/IMG_20241003_093839_751_jpg.rf.a3f1cdd0f27c763e10d71519bfe9733a.jpg,Low-Dirty,dirty,roboflow_dirt_det,test
11530a1f993d,Data/raw/roboflow_dirt/valid/IMG_20241003_090327_593_jpg.rf.963e50c2ba24298ef255f995a1e01f32.jpg,Clean,clean,roboflow_dirt_det,test
132dc33b26fb,Data/raw/roboflow_dirt/valid/IMG_20241003_093703_330_jpg.rf.969d927c9d46e5667af60c1fbeaaa474.jpg,High-Dirty,dirty,roboflow_dirt_det,test
d95befea1cc7,Data/raw/roboflow_dirt/valid/IMG_20241003_090934_775_jpg.rf.adb220242d6fe4fcd06ed6a33e9cee1c.jpg,Clean,clean,roboflow_dirt_det,test
85ed1a60d451,Data/raw/roboflow_dirt/valid/IMG_20241003_094433_785_jpg.rf.aff38301a843c309e5c1bf723cfe93c6.jpg,Low-Dirty,dirty,roboflow_dirt_det,test
803469a32c00,Data/raw/roboflow_dirt/valid/IMG_20241003_094327_809_jpg.rf.a7d8024472ead0c2e6c887fc98c13e58.jpg,Low-Dirty,dirty,roboflow_dirt_det,test
20ec6e3c70ec,Data/raw/roboflow_dirt/valid/IMG_20241003_090347_031_jpg.rf.abd75e35a4f8ddb1ff27289b54d64775.jpg,Clean,clean,roboflow_dirt_det,test
0e100f31c4ff,Data/raw/roboflow_dirt/valid/IMG_20241003_094243_591_jpg.rf.9a956a73c160dedd0fcdca942f64d3fc.jpg,Low-Dirty,dirty,roboflow_dirt_det,test
bf3a40397d27,Data/raw/roboflow_dirt/valid/IMG_20241003_093407_561_jpg.rf.b0abb5c4731703d73623e0c9a4a39275.jpg,High-Dirty,dirty,roboflow_dirt_det,test
332cdf488c09,Data/raw/roboflow_dirt/valid/IMG_20241003_093415_931_jpg.rf.a928aee07b20572c40157621784b2fb3.jpg,High-Dirty,dirty,roboflow_dirt_det,test
7805a02fac7f,Data/raw/roboflow_dirt/valid/IMG_20241003_093835_901_jpg.rf.a66f80f9e0f5d453497b546df9d2ce8b.jpg,Low-Dirty,dirty,roboflow_dirt_det,test
9d764558a8d3,Data/raw/roboflow_dirt/valid/IMG_20241003_093826_189_jpg.rf.8cb64c7d314ebfd07876ef63fab9c9c0.jpg,Low-Dirty,dirty,roboflow_dirt_det,test
7189b6a394b7,Data/raw/roboflow_dirt/valid/IMG_20241003_094245_230_jpg.rf.a6227a1dca78b70e2cb6d11ca0b7d73a.jpg,Low-Dirty,dirty,roboflow_dirt_det,test
237552c7dc3b,Data/raw/roboflow_dirt/valid/IMG_20241003_094830_890_jpg.rf.9eebbe432bfbc6e1ec4c34cb2f4729a2.jpg,Low-Dirty,dirty,roboflow_dirt_det,test
9d8db4bc9b4b,Data/raw/roboflow_dirt/valid/IMG_20241003_091516_183_jpg.rf.b09c84bde7ad600d35dc14ded6b01e98.jpg,Clean,clean,roboflow_dirt_det,test
527ebacc689b,Data/raw/roboflow_dirt/valid/IMG_20241003_093406_564_jpg.rf.a089ecf35158bec9547c18965bbf95dc.jpg,High-Dirty,dirty,roboflow_dirt_det,test
bda7419c48a8,Data/raw/roboflow_dirt/valid/IMG_20241003_095131_090_jpg.rf.ba81d8b40092d8ef1b9c001d546a6a66.jpg,Low-Dirty,dirty,roboflow_dirt_det,test
4594a749a372,Data/raw/roboflow_dirt/valid/IMG_20241003_094517_951_jpg.rf.b28c9a259b5a22d2bd773b4937f8550f.jpg,Low-Dirty,dirty,roboflow_dirt_det,test
9dae10dd58ef,Data/raw/roboflow_dirt/valid/IMG_20241003_093838_339_jpg.rf.b6f30edc6d6f550f142322043b207516.jpg,Low-Dirty,dirty,roboflow_dirt_det,test
e3ff8153868a,Data/raw/roboflow_dirt/valid/IMG_20241003_093647_005_jpg.rf.bd19a202469235ec10d13c6632a23cf6.jpg,High-Dirty,dirty,roboflow_dirt_det,test
f06f86f2f0e4,Data/raw/roboflow_dirt/valid/IMG_20241003_094251_065_jpg.rf.bb59abe4adc881237784322acb8e5781.jpg,Low-Dirty,dirty,roboflow_dirt_det,test
3eafdc2bb8ef,Data/raw/roboflow_dirt/valid/IMG_20241003_095121_445_jpg.rf.ba89ec3c9d434b8c040a3e46485ccad5.jpg,Low-Dirty,dirty,roboflow_dirt_det,test
63e8239f6fe8,Data/raw/roboflow_dirt/valid/IMG_20241003_092551_096_jpg.rf.bb697b1c6040eb822517654d2d443627.jpg,High-Dirty,dirty,roboflow_dirt_det,test
9c0240c27941,Data/raw/roboflow_dirt/valid/IMG_20241003_090102_082_jpg.rf.bce350a11f973fc3cad0eab49ec79078.jpg,Clean,clean,roboflow_dirt_det,test
95d183f02cb3,Data/raw/roboflow_dirt/valid/IMG_20241003_093803_123_jpg.rf.c041f2093c03a3882aff1a1b83bcfee1.jpg,Low-Dirty,dirty,roboflow_dirt_det,test
1f3cb28eb7b5,Data/raw/roboflow_dirt/valid/IMG_20241003_093721_939_jpg.rf.c23531a09f9251834d2437c6982fa3eb.jpg,Low-Dirty,dirty,roboflow_dirt_det,test
fa28cd370c82,Data/raw/roboflow_dirt/valid/IMG_20241003_093731_914_jpg.rf.c3d1d6359c367dc61b1722d9fd3a23e1.jpg,Low-Dirty,dirty,roboflow_dirt_det,test
35510fef5f57,Data/raw/roboflow_dirt/valid/IMG_20241003_093457_806_jpg.rf.c97b868a39c7bc63b3c85ae3723201fa.jpg,High-Dirty,dirty,roboflow_dirt_det,test
6654ecd866b4,Data/raw/roboflow_dirt/valid/IMG_20241003_093718_829_jpg.rf.cdc2f8f644276283aab8382d5dfd7d58.jpg,Low-Dirty,dirty,roboflow_dirt_det,test
2b38bcbe048d,Data/raw/roboflow_dirt/valid/IMG_20241003_090053_469_jpg.rf.c0a28fa2df3b342a05bfaef5f2b86466.jpg,Clean,clean,roboflow_dirt_det,test
cae37f4af6a4,Data/raw/roboflow_dirt/valid/IMG_20241003_093726_897_jpg.rf.c4e35be8223124d2168f92906aaf8b13.jpg,Low-Dirty,dirty,roboflow_dirt_det,test
555c4bd0e9ea,Data/raw/roboflow_dirt/valid/IMG_20241003_093911_663_jpg.rf.b482334af2236b5cbab91b6d6b020719.jpg,Low-Dirty,dirty,roboflow_dirt_det,test
d92591df0acb,Data/raw/roboflow_dirt/valid/IMG_20241003_085939_681_jpg.rf.c43f35bae8b6635c1fdc1f06c265705f.jpg,Clean,clean,roboflow_dirt_det,test
5abb6c46e4f7,Data/raw/roboflow_dirt/valid/IMG_20241003_094307_316_jpg.rf.c52636d156a8e732e6dddf5162580183.jpg,Low-Dirty,dirty,roboflow_dirt_det,test
58536fefbd24,Data/raw/roboflow_dirt/valid/IMG_20241003_090055_099_jpg.rf.ce65311a085309a714e1087a58cd12ed.jpg,Clean,clean,roboflow_dirt_det,test
3f5a889280bc,Data/raw/roboflow_dirt/valid/IMG_20241003_095130_374_jpg.rf.9ccbe2bb7b3cd8333186a6161b34c414.jpg,Low-Dirty,dirty,roboflow_dirt_det,test
12edbd31584c,Data/raw/roboflow_dirt/valid/IMG_20241003_093851_491_jpg.rf.d2373d07381948bfdddf7df582e930a8.jpg,Low-Dirty,dirty,roboflow_dirt_det,test
38c70b28e01e,Data/raw/roboflow_dirt/valid/IMG_20241003_094348_990_jpg.rf.cb4814220cb2972ffdeed1f98b789528.jpg,Low-Dirty,dirty,roboflow_dirt_det,test
d644e57df4b6,Data/raw/roboflow_dirt/valid/IMG_20241003_091028_066_jpg.rf.ceedaa81c0701119b479c121ab70bad3.jpg,Clean,clean,roboflow_dirt_det,test
08cd16f82f82,Data/raw/roboflow_dirt/valid/IMG_20241003_093554_850_jpg.rf.cb03be3415f1ae9c1467260894bf3197.jpg,High-Dirty,dirty,roboflow_dirt_det,test
381d4d39bd0b,Data/raw/roboflow_dirt/valid/IMG_20241003_093431_369_jpg.rf.db721599b2596b937e63374d754aadd6.jpg,High-Dirty,dirty,roboflow_dirt_det,test
ff9653c31d69,Data/raw/roboflow_dirt/valid/IMG_20241003_092624_616_jpg.rf.cf0a5cbfa4d001ef19700ce9c1345105.jpg,Low-Dirty,dirty,roboflow_dirt_det,test
b9d274950c99,Data/raw/roboflow_dirt/valid/IMG_20241003_095020_882_jpg.rf.c802904c20cdb09d747af90203a7d91b.jpg,Low-Dirty,dirty,roboflow_dirt_det,test
06df770a559d,Data/raw/roboflow_dirt/valid/IMG_20241003_094302_143_jpg.rf.d8661f280c1ab2e6050561acf7b36449.jpg,Low-Dirty,dirty,roboflow_dirt_det,test
4531bf3bf8f9,Data/raw/roboflow_dirt/valid/IMG_20241003_093410_664_jpg.rf.cfc91c3264844cba06bee01e48dfbd2a.jpg,High-Dirty,dirty,roboflow_dirt_det,test
f2040c9167a2,Data/raw/roboflow_dirt/valid/IMG_20241003_092619_757_jpg.rf.d7b9c47bc820c2093a935f78272cb64f.jpg,Low-Dirty,dirty,roboflow_dirt_det,test
99a946d7311b,Data/raw/roboflow_dirt/valid/IMG_20241003_090229_674_jpg.rf.d335b90d3cfb621d19a6f422118458a4.jpg,Clean,clean,roboflow_dirt_det,test
8413777801ab,Data/raw/roboflow_dirt/valid/IMG_20241003_093411_178_jpg.rf.c772a84dc585291511f7b0cf18636216.jpg,High-Dirty,dirty,roboflow_dirt_det,test
2322098ce02d,Data/raw/roboflow_dirt/valid/IMG_20241003_093427_008_jpg.rf.e69dc95e2e6b86268d9346a9a57c797c.jpg,High-Dirty,dirty,roboflow_dirt_det,test
b3b5cfc54ae5,Data/raw/roboflow_dirt/valid/IMG_20241003_095709_535_jpg.rf.cee1b35df7cc05aecb8b4240c0fc5378.jpg,Low-Dirty,dirty,roboflow_dirt_det,test
aa3f8cf4674d,Data/raw/roboflow_dirt/valid/IMG_20241003_092623_872_jpg.rf.d2d5ceae1de828948058115eaf93f94a.jpg,Low-Dirty,dirty,roboflow_dirt_det,test
8a1c0bf91f70,Data/raw/roboflow_dirt/valid/IMG_20241003_085859_393_jpg.rf.d9edbc23087710183d85455885d2af89.jpg,Clean,clean,roboflow_dirt_det,test
f34abb7e6684,Data/raw/roboflow_dirt/valid/IMG_20241003_091141_648_jpg.rf.e1abfaa3563dede26596cf80ecde43f4.jpg,Clean,clean,roboflow_dirt_det,test
1d5c68d22403,Data/raw/roboflow_dirt/valid/IMG_20241003_094828_054_jpg.rf.de8b8c85e4acdfa312f626ede9a9b8c5.jpg,Low-Dirty,dirty,roboflow_dirt_det,test
da37fb690222,Data/raw/roboflow_dirt/valid/IMG_20241003_093415_175_jpg.rf.debcf332eaa9cb88966419fa82133ff0.jpg,High-Dirty,dirty,roboflow_dirt_det,test
daf0a253499c,Data/raw/roboflow_dirt/valid/IMG_20241003_085845_378_jpg.rf.e2ea03ff8ac42db7098307bd91257a51.jpg,Clean,clean,roboflow_dirt_det,test
d30b7185a066,Data/raw/roboflow_dirt/valid/IMG_20241003_094425_968_jpg.rf.e3f75e13db6cb2187ce7e0d2c9af02f0.jpg,Low-Dirty,dirty,roboflow_dirt_det,test
9ccdf6483308,Data/raw/roboflow_dirt/valid/IMG_20241003_095718_044_jpg.rf.e7570dd4980af7cdb12ed1e3aa5903ec.jpg,Low-Dirty,dirty,roboflow_dirt_det,test
33b40f1ed22e,Data/raw/roboflow_dirt/valid/IMG_20241003_093019_302_jpg.rf.f19b02dd9c4a29c4a2440cd0c634f1ff.jpg,Low-Dirty,dirty,roboflow_dirt_det,test
8deef2e173de,Data/raw/roboflow_dirt/valid/IMG_20241003_093823_603_jpg.rf.ea02677048c08b4c8d81fa605914e86b.jpg,Low-Dirty,dirty,roboflow_dirt_det,test
d91a84104387,Data/raw/roboflow_dirt/valid/IMG_20241003_091553_575_jpg.rf.ead41df332fc2b988d4c3381f2d50aa8.jpg,Clean,clean,roboflow_dirt_det,test
be9fec3152b3,Data/raw/roboflow_dirt/valid/IMG_20241003_093420_590_jpg.rf.ec5df257fb597026994be52360928fa7.jpg,High-Dirty,dirty,roboflow_dirt_det,test
bbd02847274d,Data/raw/roboflow_dirt/valid/IMG_20241003_093741_158_jpg.rf.e6318aa6ab577cbdb08b29b71be2732e.jpg,Low-Dirty,dirty,roboflow_dirt_det,test
56d0e844c796,Data/raw/roboflow_dirt/valid/IMG_20241003_093249_539_jpg.rf.f4bd86e32f82512336dedb3971e62ebe.jpg,Low-Dirty,dirty,roboflow_dirt_det,test
39fe560f9c85,Data/raw/roboflow_dirt/valid/IMG_20241003_090709_792_jpg.rf.f14bd8bc0a42153b642d41fba06f0fc8.jpg,Clean,clean,roboflow_dirt_det,test
f162a44c232c,Data/raw/roboflow_dirt/valid/IMG_20241003_095424_635_jpg.rf.f0c532ab429a53ecc838c4a772917461.jpg,Low-Dirty,dirty,roboflow_dirt_det,test
fb6aa85dae26,Data/raw/roboflow_dirt/valid/IMG_20241003_091211_089_jpg.rf.f748073956d8c91ef2d7e88053699c58.jpg,Clean,clean,roboflow_dirt_det,test
1b83e8798c0b,Data/raw/roboflow_dirt/valid/IMG_20241003_095111_499_jpg.rf.f177e76e98fceb16177d8b4eee40d221.jpg,Low-Dirty,dirty,roboflow_dirt_det,test
fcdf95143b00,Data/raw/roboflow_dirt/valid/IMG_20241003_091119_576_jpg.rf.f32b066c5b2ff1ade69333073ad44842.jpg,Clean,clean,roboflow_dirt_det,test
be6d057c9564,Data/raw/roboflow_dirt/valid/IMG_20241003_090041_681_jpg.rf.f2446fe15caeffb2cd68dcf1982a278d.jpg,Clean,clean,roboflow_dirt_det,test
59a87555c773,Data/raw/roboflow_dirt/valid/IMG_20241003_093030_894_jpg.rf.fc7ea7d5220f07d24178847f870654ec.jpg,Low-Dirty,dirty,roboflow_dirt_det,test
0fb40784c840,Data/raw/roboflow_dirt/valid/IMG_20241003_090353_512_jpg.rf.ede56eaa09c085d734eea6f94227692b.jpg,Clean,clean,roboflow_dirt_det,test
4a56a4ee8d53,Data/raw/roboflow_dirt/valid/IMG_20241003_092548_701_jpg.rf.f49a76ce74a936fa8ce1baf5ac23b6ec.jpg,High-Dirty,dirty,roboflow_dirt_det,test
833da90809e9,Data/raw/roboflow_dirt/valid/IMG_20241003_095725_610_jpg.rf.ee3caeeaff49cd3efb9199c091b324df.jpg,Low-Dirty,dirty,roboflow_dirt_det,test
fb3c08f0b499,Data/raw/roboflow_dirt/valid/IMG_20241003_090336_001_jpg.rf.fd6f479920e428a25ceb7deba0fd9ff7.jpg,Clean,clean,roboflow_dirt_det,test
2d2cc74df147,Data/raw/roboflow_dirt/valid/IMG_20241003_090313_700_jpg.rf.fc2291a80efc7e0df87ed848d348cfb2.jpg,Clean,clean,roboflow_dirt_det,test
14f220301a3c,Data/raw/roboflow_dirt/valid/IMG_20241003_093737_866_jpg.rf.effad03b01335e73fe016716d0cf77b2.jpg,Low-Dirty,dirty,roboflow_dirt_det,test
a0482af75224,Data/raw/roboflow_dirt/valid/IMG_20241003_092232_026_jpg.rf.f869e92cea24ed085be5f55ca86e210c.jpg,High-Dirty,dirty,roboflow_dirt_det,test
8f5c78d988eb,Data/raw/roboflow_dirt/test/IMG_20241003_095628_312_jpg.rf.0f3dde20c390cdd5da8c0e3f5fbd4594.jpg,Low-Dirty,dirty,roboflow_dirt_det,test
2905a7b8a576,Data/raw/roboflow_dirt/test/IMG_20241003_094233_539_jpg.rf.0df9f6f66e607eb827d375ef82a8d73d.jpg,Low-Dirty,dirty,roboflow_dirt_det,test
7219e1435abc,Data/raw/roboflow_dirt/test/IMG_20241003_093409_659_jpg.rf.0c74da3fcb05cfe5342b662a8eeb498f.jpg,High-Dirty,dirty,roboflow_dirt_det,test
e98354baa8b6,Data/raw/roboflow_dirt/test/IMG_20241003_090053_469_jpg.rf.148c805ae1df1f1f4bae798cf1d1a5a0.jpg,Clean,clean,roboflow_dirt_det,test
8bb24cd920af,Data/raw/roboflow_dirt/test/IMG_20241003_092203_272_jpg.rf.2529fef1b5f63fb6b489e6b699ee1027.jpg,High-Dirty,dirty,roboflow_dirt_det,test
a4c1ed1a954d,Data/raw/roboflow_dirt/test/IMG_20241003_090639_006_jpg.rf.2dec63178b2049ceb56129207a054589.jpg,Clean,clean,roboflow_dirt_det,test
01273b001d0d,Data/raw/roboflow_dirt/test/IMG_20241003_090554_993_jpg.rf.24df59bf389faa880f12bdf82f3e3ce8.jpg,Clean,clean,roboflow_dirt_det,test
93d7b73ea490,Data/raw/roboflow_dirt/test/IMG_20241003_091416_766_jpg.rf.1b299d5156ccc355bd954aedab237942.jpg,Clean,clean,roboflow_dirt_det,test
b193826b3578,Data/raw/roboflow_dirt/test/IMG_20241003_094243_591_jpg.rf.3057a6b782a71a320bbb5b56f76af1b2.jpg,Low-Dirty,dirty,roboflow_dirt_det,test
3465a3c05ff6,Data/raw/roboflow_dirt/test/IMG_20241003_094515_803_jpg.rf.261e3f3efb36cd07944e198e1e39d553.jpg,Low-Dirty,dirty,roboflow_dirt_det,test
ca9133b2df18,Data/raw/roboflow_dirt/test/IMG_20241003_094712_391_jpg.rf.21693126f568be6e3f6e34a16e094973.jpg,Low-Dirty,dirty,roboflow_dirt_det,test
ad16019762b7,Data/raw/roboflow_dirt/test/IMG_20241003_090001_079_jpg.rf.32f0a39422c9ee64109b40a1099ac1f4.jpg,Clean,clean,roboflow_dirt_det,test
bbab78e390a6,Data/raw/roboflow_dirt/test/IMG_20241003_094305_757_jpg.rf.085a5e12cb539a9a817d5607f5898114.jpg,Low-Dirty,dirty,roboflow_dirt_det,test
fd9c4ecf44c5,Data/raw/roboflow_dirt/test/IMG_20241003_094235_897_jpg.rf.06ad2c259db773a850270aff03978388.jpg,Low-Dirty,dirty,roboflow_dirt_det,test
0882e166a726,Data/raw/roboflow_dirt/test/IMG_20241003_093850_119_jpg.rf.3baea04f8035c5b86f5650c086a4db2a.jpg,Low-Dirty,dirty,roboflow_dirt_det,test
6397028b70cf,Data/raw/roboflow_dirt/test/IMG_20241003_093021_095_jpg.rf.19ffd281704ef61d5fe7ad243e0a9e13.jpg,Low-Dirty,dirty,roboflow_dirt_det,test
0e80c67b348e,Data/raw/roboflow_dirt/test/IMG_20241003_094413_278_jpg.rf.3bd82b7f545f060e4757d24746cadd51.jpg,Low-Dirty,dirty,roboflow_dirt_det,test
1a425f1b5945,Data/raw/roboflow_dirt/test/IMG_20241003_092413_204_jpg.rf.1d93ded488c247ca462d455a93f9a77e.jpg,High-Dirty,dirty,roboflow_dirt_det,test
0d8cd94bffb6,Data/raw/roboflow_dirt/test/IMG_20241003_095509_087_jpg.rf.38fb929623cdf00824decc9a39d943ff.jpg,Low-Dirty,dirty,roboflow_dirt_det,test
3b83664bae2a,Data/raw/roboflow_dirt/test/IMG_20241003_093850_700_jpg.rf.048f6434df6cc88bf23506810970e8fd.jpg,Low-Dirty,dirty,roboflow_dirt_det,test
7cf81a6de3a9,Data/raw/roboflow_dirt/test/IMG_20241003_095106_746_jpg.rf.0177659588c9f36368473d1aa11d9f07.jpg,Low-Dirty,dirty,roboflow_dirt_det,test
6816c44f3d79,Data/raw/roboflow_dirt/test/IMG_20241003_095532_488_jpg.rf.14b459b2a2f1016e364949cecb80d738.jpg,Low-Dirty,dirty,roboflow_dirt_det,test
a8c9dac6af1c,Data/raw/roboflow_dirt/test/IMG_20241003_092210_971_jpg.rf.3b3e1f491894fca5933b0f4de3aa951c.jpg,High-Dirty,dirty,roboflow_dirt_det,test
b60c420cc646,Data/raw/roboflow_dirt/test/IMG_20241003_092716_513_jpg.rf.05abc6cb118997e1533543bc0193507c.jpg,Low-Dirty,dirty,roboflow_dirt_det,test
567982cfdc7c,Data/raw/roboflow_dirt/test/IMG_20241003_092233_123_jpg.rf.555f777430623030ce862c8cffa31660.jpg,High-Dirty,dirty,roboflow_dirt_det,test
eeb97c5de1dd,Data/raw/roboflow_dirt/test/IMG_20241003_092705_696_jpg.rf.45619aa7093b3a269960405584da17b4.jpg,Low-Dirty,dirty,roboflow_dirt_det,test
09a3a3e69092,Data/raw/roboflow_dirt/test/IMG_20241003_092550_309_jpg.rf.547423c5566c13f7b53d54871b74a0c4.jpg,High-Dirty,dirty,roboflow_dirt_det,test
a2a3be6fd495,Data/raw/roboflow_dirt/test/IMG_20241003_091006_543_jpg.rf.46f6b75fa6f7e64ec30c9e516ca4fea7.jpg,Clean,clean,roboflow_dirt_det,test
c4a9151c74c4,Data/raw/roboflow_dirt/test/IMG_20241003_093406_014_jpg.rf.4a6703146a4f69222450bc007237e376.jpg,High-Dirty,dirty,roboflow_dirt_det,test
9e96f225b31f,Data/raw/roboflow_dirt/test/IMG_20241003_094300_173_jpg.rf.49abe8ebab6426b89f86102c1b741796.jpg,Low-Dirty,dirty,roboflow_dirt_det,test
39c6b3dbf3f9,Data/raw/roboflow_dirt/test/IMG_20241003_093514_931_jpg.rf.6425b30ea8b279a6b71fee7463f64937.jpg,High-Dirty,dirty,roboflow_dirt_det,test
5463431ac8f1,Data/raw/roboflow_dirt/test/IMG_20241003_092234_860_jpg.rf.5db9338489ee95695bd2fb123a5c4aa0.jpg,High-Dirty,dirty,roboflow_dirt_det,test
188ce08cabc9,Data/raw/roboflow_dirt/test/IMG_20241003_093734_843_jpg.rf.5fc6a1cb600a4ae6359a1efe0c733fe3.jpg,Low-Dirty,dirty,roboflow_dirt_det,test
e851214ccbc8,Data/raw/roboflow_dirt/test/IMG_20241003_093851_491_jpg.rf.40ebea7e9997331dbe5ad0f30659149f.jpg,Low-Dirty,dirty,roboflow_dirt_det,test
79870a92c8f4,Data/raw/roboflow_dirt/test/IMG_20241003_093422_768_jpg.rf.431b5709154c814325f7ceb8fd580935.jpg,High-Dirty,dirty,roboflow_dirt_det,test
d2d44846a7ee,Data/raw/roboflow_dirt/test/IMG_20241003_093733_410_jpg.rf.5cac0574b50f6d64b6682c89c0f6e96d.jpg,Low-Dirty,dirty,roboflow_dirt_det,test
47acf9333b37,Data/raw/roboflow_dirt/test/IMG_20241003_090038_855_jpg.rf.622d451cbeb53c67d15a90c8b8309551.jpg,Clean,clean,roboflow_dirt_det,test
7732d595fdcf,Data/raw/roboflow_dirt/test/IMG_20241003_094932_075_jpg.rf.65448281b941f994801ffeaa8a164f1a.jpg,Low-Dirty,dirty,roboflow_dirt_det,test
ddfff68c4cd8,Data/raw/roboflow_dirt/test/IMG_20241003_093827_456_jpg.rf.46b02518e7f7dc60545851ac83b9a0ad.jpg,Low-Dirty,dirty,roboflow_dirt_det,test
e0f1307a14ee,Data/raw/roboflow_dirt/test/IMG_20241003_094331_305_jpg.rf.46526cf949f83cf5e46dff698e6933c7.jpg,Low-Dirty,dirty,roboflow_dirt_det,test
7681d09b479e,Data/raw/roboflow_dirt/test/IMG_20241003_091400_163_jpg.rf.6339262eddb97916043ff1d9ab0ad2bd.jpg,Clean,clean,roboflow_dirt_det,test
e689b7cd83ac,Data/raw/roboflow_dirt/test/IMG_20241003_095106_746_jpg.rf.566dd188a121b4ca1ca526fadd3ebfaf.jpg,Low-Dirty,dirty,roboflow_dirt_det,test
397f0535242f,Data/raw/roboflow_dirt/test/IMG_20241003_095115_225_jpg.rf.3e4c7b49390996cef0a689c1a7fe4486.jpg,Low-Dirty,dirty,roboflow_dirt_det,test
aeec531e297d,Data/raw/roboflow_dirt/test/IMG_20241003_090018_206_jpg.rf.52356380ca51ad4e24490f755b0a07e4.jpg,Clean,clean,roboflow_dirt_det,test
32660039c046,Data/raw/roboflow_dirt/test/IMG_20241003_090620_723_jpg.rf.5cb331a8e37eb9d4c2cf2d271d05d8e0.jpg,Clean,clean,roboflow_dirt_det,test
141f65624d7e,Data/raw/roboflow_dirt/test/IMG_20241003_090321_818_jpg.rf.61ce9e8215e322300032bd78fb8694ec.jpg,Clean,clean,roboflow_dirt_det,test
572f4334ff2e,Data/raw/roboflow_dirt/test/IMG_20241003_095614_349_jpg.rf.661a26f3c470ba6d246fe5c9a71a6df6.jpg,Low-Dirty,dirty,roboflow_dirt_det,test
5aed579e603c,Data/raw/roboflow_dirt/test/IMG_20241003_092627_575_jpg.rf.4709a48dab38c90cc8142651b3372008.jpg,Low-Dirty,dirty,roboflow_dirt_det,test
9da31bd4bb3e,Data/raw/roboflow_dirt/test/IMG_20241003_093359_472_jpg.rf.6229dcd72fe9dd0e0d30af72fc963f91.jpg,High-Dirty,dirty,roboflow_dirt_det,test
bb459d1af317,Data/raw/roboflow_dirt/test/IMG_20241003_094908_664_jpg.rf.6d14b4a9ded66d8323b81c233016b21f.jpg,Low-Dirty,dirty,roboflow_dirt_det,test
9b7905817f22,Data/raw/roboflow_dirt/test/IMG_20241003_095429_855_jpg.rf.6a66d434b316f92da400c09d67f9f41e.jpg,Low-Dirty,dirty,roboflow_dirt_det,test
865c090c9105,Data/raw/roboflow_dirt/test/IMG_20241003_095133_215_jpg.rf.70ef6d70e169b9e280cf5f30f23d6e08.jpg,Low-Dirty,dirty,roboflow_dirt_det,test
15fadb29913a,Data/raw/roboflow_dirt/test/IMG_20241003_091216_813_jpg.rf.8064e3529e5121548b98dfdddcda11bc.jpg,Clean,clean,roboflow_dirt_det,test
7fd3350f522f,Data/raw/roboflow_dirt/test/IMG_20241003_090408_990_jpg.rf.7e6a020fd1b9eb14ce9f41afe5d0f939.jpg,Clean,clean,roboflow_dirt_det,test
378037b88039,Data/raw/roboflow_dirt/test/IMG_20241003_093415_931_jpg.rf.7ae0889afcef50dc4c34147da348de8b.jpg,High-Dirty,dirty,roboflow_dirt_det,test
9889392b80ae,Data/raw/roboflow_dirt/test/IMG_20241003_092430_520_jpg.rf.6f049c15fcb59259786000a00c1fb948.jpg,High-Dirty,dirty,roboflow_dirt_det,test
11db0cf49126,Data/raw/roboflow_dirt/test/IMG_20241003_094240_869_jpg.rf.714279678716af95229f8b1e4e3c263f.jpg,Low-Dirty,dirty,roboflow_dirt_det,test
285c83b054e2,Data/raw/roboflow_dirt/test/IMG_20241003_093627_238_jpg.rf.8e452a163e82f729bb9f2de8725b693b.jpg,High-Dirty,dirty,roboflow_dirt_det,test
8e01ae2d1ee6,Data/raw/roboflow_dirt/test/IMG_20241003_085904_548_jpg.rf.7f612fcb1e7dc494e9c70fce25b15cab.jpg,Clean,clean,roboflow_dirt_det,test
6a23b2de119e,Data/raw/roboflow_dirt/test/IMG_20241003_090705_284_jpg.rf.a3bb10e4acb7152aa39650cdaa34a476.jpg,Clean,clean,roboflow_dirt_det,test
ce8e09261f7c,Data/raw/roboflow_dirt/test/IMG_20241003_095132_153_jpg.rf.9bb5083e0b1b8fdea1ebd33007aefacf.jpg,Low-Dirty,dirty,roboflow_dirt_det,test
959115cdab18,Data/raw/roboflow_dirt/test/IMG_20241003_092139_473_jpg.rf.a0d4ec98bafe70ec5aac2b43a5927e43.jpg,High-Dirty,dirty,roboflow_dirt_det,test
05e2f27080ba,Data/raw/roboflow_dirt/test/IMG_20241003_090046_021_jpg.rf.86018ac2f3f530ae7f3411180d9c345a.jpg,Clean,clean,roboflow_dirt_det,test
ca7c86e4fb4f,Data/raw/roboflow_dirt/test/IMG_20241003_092721_812_jpg.rf.9f14fd03bdbae8382d4975ecc5c294f2.jpg,Low-Dirty,dirty,roboflow_dirt_det,test
a5f14f3747d6,Data/raw/roboflow_dirt/test/IMG_20241003_093718_829_jpg.rf.782d83040e1c68000f7283663d054e11.jpg,Low-Dirty,dirty,roboflow_dirt_det,test
f9edee9e1ea5,Data/raw/roboflow_dirt/test/IMG_20241003_093505_197_jpg.rf.934c72e0ab0d2ccd85364b83ecda6b80.jpg,High-Dirty,dirty,roboflow_dirt_det,test
89e4db9ad485,Data/raw/roboflow_dirt/test/IMG_20241003_095449_780_jpg.rf.a2549e9c57df1757166aebee4540572d.jpg,Low-Dirty,dirty,roboflow_dirt_det,test
c2ed2a9b731c,Data/raw/roboflow_dirt/test/IMG_20241003_092152_394_jpg.rf.86f95cb7271ad967a644ad337d6a2f38.jpg,High-Dirty,dirty,roboflow_dirt_det,test
d427ee7dac00,Data/raw/roboflow_dirt/test/IMG_20241003_094324_440_jpg.rf.9a78359116546a6b3a819834638988be.jpg,Low-Dirty,dirty,roboflow_dirt_det,test
5a4e660972e5,Data/raw/roboflow_dirt/test/IMG_20241003_092227_817_jpg.rf.8b0d6d619798f5f08f034011822842f7.jpg,High-Dirty,dirty,roboflow_dirt_det,test
761b4474cee6,Data/raw/roboflow_dirt/test/IMG_20241003_091015_082_jpg.rf.936e6f7a00db4b1627d46a74da09860f.jpg,Clean,clean,roboflow_dirt_det,test
968ebf33e615,Data/raw/roboflow_dirt/test/IMG_20241003_093415_578_jpg.rf.93f162fc7e930262c1877c601c279272.jpg,High-Dirty,dirty,roboflow_dirt_det,test
f8a9ca90584e,Data/raw/roboflow_dirt/test/IMG_20241003_094231_598_jpg.rf.82bf27364d0fd130cb5b51e1583115a2.jpg,Low-Dirty,dirty,roboflow_dirt_det,test
e685a6b1d1ef,Data/raw/roboflow_dirt/test/IMG_20241003_095135_669_jpg.rf.a039b83952f70e621da7029c689b08d1.jpg,Low-Dirty,dirty,roboflow_dirt_det,test
baa8f221598e,Data/raw/roboflow_dirt/test/IMG_20241003_093729_942_jpg.rf.b5d924f2ab550f635316617a8035eafe.jpg,Low-Dirty,dirty,roboflow_dirt_det,test
ef7c29cc1f8c,Data/raw/roboflow_dirt/test/IMG_20241003_093803_123_jpg.rf.bf26c18666e001c0cca74cdb571ee467.jpg,Low-Dirty,dirty,roboflow_dirt_det,test
be533df96905,Data/raw/roboflow_dirt/test/IMG_20241003_093842_053_jpg.rf.b5cde96389c8009b03bf99930dab3647.jpg,Low-Dirty,dirty,roboflow_dirt_det,test
0804a64eac3a,Data/raw/roboflow_dirt/test/IMG_20241003_094813_558_jpg.rf.af0a0b9f3a9db776912f0fd4f997ea42.jpg,Low-Dirty,dirty,roboflow_dirt_det,test
f0a6d6c9f1a1,Data/raw/roboflow_dirt/test/IMG_20241003_093653_420_jpg.rf.b1b563fb6db47c1d308113e2dd736f1d.jpg,High-Dirty,dirty,roboflow_dirt_det,test
cc6ad2eb49fa,Data/raw/roboflow_dirt/test/IMG_20241003_094717_312_jpg.rf.cbd7710e1692c75998262845aba0a2b8.jpg,Low-Dirty,dirty,roboflow_dirt_det,test
a2150a51a1c2,Data/raw/roboflow_dirt/test/IMG_20241003_093728_026_jpg.rf.d67b1af476aa61d95eec38dd1645face.jpg,Low-Dirty,dirty,roboflow_dirt_det,test
0ea9cbb215f8,Data/raw/roboflow_dirt/test/IMG_20241003_090451_715_jpg.rf.c803fb957b7ab6199fbdb55410976a6e.jpg,Clean,clean,roboflow_dirt_det,test
d4be3050e936,Data/raw/roboflow_dirt/test/IMG_20241003_090224_873_jpg.rf.d4d9750f359c87993ba6d7de5c4c69fa.jpg,Clean,clean,roboflow_dirt_det,test
94a8f4a25c29,Data/raw/roboflow_dirt/test/IMG_20241003_093419_090_jpg.rf.d1e83bc67d25a3e70cfe7766e4680fc8.jpg,High-Dirty,dirty,roboflow_dirt_det,test
f3f86f2f0358,Data/raw/roboflow_dirt/test/IMG_20241003_093112_811_jpg.rf.ba384bd8b13611c16c1b08992d4dcfbb.jpg,Low-Dirty,dirty,roboflow_dirt_det,test
3b936821596c,Data/raw/roboflow_dirt/test/IMG_20241003_093837_543_jpg.rf.e0f14e43be2518c09c02f41ae90464ae.jpg,Low-Dirty,dirty,roboflow_dirt_det,test
524beaadab13,Data/raw/roboflow_dirt/test/IMG_20241003_085859_393_jpg.rf.b02969c9efd8e6225dd35ab76eac4dcd.jpg,Clean,clean,roboflow_dirt_det,test
9dc78c1311d9,Data/raw/roboflow_dirt/test/IMG_20241003_094232_530_jpg.rf.d6c3eaaf940cdb010c9d85887b0fafd5.jpg,Low-Dirty,dirty,roboflow_dirt_det,test
606f9b56baf8,Data/raw/roboflow_dirt/test/IMG_20241003_090048_261_jpg.rf.d67eedf3c4ea574e18da17f13793aab9.jpg,Clean,clean,roboflow_dirt_det,test
396d11bead1b,Data/raw/roboflow_dirt/test/IMG_20241003_093856_004_jpg.rf.d01509ffcac40dc718cb359d1698bbdf.jpg,Low-Dirty,dirty,roboflow_dirt_det,test
1d23df33fe11,Data/raw/roboflow_dirt/test/IMG_20241003_095135_198_jpg.rf.e60bb646b268e3f7550c64340b15b666.jpg,Low-Dirty,dirty,roboflow_dirt_det,test
b6b25f40ac8d,Data/raw/roboflow_dirt/test/IMG_20241003_093424_449_jpg.rf.df39efa4d643d60fb9751af6d7d6c6f5.jpg,High-Dirty,dirty,roboflow_dirt_det,test
0e93079f0b69,Data/raw/roboflow_dirt/test/IMG_20241003_085944_188_jpg.rf.f0347cfd948ed36cd8575c26a41a83e7.jpg,Clean,clean,roboflow_dirt_det,test
f3cd9717cbdc,Data/raw/roboflow_dirt/test/IMG_20241003_094332_896_jpg.rf.cf00be02307c5766253277ead487f448.jpg,Low-Dirty,dirty,roboflow_dirt_det,test
dd14950709bf,Data/raw/roboflow_dirt/test/IMG_20241003_094247_858_jpg.rf.e00f08baf2bc13d07faaaba64e14be5b.jpg,Low-Dirty,dirty,roboflow_dirt_det,test
b14ff5b9461b,Data/raw/roboflow_dirt/test/IMG_20241003_093805_031_jpg.rf.c0063ba7796163bd8cb70549cf85581a.jpg,Low-Dirty,dirty,roboflow_dirt_det,test
f8013b673576,Data/raw/roboflow_dirt/test/IMG_20241003_091439_666_jpg.rf.d50ca08ae5c06fb2ef0cc0264234951c.jpg,Clean,clean,roboflow_dirt_det,test
ce8a3ba24a93,Data/raw/roboflow_dirt/test/IMG_20241003_090426_149_jpg.rf.d5e96ae11221dc1f8a15a92d6de528ac.jpg,Clean,clean,roboflow_dirt_det,test
ea96493fb3e6,Data/raw/roboflow_dirt/test/IMG_20241003_093247_394_jpg.rf.e00dfabe3f8b9be2c52cd4d6234ce3cb.jpg,Low-Dirty,dirty,roboflow_dirt_det,test
15e902f81284,Data/raw/roboflow_dirt/test/IMG_20241003_093431_369_jpg.rf.f069293135ca7744fc010eda223952af.jpg,High-Dirty,dirty,roboflow_dirt_det,test
97a492e56051,Data/raw/roboflow_dirt/test/IMG_20241003_093421_492_jpg.rf.fdf71eba30c978fd5b95a9669150af49.jpg,High-Dirty,dirty,roboflow_dirt_det,test
edf4effe64b2,Data/raw/roboflow_dirt/test/IMG_20241003_093912_844_jpg.rf.fca359abd55af8a88978f583328a82e0.jpg,Low-Dirty,dirty,roboflow_dirt_det,test
b0017fa4b536,Data/raw/roboflow_dirt/test/IMG_20241002_214934_213_jpg.rf.fd776c03782c5b52bdcea60281fb7b3f.jpg,Clean,clean,roboflow_dirt_det,test
