image,mask,split
Data/raw/dust_seg/images/Imgclean_0_0.jpg,Data/raw/dust_seg/masks/Imgclean_0_0.png,train
Data/raw/dust_seg/images/Imgclean_1000_0.jpg,Data/raw/dust_seg/masks/Imgclean_1000_0.png,train
Data/raw/dust_seg/images/Imgclean_1001_0.jpg,Data/raw/dust_seg/masks/Imgclean_1001_0.png,train
Data/raw/dust_seg/images/Imgclean_1002_0.jpg,Data/raw/dust_seg/masks/Imgclean_1002_0.png,train
Data/raw/dust_seg/images/Imgclean_1003_0.jpg,Data/raw/dust_seg/masks/Imgclean_1003_0.png,train
Data/raw/dust_seg/images/Imgclean_1004_0.jpg,Data/raw/dust_seg/masks/Imgclean_1004_0.png,train
Data/raw/dust_seg/images/Imgclean_1005_0.jpg,Data/raw/dust_seg/masks/Imgclean_1005_0.png,train
Data/raw/dust_seg/images/Imgclean_1006_0.jpg,Data/raw/dust_seg/masks/Imgclean_1006_0.png,train
Data/raw/dust_seg/images/Imgclean_1007_0.jpg,Data/raw/dust_seg/masks/Imgclean_1007_0.png,train
Data/raw/dust_seg/images/Imgclean_1008_0.jpg,Data/raw/dust_seg/masks/Imgclean_1008_0.png,train
Data/raw/dust_seg/images/Imgclean_1009_0.jpg,Data/raw/dust_seg/masks/Imgclean_1009_0.png,train
Data/raw/dust_seg/images/Imgclean_100_0.jpg,Data/raw/dust_seg/masks/Imgclean_100_0.png,train
Data/raw/dust_seg/images/Imgclean_1010_0.jpg,Data/raw/dust_seg/masks/Imgclean_1010_0.png,val
Data/raw/dust_seg/images/Imgclean_1011_0.jpg,Data/raw/dust_seg/masks/Imgclean_1011_0.png,val
Data/raw/dust_seg/images/Imgclean_1012_0.jpg,Data/raw/dust_seg/masks/Imgclean_1012_0.png,train
Data/raw/dust_seg/images/Imgclean_1013_0.jpg,Data/raw/dust_seg/masks/Imgclean_1013_0.png,train
Data/raw/dust_seg/images/Imgclean_1014_0.jpg,Data/raw/dust_seg/masks/Imgclean_1014_0.png,train
Data/raw/dust_seg/images/Imgclean_1015_0.jpg,Data/raw/dust_seg/masks/Imgclean_1015_0.png,train
Data/raw/dust_seg/images/Imgclean_1016_0.jpg,Data/raw/dust_seg/masks/Imgclean_1016_0.png,val
Data/raw/dust_seg/images/Imgclean_1017_0.jpg,Data/raw/dust_seg/masks/Imgclean_1017_0.png,train
Data/raw/dust_seg/images/Imgclean_1018_0.jpg,Data/raw/dust_seg/masks/Imgclean_1018_0.png,train
Data/raw/dust_seg/images/Imgclean_1019_0.jpg,Data/raw/dust_seg/masks/Imgclean_1019_0.png,train
Data/raw/dust_seg/images/Imgclean_101_0.jpg,Data/raw/dust_seg/masks/Imgclean_101_0.png,train
Data/raw/dust_seg/images/Imgclean_1020_0.jpg,Data/raw/dust_seg/masks/Imgclean_1020_0.png,train
Data/raw/dust_seg/images/Imgclean_1021_0.jpg,Data/raw/dust_seg/masks/Imgclean_1021_0.png,train
Data/raw/dust_seg/images/Imgclean_1022_0.jpg,Data/raw/dust_seg/masks/Imgclean_1022_0.png,train
Data/raw/dust_seg/images/Imgclean_1023_0.jpg,Data/raw/dust_seg/masks/Imgclean_1023_0.png,train
Data/raw/dust_seg/images/Imgclean_1024_0.jpg,Data/raw/dust_seg/masks/Imgclean_1024_0.png,train
Data/raw/dust_seg/images/Imgclean_1025_0.jpg,Data/raw/dust_seg/masks/Imgclean_1025_0.png,val
Data/raw/dust_seg/images/Imgclean_1026_0.jpg,Data/raw/dust_seg/masks/Imgclean_1026_0.png,train
Data/raw/dust_seg/images/Imgclean_1027_0.jpg,Data/raw/dust_seg/masks/Imgclean_1027_0.png,train
Data/raw/dust_seg/images/Imgclean_1028_0.jpg,Data/raw/dust_seg/masks/Imgclean_1028_0.png,val
Data/raw/dust_seg/images/Imgclean_1029_0.jpg,Data/raw/dust_seg/masks/Imgclean_1029_0.png,train
Data/raw/dust_seg/images/Imgclean_102_0.jpg,Data/raw/dust_seg/masks/Imgclean_102_0.png,train
Data/raw/dust_seg/images/Imgclean_1030_0.jpg,Data/raw/dust_seg/masks/Imgclean_1030_0.png,train
Data/raw/dust_seg/images/Imgclean_1031_0.jpg,Data/raw/dust_seg/masks/Imgclean_1031_0.png,val
Data/raw/dust_seg/images/Imgclean_1032_0.jpg,Data/raw/dust_seg/masks/Imgclean_1032_0.png,val
Data/raw/dust_seg/images/Imgclean_1033_0.jpg,Data/raw/dust_seg/masks/Imgclean_1033_0.png,train
Data/raw/dust_seg/images/Imgclean_1034_0.jpg,Data/raw/dust_seg/masks/Imgclean_1034_0.png,train
Data/raw/dust_seg/images/Imgclean_1035_0.jpg,Data/raw/dust_seg/masks/Imgclean_1035_0.png,train
Data/raw/dust_seg/images/Imgclean_1036_0.jpg,Data/raw/dust_seg/masks/Imgclean_1036_0.png,train
Data/raw/dust_seg/images/Imgclean_1037_0.jpg,Data/raw/dust_seg/masks/Imgclean_1037_0.png,train
Data/raw/dust_seg/images/Imgclean_1038_0.jpg,Data/raw/dust_seg/masks/Imgclean_1038_0.png,test
Data/raw/dust_seg/images/Imgclean_1039_0.jpg,Data/raw/dust_seg/masks/Imgclean_1039_0.png,train
Data/raw/dust_seg/images/Imgclean_103_0.jpg,Data/raw/dust_seg/masks/Imgclean_103_0.png,train
Data/raw/dust_seg/images/Imgclean_1040_0.jpg,Data/raw/dust_seg/masks/Imgclean_1040_0.png,train
Data/raw/dust_seg/images/Imgclean_1041_0.jpg,Data/raw/dust_seg/masks/Imgclean_1041_0.png,train
Data/raw/dust_seg/images/Imgclean_1042_0.jpg,Data/raw/dust_seg/masks/Imgclean_1042_0.png,train
Data/raw/dust_seg/images/Imgclean_1043_0.jpg,Data/raw/dust_seg/masks/Imgclean_1043_0.png,val
Data/raw/dust_seg/images/Imgclean_1045_0.jpg,Data/raw/dust_seg/masks/Imgclean_1045_0.png,train
Data/raw/dust_seg/images/Imgclean_1047_0.jpg,Data/raw/dust_seg/masks/Imgclean_1047_0.png,test
Data/raw/dust_seg/images/Imgclean_1048_0.jpg,Data/raw/dust_seg/masks/Imgclean_1048_0.png,train
Data/raw/dust_seg/images/Imgclean_1049_0.jpg,Data/raw/dust_seg/masks/Imgclean_1049_0.png,train
Data/raw/dust_seg/images/Imgclean_1054_0.jpg,Data/raw/dust_seg/masks/Imgclean_1054_0.png,train
Data/raw/dust_seg/images/Imgclean_1055_0.jpg,Data/raw/dust_seg/masks/Imgclean_1055_0.png,train
Data/raw/dust_seg/images/Imgclean_1062_0.jpg,Data/raw/dust_seg/masks/Imgclean_1062_0.png,train
Data/raw/dust_seg/images/Imgclean_1064_0.jpg,Data/raw/dust_seg/masks/Imgclean_1064_0.png,train
Data/raw/dust_seg/images/Imgclean_1067_0.jpg,Data/raw/dust_seg/masks/Imgclean_1067_0.png,train
Data/raw/dust_seg/images/Imgclean_1072_0.jpg,Data/raw/dust_seg/masks/Imgclean_1072_0.png,train
Data/raw/dust_seg/images/Imgclean_1073_0.jpg,Data/raw/dust_seg/masks/Imgclean_1073_0.png,train
Data/raw/dust_seg/images/Imgclean_1075_0.jpg,Data/raw/dust_seg/masks/Imgclean_1075_0.png,train
Data/raw/dust_seg/images/Imgclean_1076_0.jpg,Data/raw/dust_seg/masks/Imgclean_1076_0.png,test
Data/raw/dust_seg/images/Imgclean_1077_0.jpg,Data/raw/dust_seg/masks/Imgclean_1077_0.png,train
Data/raw/dust_seg/images/Imgclean_1078_0.jpg,Data/raw/dust_seg/masks/Imgclean_1078_0.png,train
Data/raw/dust_seg/images/Imgclean_1079_0.jpg,Data/raw/dust_seg/masks/Imgclean_1079_0.png,train
Data/raw/dust_seg/images/Imgclean_1080_0.jpg,Data/raw/dust_seg/masks/Imgclean_1080_0.png,val
Data/raw/dust_seg/images/Imgclean_1081_0.jpg,Data/raw/dust_seg/masks/Imgclean_1081_0.png,train
Data/raw/dust_seg/images/Imgclean_1082_0.jpg,Data/raw/dust_seg/masks/Imgclean_1082_0.png,train
Data/raw/dust_seg/images/Imgclean_1083_0.jpg,Data/raw/dust_seg/masks/Imgclean_1083_0.png,train
Data/raw/dust_seg/images/Imgclean_1084_0.jpg,Data/raw/dust_seg/masks/Imgclean_1084_0.png,test
Data/raw/dust_seg/images/Imgclean_1087_0.jpg,Data/raw/dust_seg/masks/Imgclean_1087_0.png,train
Data/raw/dust_seg/images/Imgclean_1092_0.jpg,Data/raw/dust_seg/masks/Imgclean_1092_0.png,train
Data/raw/dust_seg/images/Imgclean_1093_0.jpg,Data/raw/dust_seg/masks/Imgclean_1093_0.png,train
Data/raw/dust_seg/images/Imgclean_1094_0.jpg,Data/raw/dust_seg/masks/Imgclean_1094_0.png,train
Data/raw/dust_seg/images/Imgclean_1095_0.jpg,Data/raw/dust_seg/masks/Imgclean_1095_0.png,train
Data/raw/dust_seg/images/Imgclean_1096_0.jpg,Data/raw/dust_seg/masks/Imgclean_1096_0.png,train
Data/raw/dust_seg/images/Imgclean_1099_0.jpg,Data/raw/dust_seg/masks/Imgclean_1099_0.png,val
Data/raw/dust_seg/images/Imgclean_1100_0.jpg,Data/raw/dust_seg/masks/Imgclean_1100_0.png,train
Data/raw/dust_seg/images/Imgclean_1104_0.jpg,Data/raw/dust_seg/masks/Imgclean_1104_0.png,train
Data/raw/dust_seg/images/Imgclean_1106_0.jpg,Data/raw/dust_seg/masks/Imgclean_1106_0.png,train
Data/raw/dust_seg/images/Imgclean_1108_0.jpg,Data/raw/dust_seg/masks/Imgclean_1108_0.png,train
Data/raw/dust_seg/images/Imgclean_1109_0.jpg,Data/raw/dust_seg/masks/Imgclean_1109_0.png,train
Data/raw/dust_seg/images/Imgclean_110_0.jpg,Data/raw/dust_seg/masks/Imgclean_110_0.png,train
Data/raw/dust_seg/images/Imgclean_1110_0.jpg,Data/raw/dust_seg/masks/Imgclean_1110_0.png,train
Data/raw/dust_seg/images/Imgclean_1111_0.jpg,Data/raw/dust_seg/masks/Imgclean_1111_0.png,train
Data/raw/dust_seg/images/Imgclean_1112_0.jpg,Data/raw/dust_seg/masks/Imgclean_1112_0.png,train
Data/raw/dust_seg/images/Imgclean_1114_0.jpg,Data/raw/dust_seg/masks/Imgclean_1114_0.png,train
Data/raw/dust_seg/images/Imgclean_1115_0.jpg,Data/raw/dust_seg/masks/Imgclean_1115_0.png,train
Data/raw/dust_seg/images/Imgclean_1116_0.jpg,Data/raw/dust_seg/masks/Imgclean_1116_0.png,train
Data/raw/dust_seg/images/Imgclean_1120_0.jpg,Data/raw/dust_seg/masks/Imgclean_1120_0.png,train
Data/raw/dust_seg/images/Imgclean_1122_0.jpg,Data/raw/dust_seg/masks/Imgclean_1122_0.png,train
Data/raw/dust_seg/images/Imgclean_1123_0.jpg,Data/raw/dust_seg/masks/Imgclean_1123_0.png,train
Data/raw/dust_seg/images/Imgclean_1125_0.jpg,Data/raw/dust_seg/masks/Imgclean_1125_0.png,train
Data/raw/dust_seg/images/Imgclean_1126_0.jpg,Data/raw/dust_seg/masks/Imgclean_1126_0.png,train
Data/raw/dust_seg/images/Imgclean_1127_0.jpg,Data/raw/dust_seg/masks/Imgclean_1127_0.png,train
Data/raw/dust_seg/images/Imgclean_1129_0.jpg,Data/raw/dust_seg/masks/Imgclean_1129_0.png,train
Data/raw/dust_seg/images/Imgclean_1130_0.jpg,Data/raw/dust_seg/masks/Imgclean_1130_0.png,train
Data/raw/dust_seg/images/Imgclean_1132_0.jpg,Data/raw/dust_seg/masks/Imgclean_1132_0.png,train
Data/raw/dust_seg/images/Imgclean_1133_0.jpg,Data/raw/dust_seg/masks/Imgclean_1133_0.png,train
Data/raw/dust_seg/images/Imgclean_1134_0.jpg,Data/raw/dust_seg/masks/Imgclean_1134_0.png,train
Data/raw/dust_seg/images/Imgclean_1135_0.jpg,Data/raw/dust_seg/masks/Imgclean_1135_0.png,train
Data/raw/dust_seg/images/Imgclean_1137_0.jpg,Data/raw/dust_seg/masks/Imgclean_1137_0.png,train
Data/raw/dust_seg/images/Imgclean_1138_0.jpg,Data/raw/dust_seg/masks/Imgclean_1138_0.png,train
Data/raw/dust_seg/images/Imgclean_1142_0.jpg,Data/raw/dust_seg/masks/Imgclean_1142_0.png,val
Data/raw/dust_seg/images/Imgclean_1143_0.jpg,Data/raw/dust_seg/masks/Imgclean_1143_0.png,val
Data/raw/dust_seg/images/Imgclean_1146_0.jpg,Data/raw/dust_seg/masks/Imgclean_1146_0.png,train
Data/raw/dust_seg/images/Imgclean_1149_0.jpg,Data/raw/dust_seg/masks/Imgclean_1149_0.png,train
Data/raw/dust_seg/images/Imgclean_114_0.jpg,Data/raw/dust_seg/masks/Imgclean_114_0.png,train
Data/raw/dust_seg/images/Imgclean_1153_0.jpg,Data/raw/dust_seg/masks/Imgclean_1153_0.png,train
Data/raw/dust_seg/images/Imgclean_1154_0.jpg,Data/raw/dust_seg/masks/Imgclean_1154_0.png,train
Data/raw/dust_seg/images/Imgclean_1159_0.jpg,Data/raw/dust_seg/masks/Imgclean_1159_0.png,train
Data/raw/dust_seg/images/Imgclean_1160_0.jpg,Data/raw/dust_seg/masks/Imgclean_1160_0.png,train
Data/raw/dust_seg/images/Imgclean_1163_0.jpg,Data/raw/dust_seg/masks/Imgclean_1163_0.png,train
Data/raw/dust_seg/images/Imgclean_1164_0.jpg,Data/raw/dust_seg/masks/Imgclean_1164_0.png,train
Data/raw/dust_seg/images/Imgclean_1172_0.jpg,Data/raw/dust_seg/masks/Imgclean_1172_0.png,train
Data/raw/dust_seg/images/Imgclean_1175_0.jpg,Data/raw/dust_seg/masks/Imgclean_1175_0.png,test
Data/raw/dust_seg/images/Imgclean_1178_0.jpg,Data/raw/dust_seg/masks/Imgclean_1178_0.png,val
Data/raw/dust_seg/images/Imgclean_1183_0.jpg,Data/raw/dust_seg/masks/Imgclean_1183_0.png,train
Data/raw/dust_seg/images/Imgclean_1185_0.jpg,Data/raw/dust_seg/masks/Imgclean_1185_0.png,train
Data/raw/dust_seg/images/Imgclean_1186_0.jpg,Data/raw/dust_seg/masks/Imgclean_1186_0.png,test
Data/raw/dust_seg/images/Imgclean_1187_0.jpg,Data/raw/dust_seg/masks/Imgclean_1187_0.png,test
Data/raw/dust_seg/images/Imgclean_1189_0.jpg,Data/raw/dust_seg/masks/Imgclean_1189_0.png,train
Data/raw/dust_seg/images/Imgclean_1191_0.jpg,Data/raw/dust_seg/masks/Imgclean_1191_0.png,train
Data/raw/dust_seg/images/Imgclean_1192_0.jpg,Data/raw/dust_seg/masks/Imgclean_1192_0.png,train
Data/raw/dust_seg/images/Imgclean_1193_0.jpg,Data/raw/dust_seg/masks/Imgclean_1193_0.png,train
Data/raw/dust_seg/images/Imgclean_1196_0.jpg,Data/raw/dust_seg/masks/Imgclean_1196_0.png,train
Data/raw/dust_seg/images/Imgclean_1197_0.jpg,Data/raw/dust_seg/masks/Imgclean_1197_0.png,train
Data/raw/dust_seg/images/Imgclean_1199_0.jpg,Data/raw/dust_seg/masks/Imgclean_1199_0.png,train
Data/raw/dust_seg/images/Imgclean_119_0.jpg,Data/raw/dust_seg/masks/Imgclean_119_0.png,train
Data/raw/dust_seg/images/Imgclean_11_0.jpg,Data/raw/dust_seg/masks/Imgclean_11_0.png,test
Data/raw/dust_seg/images/Imgclean_1201_0.jpg,Data/raw/dust_seg/masks/Imgclean_1201_0.png,train
Data/raw/dust_seg/images/Imgclean_1202_0.jpg,Data/raw/dust_seg/masks/Imgclean_1202_0.png,val
Data/raw/dust_seg/images/Imgclean_1207_0.jpg,Data/raw/dust_seg/masks/Imgclean_1207_0.png,val
Data/raw/dust_seg/images/Imgclean_120_0.jpg,Data/raw/dust_seg/masks/Imgclean_120_0.png,train
Data/raw/dust_seg/images/Imgclean_1214_0.jpg,Data/raw/dust_seg/masks/Imgclean_1214_0.png,train
Data/raw/dust_seg/images/Imgclean_1215_0.jpg,Data/raw/dust_seg/masks/Imgclean_1215_0.png,train
Data/raw/dust_seg/images/Imgclean_1216_0.jpg,Data/raw/dust_seg/masks/Imgclean_1216_0.png,val
Data/raw/dust_seg/images/Imgclean_1217_0.jpg,Data/raw/dust_seg/masks/Imgclean_1217_0.png,train
Data/raw/dust_seg/images/Imgclean_1221_0.jpg,Data/raw/dust_seg/masks/Imgclean_1221_0.png,train
Data/raw/dust_seg/images/Imgclean_1222_0.jpg,Data/raw/dust_seg/masks/Imgclean_1222_0.png,train
Data/raw/dust_seg/images/Imgclean_1224_0.jpg,Data/raw/dust_seg/masks/Imgclean_1224_0.png,train
Data/raw/dust_seg/images/Imgclean_1225_0.jpg,Data/raw/dust_seg/masks/Imgclean_1225_0.png,train
Data/raw/dust_seg/images/Imgclean_1228_0.jpg,Data/raw/dust_seg/masks/Imgclean_1228_0.png,train
Data/raw/dust_seg/images/Imgclean_1231_0.jpg,Data/raw/dust_seg/masks/Imgclean_1231_0.png,train
Data/raw/dust_seg/images/Imgclean_1233_0.jpg,Data/raw/dust_seg/masks/Imgclean_1233_0.png,train
Data/raw/dust_seg/images/Imgclean_1236_0.jpg,Data/raw/dust_seg/masks/Imgclean_1236_0.png,train
Data/raw/dust_seg/images/Imgclean_1237_0.jpg,Data/raw/dust_seg/masks/Imgclean_1237_0.png,train
Data/raw/dust_seg/images/Imgclean_1238_0.jpg,Data/raw/dust_seg/masks/Imgclean_1238_0.png,val
Data/raw/dust_seg/images/Imgclean_1239_0.jpg,Data/raw/dust_seg/masks/Imgclean_1239_0.png,train
Data/raw/dust_seg/images/Imgclean_1240_0.jpg,Data/raw/dust_seg/masks/Imgclean_1240_0.png,train
Data/raw/dust_seg/images/Imgclean_1242_0.jpg,Data/raw/dust_seg/masks/Imgclean_1242_0.png,test
Data/raw/dust_seg/images/Imgclean_1243_0.jpg,Data/raw/dust_seg/masks/Imgclean_1243_0.png,train
Data/raw/dust_seg/images/Imgclean_1244_0.jpg,Data/raw/dust_seg/masks/Imgclean_1244_0.png,train
Data/raw/dust_seg/images/Imgclean_1245_0.jpg,Data/raw/dust_seg/masks/Imgclean_1245_0.png,train
Data/raw/dust_seg/images/Imgclean_1246_0.jpg,Data/raw/dust_seg/masks/Imgclean_1246_0.png,train
Data/raw/dust_seg/images/Imgclean_1248_0.jpg,Data/raw/dust_seg/masks/Imgclean_1248_0.png,val
Data/raw/dust_seg/images/Imgclean_1249_0.jpg,Data/raw/dust_seg/masks/Imgclean_1249_0.png,val
Data/raw/dust_seg/images/Imgclean_124_0.jpg,Data/raw/dust_seg/masks/Imgclean_124_0.png,train
Data/raw/dust_seg/images/Imgclean_1250_0.jpg,Data/raw/dust_seg/masks/Imgclean_1250_0.png,train
Data/raw/dust_seg/images/Imgclean_1251_0.jpg,Data/raw/dust_seg/masks/Imgclean_1251_0.png,train
Data/raw/dust_seg/images/Imgclean_1252_0.jpg,Data/raw/dust_seg/masks/Imgclean_1252_0.png,train
Data/raw/dust_seg/images/Imgclean_1253_0.jpg,Data/raw/dust_seg/masks/Imgclean_1253_0.png,test
Data/raw/dust_seg/images/Imgclean_1255_0.jpg,Data/raw/dust_seg/masks/Imgclean_1255_0.png,train
Data/raw/dust_seg/images/Imgclean_1257_0.jpg,Data/raw/dust_seg/masks/Imgclean_1257_0.png,train
Data/raw/dust_seg/images/Imgclean_1258_0.jpg,Data/raw/dust_seg/masks/Imgclean_1258_0.png,train
Data/raw/dust_seg/images/Imgclean_125_0.jpg,Data/raw/dust_seg/masks/Imgclean_125_0.png,train
Data/raw/dust_seg/images/Imgclean_1261_0.jpg,Data/raw/dust_seg/masks/Imgclean_1261_0.png,train
Data/raw/dust_seg/images/Imgclean_1262_0.jpg,Data/raw/dust_seg/masks/Imgclean_1262_0.png,val
Data/raw/dust_seg/images/Imgclean_1264_0.jpg,Data/raw/dust_seg/masks/Imgclean_1264_0.png,train
Data/raw/dust_seg/images/Imgclean_1265_0.jpg,Data/raw/dust_seg/masks/Imgclean_1265_0.png,test
Data/raw/dust_seg/images/Imgclean_1266_0.jpg,Data/raw/dust_seg/masks/Imgclean_1266_0.png,train
Data/raw/dust_seg/images/Imgclean_1267_0.jpg,Data/raw/dust_seg/masks/Imgclean_1267_0.png,val
Data/raw/dust_seg/images/Imgclean_1268_0.jpg,Data/raw/dust_seg/masks/Imgclean_1268_0.png,train
Data/raw/dust_seg/images/Imgclean_1269_0.jpg,Data/raw/dust_seg/masks/Imgclean_1269_0.png,train
Data/raw/dust_seg/images/Imgclean_1271_0.jpg,Data/raw/dust_seg/masks/Imgclean_1271_0.png,train
Data/raw/dust_seg/images/Imgclean_1272_0.jpg,Data/raw/dust_seg/masks/Imgclean_1272_0.png,train
Data/raw/dust_seg/images/Imgclean_1273_0.jpg,Data/raw/dust_seg/masks/Imgclean_1273_0.png,train
Data/raw/dust_seg/images/Imgclean_1274_0.jpg,Data/raw/dust_seg/masks/Imgclean_1274_0.png,train
Data/raw/dust_seg/images/Imgclean_1275_0.jpg,Data/raw/dust_seg/masks/Imgclean_1275_0.png,train
Data/raw/dust_seg/images/Imgclean_1279_0.jpg,Data/raw/dust_seg/masks/Imgclean_1279_0.png,train
Data/raw/dust_seg/images/Imgclean_127_0.jpg,Data/raw/dust_seg/masks/Imgclean_127_0.png,train
Data/raw/dust_seg/images/Imgclean_1282_0.jpg,Data/raw/dust_seg/masks/Imgclean_1282_0.png,train
Data/raw/dust_seg/images/Imgclean_1284_0.jpg,Data/raw/dust_seg/masks/Imgclean_1284_0.png,val
Data/raw/dust_seg/images/Imgclean_1285_0.jpg,Data/raw/dust_seg/masks/Imgclean_1285_0.png,train
Data/raw/dust_seg/images/Imgclean_1287_0.jpg,Data/raw/dust_seg/masks/Imgclean_1287_0.png,train
Data/raw/dust_seg/images/Imgclean_128_0.jpg,Data/raw/dust_seg/masks/Imgclean_128_0.png,test
Data/raw/dust_seg/images/Imgclean_1290_0.jpg,Data/raw/dust_seg/masks/Imgclean_1290_0.png,train
Data/raw/dust_seg/images/Imgclean_1291_0.jpg,Data/raw/dust_seg/masks/Imgclean_1291_0.png,train
Data/raw/dust_seg/images/Imgclean_1296_0.jpg,Data/raw/dust_seg/masks/Imgclean_1296_0.png,train
Data/raw/dust_seg/images/Imgclean_129_0.jpg,Data/raw/dust_seg/masks/Imgclean_129_0.png,test
Data/raw/dust_seg/images/Imgclean_1300_0.jpg,Data/raw/dust_seg/masks/Imgclean_1300_0.png,train
Data/raw/dust_seg/images/Imgclean_1302_0.jpg,Data/raw/dust_seg/masks/Imgclean_1302_0.png,train
Data/raw/dust_seg/images/Imgclean_1304_0.jpg,Data/raw/dust_seg/masks/Imgclean_1304_0.png,train
Data/raw/dust_seg/images/Imgclean_1305_0.jpg,Data/raw/dust_seg/masks/Imgclean_1305_0.png,train
Data/raw/dust_seg/images/Imgclean_1308_0.jpg,Data/raw/dust_seg/masks/Imgclean_1308_0.png,train
Data/raw/dust_seg/images/Imgclean_1310_0.jpg,Data/raw/dust_seg/masks/Imgclean_1310_0.png,train
Data/raw/dust_seg/images/Imgclean_1312_0.jpg,Data/raw/dust_seg/masks/Imgclean_1312_0.png,val
Data/raw/dust_seg/images/Imgclean_1313_0.jpg,Data/raw/dust_seg/masks/Imgclean_1313_0.png,train
Data/raw/dust_seg/images/Imgclean_1314_0.jpg,Data/raw/dust_seg/masks/Imgclean_1314_0.png,train
Data/raw/dust_seg/images/Imgclean_1315_0.jpg,Data/raw/dust_seg/masks/Imgclean_1315_0.png,train
Data/raw/dust_seg/images/Imgclean_1316_0.jpg,Data/raw/dust_seg/masks/Imgclean_1316_0.png,train
Data/raw/dust_seg/images/Imgclean_1324_0.jpg,Data/raw/dust_seg/masks/Imgclean_1324_0.png,train
Data/raw/dust_seg/images/Imgclean_1325_0.jpg,Data/raw/dust_seg/masks/Imgclean_1325_0.png,train
Data/raw/dust_seg/images/Imgclean_1327_0.jpg,Data/raw/dust_seg/masks/Imgclean_1327_0.png,val
Data/raw/dust_seg/images/Imgclean_1328_0.jpg,Data/raw/dust_seg/masks/Imgclean_1328_0.png,val
Data/raw/dust_seg/images/Imgclean_1330_0.jpg,Data/raw/dust_seg/masks/Imgclean_1330_0.png,train
Data/raw/dust_seg/images/Imgclean_1331_0.jpg,Data/raw/dust_seg/masks/Imgclean_1331_0.png,train
Data/raw/dust_seg/images/Imgclean_1333_0.jpg,Data/raw/dust_seg/masks/Imgclean_1333_0.png,train
Data/raw/dust_seg/images/Imgclean_1335_0.jpg,Data/raw/dust_seg/masks/Imgclean_1335_0.png,train
Data/raw/dust_seg/images/Imgclean_1336_0.jpg,Data/raw/dust_seg/masks/Imgclean_1336_0.png,train
Data/raw/dust_seg/images/Imgclean_1337_0.jpg,Data/raw/dust_seg/masks/Imgclean_1337_0.png,test
Data/raw/dust_seg/images/Imgclean_1344_0.jpg,Data/raw/dust_seg/masks/Imgclean_1344_0.png,train
Data/raw/dust_seg/images/Imgclean_1349_0.jpg,Data/raw/dust_seg/masks/Imgclean_1349_0.png,train
Data/raw/dust_seg/images/Imgclean_1350_0.jpg,Data/raw/dust_seg/masks/Imgclean_1350_0.png,train
Data/raw/dust_seg/images/Imgclean_1351_0.jpg,Data/raw/dust_seg/masks/Imgclean_1351_0.png,train
Data/raw/dust_seg/images/Imgclean_1352_0.jpg,Data/raw/dust_seg/masks/Imgclean_1352_0.png,train
Data/raw/dust_seg/images/Imgclean_1353_0.jpg,Data/raw/dust_seg/masks/Imgclean_1353_0.png,train
Data/raw/dust_seg/images/Imgclean_1355_0.jpg,Data/raw/dust_seg/masks/Imgclean_1355_0.png,train
Data/raw/dust_seg/images/Imgclean_1356_0.jpg,Data/raw/dust_seg/masks/Imgclean_1356_0.png,test
Data/raw/dust_seg/images/Imgclean_135_0.jpg,Data/raw/dust_seg/masks/Imgclean_135_0.png,train
Data/raw/dust_seg/images/Imgclean_1360_0.jpg,Data/raw/dust_seg/masks/Imgclean_1360_0.png,train
Data/raw/dust_seg/images/Imgclean_1361_0.jpg,Data/raw/dust_seg/masks/Imgclean_1361_0.png,val
Data/raw/dust_seg/images/Imgclean_1362_0.jpg,Data/raw/dust_seg/masks/Imgclean_1362_0.png,train
Data/raw/dust_seg/images/Imgclean_1365_0.jpg,Data/raw/dust_seg/masks/Imgclean_1365_0.png,train
Data/raw/dust_seg/images/Imgclean_1366_0.jpg,Data/raw/dust_seg/masks/Imgclean_1366_0.png,train
Data/raw/dust_seg/images/Imgclean_1368_0.jpg,Data/raw/dust_seg/masks/Imgclean_1368_0.png,train
Data/raw/dust_seg/images/Imgclean_1369_0.jpg,Data/raw/dust_seg/masks/Imgclean_1369_0.png,val
Data/raw/dust_seg/images/Imgclean_1370_0.jpg,Data/raw/dust_seg/masks/Imgclean_1370_0.png,train
Data/raw/dust_seg/images/Imgclean_1371_0.jpg,Data/raw/dust_seg/masks/Imgclean_1371_0.png,train
Data/raw/dust_seg/images/Imgclean_1372_0.jpg,Data/raw/dust_seg/masks/Imgclean_1372_0.png,test
Data/raw/dust_seg/images/Imgclean_1373_0.jpg,Data/raw/dust_seg/masks/Imgclean_1373_0.png,train
Data/raw/dust_seg/images/Imgclean_1374_0.jpg,Data/raw/dust_seg/masks/Imgclean_1374_0.png,train
Data/raw/dust_seg/images/Imgclean_1375_0.jpg,Data/raw/dust_seg/masks/Imgclean_1375_0.png,train
Data/raw/dust_seg/images/Imgclean_1376_0.jpg,Data/raw/dust_seg/masks/Imgclean_1376_0.png,test
Data/raw/dust_seg/images/Imgclean_1378_0.jpg,Data/raw/dust_seg/masks/Imgclean_1378_0.png,train
Data/raw/dust_seg/images/Imgclean_1379_0.jpg,Data/raw/dust_seg/masks/Imgclean_1379_0.png,val
Data/raw/dust_seg/images/Imgclean_1380_0.jpg,Data/raw/dust_seg/masks/Imgclean_1380_0.png,train
Data/raw/dust_seg/images/Imgclean_1381_0.jpg,Data/raw/dust_seg/masks/Imgclean_1381_0.png,train
Data/raw/dust_seg/images/Imgclean_1386_0.jpg,Data/raw/dust_seg/masks/Imgclean_1386_0.png,train
Data/raw/dust_seg/images/Imgclean_1387_0.jpg,Data/raw/dust_seg/masks/Imgclean_1387_0.png,train
Data/raw/dust_seg/images/Imgclean_1388_0.jpg,Data/raw/dust_seg/masks/Imgclean_1388_0.png,train
Data/raw/dust_seg/images/Imgclean_1389_0.jpg,Data/raw/dust_seg/masks/Imgclean_1389_0.png,train
Data/raw/dust_seg/images/Imgclean_138_0.jpg,Data/raw/dust_seg/masks/Imgclean_138_0.png,train
Data/raw/dust_seg/images/Imgclean_1390_0.jpg,Data/raw/dust_seg/masks/Imgclean_1390_0.png,train
Data/raw/dust_seg/images/Imgclean_1391_0.jpg,Data/raw/dust_seg/masks/Imgclean_1391_0.png,train
Data/raw/dust_seg/images/Imgclean_1392_0.jpg,Data/raw/dust_seg/masks/Imgclean_1392_0.png,train
Data/raw/dust_seg/images/Imgclean_1395_0.jpg,Data/raw/dust_seg/masks/Imgclean_1395_0.png,train
Data/raw/dust_seg/images/Imgclean_1397_0.jpg,Data/raw/dust_seg/masks/Imgclean_1397_0.png,train
Data/raw/dust_seg/images/Imgclean_1398_0.jpg,Data/raw/dust_seg/masks/Imgclean_1398_0.png,train
Data/raw/dust_seg/images/Imgclean_1399_0.jpg,Data/raw/dust_seg/masks/Imgclean_1399_0.png,val
Data/raw/dust_seg/images/Imgclean_13_0.jpg,Data/raw/dust_seg/masks/Imgclean_13_0.png,train
Data/raw/dust_seg/images/Imgclean_1400_0.jpg,Data/raw/dust_seg/masks/Imgclean_1400_0.png,train
Data/raw/dust_seg/images/Imgclean_1401_0.jpg,Data/raw/dust_seg/masks/Imgclean_1401_0.png,val
Data/raw/dust_seg/images/Imgclean_1402_0.jpg,Data/raw/dust_seg/masks/Imgclean_1402_0.png,train
Data/raw/dust_seg/images/Imgclean_1403_0.jpg,Data/raw/dust_seg/masks/Imgclean_1403_0.png,train
Data/raw/dust_seg/images/Imgclean_1404_0.jpg,Data/raw/dust_seg/masks/Imgclean_1404_0.png,train
Data/raw/dust_seg/images/Imgclean_1405_0.jpg,Data/raw/dust_seg/masks/Imgclean_1405_0.png,val
Data/raw/dust_seg/images/Imgclean_1406_0.jpg,Data/raw/dust_seg/masks/Imgclean_1406_0.png,test
Data/raw/dust_seg/images/Imgclean_1407_0.jpg,Data/raw/dust_seg/masks/Imgclean_1407_0.png,train
Data/raw/dust_seg/images/Imgclean_1408_0.jpg,Data/raw/dust_seg/masks/Imgclean_1408_0.png,train
Data/raw/dust_seg/images/Imgclean_1409_0.jpg,Data/raw/dust_seg/masks/Imgclean_1409_0.png,test
Data/raw/dust_seg/images/Imgclean_140_0.jpg,Data/raw/dust_seg/masks/Imgclean_140_0.png,test
Data/raw/dust_seg/images/Imgclean_1410_0.jpg,Data/raw/dust_seg/masks/Imgclean_1410_0.png,train
Data/raw/dust_seg/images/Imgclean_1412_0.jpg,Data/raw/dust_seg/masks/Imgclean_1412_0.png,test
Data/raw/dust_seg/images/Imgclean_1413_0.jpg,Data/raw/dust_seg/masks/Imgclean_1413_0.png,train
Data/raw/dust_seg/images/Imgclean_1414_0.jpg,Data/raw/dust_seg/masks/Imgclean_1414_0.png,train
Data/raw/dust_seg/images/Imgclean_1415_0.jpg,Data/raw/dust_seg/masks/Imgclean_1415_0.png,train
Data/raw/dust_seg/images/Imgclean_1416_0.jpg,Data/raw/dust_seg/masks/Imgclean_1416_0.png,train
Data/raw/dust_seg/images/Imgclean_1417_0.jpg,Data/raw/dust_seg/masks/Imgclean_1417_0.png,train
Data/raw/dust_seg/images/Imgclean_1418_0.jpg,Data/raw/dust_seg/masks/Imgclean_1418_0.png,train
Data/raw/dust_seg/images/Imgclean_1419_0.jpg,Data/raw/dust_seg/masks/Imgclean_1419_0.png,train
Data/raw/dust_seg/images/Imgclean_1421_0.jpg,Data/raw/dust_seg/masks/Imgclean_1421_0.png,train
Data/raw/dust_seg/images/Imgclean_1422_0.jpg,Data/raw/dust_seg/masks/Imgclean_1422_0.png,train
Data/raw/dust_seg/images/Imgclean_1423_0.jpg,Data/raw/dust_seg/masks/Imgclean_1423_0.png,train
Data/raw/dust_seg/images/Imgclean_1424_0.jpg,Data/raw/dust_seg/masks/Imgclean_1424_0.png,train
Data/raw/dust_seg/images/Imgclean_1427_0.jpg,Data/raw/dust_seg/masks/Imgclean_1427_0.png,train
Data/raw/dust_seg/images/Imgclean_1429_0.jpg,Data/raw/dust_seg/masks/Imgclean_1429_0.png,test
Data/raw/dust_seg/images/Imgclean_142_0.jpg,Data/raw/dust_seg/masks/Imgclean_142_0.png,train
Data/raw/dust_seg/images/Imgclean_1431_0.jpg,Data/raw/dust_seg/masks/Imgclean_1431_0.png,test
Data/raw/dust_seg/images/Imgclean_1433_0.jpg,Data/raw/dust_seg/masks/Imgclean_1433_0.png,train
Data/raw/dust_seg/images/Imgclean_1434_0.jpg,Data/raw/dust_seg/masks/Imgclean_1434_0.png,train
Data/raw/dust_seg/images/Imgclean_1435_0.jpg,Data/raw/dust_seg/masks/Imgclean_1435_0.png,train
Data/raw/dust_seg/images/Imgclean_1436_0.jpg,Data/raw/dust_seg/masks/Imgclean_1436_0.png,train
Data/raw/dust_seg/images/Imgclean_1437_0.jpg,Data/raw/dust_seg/masks/Imgclean_1437_0.png,train
Data/raw/dust_seg/images/Imgclean_1439_0.jpg,Data/raw/dust_seg/masks/Imgclean_1439_0.png,train
Data/raw/dust_seg/images/Imgclean_1440_0.jpg,Data/raw/dust_seg/masks/Imgclean_1440_0.png,train
Data/raw/dust_seg/images/Imgclean_1442_0.jpg,Data/raw/dust_seg/masks/Imgclean_1442_0.png,train
Data/raw/dust_seg/images/Imgclean_1443_0.jpg,Data/raw/dust_seg/masks/Imgclean_1443_0.png,train
Data/raw/dust_seg/images/Imgclean_1445_0.jpg,Data/raw/dust_seg/masks/Imgclean_1445_0.png,train
Data/raw/dust_seg/images/Imgclean_1447_0.jpg,Data/raw/dust_seg/masks/Imgclean_1447_0.png,train
Data/raw/dust_seg/images/Imgclean_144_0.jpg,Data/raw/dust_seg/masks/Imgclean_144_0.png,train
Data/raw/dust_seg/images/Imgclean_1450_0.jpg,Data/raw/dust_seg/masks/Imgclean_1450_0.png,train
Data/raw/dust_seg/images/Imgclean_1452_0.jpg,Data/raw/dust_seg/masks/Imgclean_1452_0.png,train
Data/raw/dust_seg/images/Imgclean_1453_0.jpg,Data/raw/dust_seg/masks/Imgclean_1453_0.png,train
Data/raw/dust_seg/images/Imgclean_1454_0.jpg,Data/raw/dust_seg/masks/Imgclean_1454_0.png,train
Data/raw/dust_seg/images/Imgclean_1456_0.jpg,Data/raw/dust_seg/masks/Imgclean_1456_0.png,train
Data/raw/dust_seg/images/Imgclean_1457_0.jpg,Data/raw/dust_seg/masks/Imgclean_1457_0.png,train
Data/raw/dust_seg/images/Imgclean_1458_0.jpg,Data/raw/dust_seg/masks/Imgclean_1458_0.png,val
Data/raw/dust_seg/images/Imgclean_1460_0.jpg,Data/raw/dust_seg/masks/Imgclean_1460_0.png,train
Data/raw/dust_seg/images/Imgclean_1461_0.jpg,Data/raw/dust_seg/masks/Imgclean_1461_0.png,train
Data/raw/dust_seg/images/Imgclean_1463_0.jpg,Data/raw/dust_seg/masks/Imgclean_1463_0.png,train
Data/raw/dust_seg/images/Imgclean_1464_0.jpg,Data/raw/dust_seg/masks/Imgclean_1464_0.png,train
Data/raw/dust_seg/images/Imgclean_1465_0.jpg,Data/raw/dust_seg/masks/Imgclean_1465_0.png,train
Data/raw/dust_seg/images/Imgclean_146_0.jpg,Data/raw/dust_seg/masks/Imgclean_146_0.png,train
Data/raw/dust_seg/images/Imgclean_1470_0.jpg,Data/raw/dust_seg/masks/Imgclean_1470_0.png,test
Data/raw/dust_seg/images/Imgclean_1471_0.jpg,Data/raw/dust_seg/masks/Imgclean_1471_0.png,train
Data/raw/dust_seg/images/Imgclean_1472_0.jpg,Data/raw/dust_seg/masks/Imgclean_1472_0.png,train
Data/raw/dust_seg/images/Imgclean_1474_0.jpg,Data/raw/dust_seg/masks/Imgclean_1474_0.png,train
Data/raw/dust_seg/images/Imgclean_1476_0.jpg,Data/raw/dust_seg/masks/Imgclean_1476_0.png,test
Data/raw/dust_seg/images/Imgclean_1477_0.jpg,Data/raw/dust_seg/masks/Imgclean_1477_0.png,val
Data/raw/dust_seg/images/Imgclean_1478_0.jpg,Data/raw/dust_seg/masks/Imgclean_1478_0.png,test
Data/raw/dust_seg/images/Imgclean_1479_0.jpg,Data/raw/dust_seg/masks/Imgclean_1479_0.png,train
Data/raw/dust_seg/images/Imgclean_147_0.jpg,Data/raw/dust_seg/masks/Imgclean_147_0.png,train
Data/raw/dust_seg/images/Imgclean_1482_0.jpg,Data/raw/dust_seg/masks/Imgclean_1482_0.png,train
Data/raw/dust_seg/images/Imgclean_1483_0.jpg,Data/raw/dust_seg/masks/Imgclean_1483_0.png,train
Data/raw/dust_seg/images/Imgclean_1484_0.jpg,Data/raw/dust_seg/masks/Imgclean_1484_0.png,train
Data/raw/dust_seg/images/Imgclean_1485_0.jpg,Data/raw/dust_seg/masks/Imgclean_1485_0.png,test
Data/raw/dust_seg/images/Imgclean_1487_0.jpg,Data/raw/dust_seg/masks/Imgclean_1487_0.png,train
Data/raw/dust_seg/images/Imgclean_1488_0.jpg,Data/raw/dust_seg/masks/Imgclean_1488_0.png,test
Data/raw/dust_seg/images/Imgclean_1489_0.jpg,Data/raw/dust_seg/masks/Imgclean_1489_0.png,val
Data/raw/dust_seg/images/Imgclean_148_0.jpg,Data/raw/dust_seg/masks/Imgclean_148_0.png,test
Data/raw/dust_seg/images/Imgclean_1490_0.jpg,Data/raw/dust_seg/masks/Imgclean_1490_0.png,train
Data/raw/dust_seg/images/Imgclean_1491_0.jpg,Data/raw/dust_seg/masks/Imgclean_1491_0.png,train
Data/raw/dust_seg/images/Imgclean_153_0.jpg,Data/raw/dust_seg/masks/Imgclean_153_0.png,train
Data/raw/dust_seg/images/Imgclean_155_0.jpg,Data/raw/dust_seg/masks/Imgclean_155_0.png,train
Data/raw/dust_seg/images/Imgclean_159_0.jpg,Data/raw/dust_seg/masks/Imgclean_159_0.png,train
Data/raw/dust_seg/images/Imgclean_160_0.jpg,Data/raw/dust_seg/masks/Imgclean_160_0.png,train
Data/raw/dust_seg/images/Imgclean_161_0.jpg,Data/raw/dust_seg/masks/Imgclean_161_0.png,train
Data/raw/dust_seg/images/Imgclean_162_0.jpg,Data/raw/dust_seg/masks/Imgclean_162_0.png,test
Data/raw/dust_seg/images/Imgclean_163_0.jpg,Data/raw/dust_seg/masks/Imgclean_163_0.png,train
Data/raw/dust_seg/images/Imgclean_167_0.jpg,Data/raw/dust_seg/masks/Imgclean_167_0.png,train
Data/raw/dust_seg/images/Imgclean_171_0.jpg,Data/raw/dust_seg/masks/Imgclean_171_0.png,train
Data/raw/dust_seg/images/Imgclean_172_0.jpg,Data/raw/dust_seg/masks/Imgclean_172_0.png,test
Data/raw/dust_seg/images/Imgclean_173_0.jpg,Data/raw/dust_seg/masks/Imgclean_173_0.png,train
Data/raw/dust_seg/images/Imgclean_175_0.jpg,Data/raw/dust_seg/masks/Imgclean_175_0.png,val
Data/raw/dust_seg/images/Imgclean_176_0.jpg,Data/raw/dust_seg/masks/Imgclean_176_0.png,train
Data/raw/dust_seg/images/Imgclean_178_0.jpg,Data/raw/dust_seg/masks/Imgclean_178_0.png,test
Data/raw/dust_seg/images/Imgclean_17_0.jpg,Data/raw/dust_seg/masks/Imgclean_17_0.png,train
Data/raw/dust_seg/images/Imgclean_180_0.jpg,Data/raw/dust_seg/masks/Imgclean_180_0.png,train
Data/raw/dust_seg/images/Imgclean_181_0.jpg,Data/raw/dust_seg/masks/Imgclean_181_0.png,train
Data/raw/dust_seg/images/Imgclean_183_0.jpg,Data/raw/dust_seg/masks/Imgclean_183_0.png,train
Data/raw/dust_seg/images/Imgclean_185_0.jpg,Data/raw/dust_seg/masks/Imgclean_185_0.png,train
Data/raw/dust_seg/images/Imgclean_186_0.jpg,Data/raw/dust_seg/masks/Imgclean_186_0.png,train
Data/raw/dust_seg/images/Imgclean_18_0.jpg,Data/raw/dust_seg/masks/Imgclean_18_0.png,test
Data/raw/dust_seg/images/Imgclean_190_0.jpg,Data/raw/dust_seg/masks/Imgclean_190_0.png,train
Data/raw/dust_seg/images/Imgclean_192_0.jpg,Data/raw/dust_seg/masks/Imgclean_192_0.png,train
Data/raw/dust_seg/images/Imgclean_194_0.jpg,Data/raw/dust_seg/masks/Imgclean_194_0.png,train
Data/raw/dust_seg/images/Imgclean_197_0.jpg,Data/raw/dust_seg/masks/Imgclean_197_0.png,train
Data/raw/dust_seg/images/Imgclean_199_0.jpg,Data/raw/dust_seg/masks/Imgclean_199_0.png,val
Data/raw/dust_seg/images/Imgclean_1_0.jpg,Data/raw/dust_seg/masks/Imgclean_1_0.png,train
Data/raw/dust_seg/images/Imgclean_204_0.jpg,Data/raw/dust_seg/masks/Imgclean_204_0.png,train
Data/raw/dust_seg/images/Imgclean_206_0.jpg,Data/raw/dust_seg/masks/Imgclean_206_0.png,val
Data/raw/dust_seg/images/Imgclean_208_0.jpg,Data/raw/dust_seg/masks/Imgclean_208_0.png,train
Data/raw/dust_seg/images/Imgclean_20_0.jpg,Data/raw/dust_seg/masks/Imgclean_20_0.png,train
Data/raw/dust_seg/images/Imgclean_210_0.jpg,Data/raw/dust_seg/masks/Imgclean_210_0.png,train
Data/raw/dust_seg/images/Imgclean_214_0.jpg,Data/raw/dust_seg/masks/Imgclean_214_0.png,train
Data/raw/dust_seg/images/Imgclean_218_0.jpg,Data/raw/dust_seg/masks/Imgclean_218_0.png,train
Data/raw/dust_seg/images/Imgclean_21_0.jpg,Data/raw/dust_seg/masks/Imgclean_21_0.png,train
Data/raw/dust_seg/images/Imgclean_225_0.jpg,Data/raw/dust_seg/masks/Imgclean_225_0.png,train
Data/raw/dust_seg/images/Imgclean_226_0.jpg,Data/raw/dust_seg/masks/Imgclean_226_0.png,train
Data/raw/dust_seg/images/Imgclean_227_0.jpg,Data/raw/dust_seg/masks/Imgclean_227_0.png,train
Data/raw/dust_seg/images/Imgclean_231_0.jpg,Data/raw/dust_seg/masks/Imgclean_231_0.png,train
Data/raw/dust_seg/images/Imgclean_233_0.jpg,Data/raw/dust_seg/masks/Imgclean_233_0.png,train
Data/raw/dust_seg/images/Imgclean_235_0.jpg,Data/raw/dust_seg/masks/Imgclean_235_0.png,train
Data/raw/dust_seg/images/Imgclean_236_0.jpg,Data/raw/dust_seg/masks/Imgclean_236_0.png,train
Data/raw/dust_seg/images/Imgclean_237_0.jpg,Data/raw/dust_seg/masks/Imgclean_237_0.png,train
Data/raw/dust_seg/images/Imgclean_238_0.jpg,Data/raw/dust_seg/masks/Imgclean_238_0.png,train
Data/raw/dust_seg/images/Imgclean_241_0.jpg,Data/raw/dust_seg/masks/Imgclean_241_0.png,train
Data/raw/dust_seg/images/Imgclean_246_0.jpg,Data/raw/dust_seg/masks/Imgclean_246_0.png,train
Data/raw/dust_seg/images/Imgclean_247_0.jpg,Data/raw/dust_seg/masks/Imgclean_247_0.png,train
Data/raw/dust_seg/images/Imgclean_250_0.jpg,Data/raw/dust_seg/masks/Imgclean_250_0.png,train
Data/raw/dust_seg/images/Imgclean_251_0.jpg,Data/raw/dust_seg/masks/Imgclean_251_0.png,train
Data/raw/dust_seg/images/Imgclean_252_0.jpg,Data/raw/dust_seg/masks/Imgclean_252_0.png,train
Data/raw/dust_seg/images/Imgclean_253_0.jpg,Data/raw/dust_seg/masks/Imgclean_253_0.png,train
Data/raw/dust_seg/images/Imgclean_256_0.jpg,Data/raw/dust_seg/masks/Imgclean_256_0.png,train
Data/raw/dust_seg/images/Imgclean_258_0.jpg,Data/raw/dust_seg/masks/Imgclean_258_0.png,train
Data/raw/dust_seg/images/Imgclean_25_0.jpg,Data/raw/dust_seg/masks/Imgclean_25_0.png,train
Data/raw/dust_seg/images/Imgclean_267_0.jpg,Data/raw/dust_seg/masks/Imgclean_267_0.png,train
Data/raw/dust_seg/images/Imgclean_276_0.jpg,Data/raw/dust_seg/masks/Imgclean_276_0.png,train
Data/raw/dust_seg/images/Imgclean_278_0.jpg,Data/raw/dust_seg/masks/Imgclean_278_0.png,train
Data/raw/dust_seg/images/Imgclean_279_0.jpg,Data/raw/dust_seg/masks/Imgclean_279_0.png,train
Data/raw/dust_seg/images/Imgclean_280_0.jpg,Data/raw/dust_seg/masks/Imgclean_280_0.png,train
Data/raw/dust_seg/images/Imgclean_288_0.jpg,Data/raw/dust_seg/masks/Imgclean_288_0.png,train
Data/raw/dust_seg/images/Imgclean_28_0.jpg,Data/raw/dust_seg/masks/Imgclean_28_0.png,train
Data/raw/dust_seg/images/Imgclean_290_0.jpg,Data/raw/dust_seg/masks/Imgclean_290_0.png,train
Data/raw/dust_seg/images/Imgclean_293_0.jpg,Data/raw/dust_seg/masks/Imgclean_293_0.png,test
Data/raw/dust_seg/images/Imgclean_299_0.jpg,Data/raw/dust_seg/masks/Imgclean_299_0.png,train
Data/raw/dust_seg/images/Imgclean_29_0.jpg,Data/raw/dust_seg/masks/Imgclean_29_0.png,train
Data/raw/dust_seg/images/Imgclean_303_0.jpg,Data/raw/dust_seg/masks/Imgclean_303_0.png,train
Data/raw/dust_seg/images/Imgclean_305_0.jpg,Data/raw/dust_seg/masks/Imgclean_305_0.png,train
Data/raw/dust_seg/images/Imgclean_310_0.jpg,Data/raw/dust_seg/masks/Imgclean_310_0.png,train
Data/raw/dust_seg/images/Imgclean_317_0.jpg,Data/raw/dust_seg/masks/Imgclean_317_0.png,train
Data/raw/dust_seg/images/Imgclean_322_0.jpg,Data/raw/dust_seg/masks/Imgclean_322_0.png,train
Data/raw/dust_seg/images/Imgclean_325_0.jpg,Data/raw/dust_seg/masks/Imgclean_325_0.png,train
Data/raw/dust_seg/images/Imgclean_326_0.jpg,Data/raw/dust_seg/masks/Imgclean_326_0.png,test
Data/raw/dust_seg/images/Imgclean_328_0.jpg,Data/raw/dust_seg/masks/Imgclean_328_0.png,train
Data/raw/dust_seg/images/Imgclean_330_0.jpg,Data/raw/dust_seg/masks/Imgclean_330_0.png,train
Data/raw/dust_seg/images/Imgclean_331_0.jpg,Data/raw/dust_seg/masks/Imgclean_331_0.png,train
Data/raw/dust_seg/images/Imgclean_337_0.jpg,Data/raw/dust_seg/masks/Imgclean_337_0.png,train
Data/raw/dust_seg/images/Imgclean_339_0.jpg,Data/raw/dust_seg/masks/Imgclean_339_0.png,train
Data/raw/dust_seg/images/Imgclean_341_0.jpg,Data/raw/dust_seg/masks/Imgclean_341_0.png,train
Data/raw/dust_seg/images/Imgclean_349_0.jpg,Data/raw/dust_seg/masks/Imgclean_349_0.png,train
Data/raw/dust_seg/images/Imgclean_350_0.jpg,Data/raw/dust_seg/masks/Imgclean_350_0.png,train
Data/raw/dust_seg/images/Imgclean_351_0.jpg,Data/raw/dust_seg/masks/Imgclean_351_0.png,train
Data/raw/dust_seg/images/Imgclean_355_0.jpg,Data/raw/dust_seg/masks/Imgclean_355_0.png,train
Data/raw/dust_seg/images/Imgclean_356_0.jpg,Data/raw/dust_seg/masks/Imgclean_356_0.png,train
Data/raw/dust_seg/images/Imgclean_357_0.jpg,Data/raw/dust_seg/masks/Imgclean_357_0.png,test
Data/raw/dust_seg/images/Imgclean_358_0.jpg,Data/raw/dust_seg/masks/Imgclean_358_0.png,train
Data/raw/dust_seg/images/Imgclean_35_0.jpg,Data/raw/dust_seg/masks/Imgclean_35_0.png,test
Data/raw/dust_seg/images/Imgclean_360_0.jpg,Data/raw/dust_seg/masks/Imgclean_360_0.png,train
Data/raw/dust_seg/images/Imgclean_361_0.jpg,Data/raw/dust_seg/masks/Imgclean_361_0.png,train
Data/raw/dust_seg/images/Imgclean_369_0.jpg,Data/raw/dust_seg/masks/Imgclean_369_0.png,train
Data/raw/dust_seg/images/Imgclean_370_0.jpg,Data/raw/dust_seg/masks/Imgclean_370_0.png,train
Data/raw/dust_seg/images/Imgclean_374_0.jpg,Data/raw/dust_seg/masks/Imgclean_374_0.png,train
Data/raw/dust_seg/images/Imgclean_376_0.jpg,Data/raw/dust_seg/masks/Imgclean_376_0.png,train
Data/raw/dust_seg/images/Imgclean_379_0.jpg,Data/raw/dust_seg/masks/Imgclean_379_0.png,train
Data/raw/dust_seg/images/Imgclean_37_0.jpg,Data/raw/dust_seg/masks/Imgclean_37_0.png,train
Data/raw/dust_seg/images/Imgclean_380_0.jpg,Data/raw/dust_seg/masks/Imgclean_380_0.png,train
Data/raw/dust_seg/images/Imgclean_385_0.jpg,Data/raw/dust_seg/masks/Imgclean_385_0.png,train
Data/raw/dust_seg/images/Imgclean_389_0.jpg,Data/raw/dust_seg/masks/Imgclean_389_0.png,train
Data/raw/dust_seg/images/Imgclean_390_0.jpg,Data/raw/dust_seg/masks/Imgclean_390_0.png,train
Data/raw/dust_seg/images/Imgclean_391_0.jpg,Data/raw/dust_seg/masks/Imgclean_391_0.png,val
Data/raw/dust_seg/images/Imgclean_394_0.jpg,Data/raw/dust_seg/masks/Imgclean_394_0.png,train
Data/raw/dust_seg/images/Imgclean_395_0.jpg,Data/raw/dust_seg/masks/Imgclean_395_0.png,train
Data/raw/dust_seg/images/Imgclean_397_0.jpg,Data/raw/dust_seg/masks/Imgclean_397_0.png,train
Data/raw/dust_seg/images/Imgclean_39_0.jpg,Data/raw/dust_seg/masks/Imgclean_39_0.png,train
Data/raw/dust_seg/images/Imgclean_3_0.jpg,Data/raw/dust_seg/masks/Imgclean_3_0.png,train
Data/raw/dust_seg/images/Imgclean_400_0.jpg,Data/raw/dust_seg/masks/Imgclean_400_0.png,val
Data/raw/dust_seg/images/Imgclean_401_0.jpg,Data/raw/dust_seg/masks/Imgclean_401_0.png,train
Data/raw/dust_seg/images/Imgclean_403_0.jpg,Data/raw/dust_seg/masks/Imgclean_403_0.png,val
Data/raw/dust_seg/images/Imgclean_406_0.jpg,Data/raw/dust_seg/masks/Imgclean_406_0.png,train
Data/raw/dust_seg/images/Imgclean_409_0.jpg,Data/raw/dust_seg/masks/Imgclean_409_0.png,train
Data/raw/dust_seg/images/Imgclean_411_0.jpg,Data/raw/dust_seg/masks/Imgclean_411_0.png,train
Data/raw/dust_seg/images/Imgclean_412_0.jpg,Data/raw/dust_seg/masks/Imgclean_412_0.png,train
Data/raw/dust_seg/images/Imgclean_413_0.jpg,Data/raw/dust_seg/masks/Imgclean_413_0.png,train
Data/raw/dust_seg/images/Imgclean_414_0.jpg,Data/raw/dust_seg/masks/Imgclean_414_0.png,train
Data/raw/dust_seg/images/Imgclean_418_0.jpg,Data/raw/dust_seg/masks/Imgclean_418_0.png,train
Data/raw/dust_seg/images/Imgclean_419_0.jpg,Data/raw/dust_seg/masks/Imgclean_419_0.png,val
Data/raw/dust_seg/images/Imgclean_422_0.jpg,Data/raw/dust_seg/masks/Imgclean_422_0.png,train
Data/raw/dust_seg/images/Imgclean_425_0.jpg,Data/raw/dust_seg/masks/Imgclean_425_0.png,train
Data/raw/dust_seg/images/Imgclean_429_0.jpg,Data/raw/dust_seg/masks/Imgclean_429_0.png,val
Data/raw/dust_seg/images/Imgclean_435_0.jpg,Data/raw/dust_seg/masks/Imgclean_435_0.png,train
Data/raw/dust_seg/images/Imgclean_437_0.jpg,Data/raw/dust_seg/masks/Imgclean_437_0.png,train
Data/raw/dust_seg/images/Imgclean_438_0.jpg,Data/raw/dust_seg/masks/Imgclean_438_0.png,train
Data/raw/dust_seg/images/Imgclean_43_0.jpg,Data/raw/dust_seg/masks/Imgclean_43_0.png,train
Data/raw/dust_seg/images/Imgclean_442_0.jpg,Data/raw/dust_seg/masks/Imgclean_442_0.png,train
Data/raw/dust_seg/images/Imgclean_447_0.jpg,Data/raw/dust_seg/masks/Imgclean_447_0.png,train
Data/raw/dust_seg/images/Imgclean_448_0.jpg,Data/raw/dust_seg/masks/Imgclean_448_0.png,train
Data/raw/dust_seg/images/Imgclean_451_0.jpg,Data/raw/dust_seg/masks/Imgclean_451_0.png,train
Data/raw/dust_seg/images/Imgclean_452_0.jpg,Data/raw/dust_seg/masks/Imgclean_452_0.png,val
Data/raw/dust_seg/images/Imgclean_454_0.jpg,Data/raw/dust_seg/masks/Imgclean_454_0.png,test
Data/raw/dust_seg/images/Imgclean_456_0.jpg,Data/raw/dust_seg/masks/Imgclean_456_0.png,train
Data/raw/dust_seg/images/Imgclean_458_0.jpg,Data/raw/dust_seg/masks/Imgclean_458_0.png,val
Data/raw/dust_seg/images/Imgclean_460_0.jpg,Data/raw/dust_seg/masks/Imgclean_460_0.png,val
Data/raw/dust_seg/images/Imgclean_462_0.jpg,Data/raw/dust_seg/masks/Imgclean_462_0.png,train
Data/raw/dust_seg/images/Imgclean_464_0.jpg,Data/raw/dust_seg/masks/Imgclean_464_0.png,train
Data/raw/dust_seg/images/Imgclean_465_0.jpg,Data/raw/dust_seg/masks/Imgclean_465_0.png,train
Data/raw/dust_seg/images/Imgclean_472_0.jpg,Data/raw/dust_seg/masks/Imgclean_472_0.png,train
Data/raw/dust_seg/images/Imgclean_474_0.jpg,Data/raw/dust_seg/masks/Imgclean_474_0.png,val
Data/raw/dust_seg/images/Imgclean_481_0.jpg,Data/raw/dust_seg/masks/Imgclean_481_0.png,train
Data/raw/dust_seg/images/Imgclean_484_0.jpg,Data/raw/dust_seg/masks/Imgclean_484_0.png,train
Data/raw/dust_seg/images/Imgclean_489_0.jpg,Data/raw/dust_seg/masks/Imgclean_489_0.png,train
Data/raw/dust_seg/images/Imgclean_491_0.jpg,Data/raw/dust_seg/masks/Imgclean_491_0.png,train
Data/raw/dust_seg/images/Imgclean_495_0.jpg,Data/raw/dust_seg/masks/Imgclean_495_0.png,train
Data/raw/dust_seg/images/Imgclean_499_0.jpg,Data/raw/dust_seg/masks/Imgclean_499_0.png,train
Data/raw/dust_seg/images/Imgclean_4_0.jpg,Data/raw/dust_seg/masks/Imgclean_4_0.png,train
Data/raw/dust_seg/images/Imgclean_501_0.jpg,Data/raw/dust_seg/masks/Imgclean_501_0.png,train
Data/raw/dust_seg/images/Imgclean_505_0.jpg,Data/raw/dust_seg/masks/Imgclean_505_0.png,train
Data/raw/dust_seg/images/Imgclean_509_0.jpg,Data/raw/dust_seg/masks/Imgclean_509_0.png,train
Data/raw/dust_seg/images/Imgclean_50_0.jpg,Data/raw/dust_seg/masks/Imgclean_50_0.png,train
Data/raw/dust_seg/images/Imgclean_510_0.jpg,Data/raw/dust_seg/masks/Imgclean_510_0.png,train
Data/raw/dust_seg/images/Imgclean_512_0.jpg,Data/raw/dust_seg/masks/Imgclean_512_0.png,train
Data/raw/dust_seg/images/Imgclean_513_0.jpg,Data/raw/dust_seg/masks/Imgclean_513_0.png,train
Data/raw/dust_seg/images/Imgclean_514_0.jpg,Data/raw/dust_seg/masks/Imgclean_514_0.png,train
Data/raw/dust_seg/images/Imgclean_516_0.jpg,Data/raw/dust_seg/masks/Imgclean_516_0.png,test
Data/raw/dust_seg/images/Imgclean_525_0.jpg,Data/raw/dust_seg/masks/Imgclean_525_0.png,train
Data/raw/dust_seg/images/Imgclean_526_0.jpg,Data/raw/dust_seg/masks/Imgclean_526_0.png,train
Data/raw/dust_seg/images/Imgclean_529_0.jpg,Data/raw/dust_seg/masks/Imgclean_529_0.png,train
Data/raw/dust_seg/images/Imgclean_531_0.jpg,Data/raw/dust_seg/masks/Imgclean_531_0.png,train
Data/raw/dust_seg/images/Imgclean_536_0.jpg,Data/raw/dust_seg/masks/Imgclean_536_0.png,train
Data/raw/dust_seg/images/Imgclean_541_0.jpg,Data/raw/dust_seg/masks/Imgclean_541_0.png,train
Data/raw/dust_seg/images/Imgclean_547_0.jpg,Data/raw/dust_seg/masks/Imgclean_547_0.png,train
Data/raw/dust_seg/images/Imgclean_54_0.jpg,Data/raw/dust_seg/masks/Imgclean_54_0.png,train
Data/raw/dust_seg/images/Imgclean_553_0.jpg,Data/raw/dust_seg/masks/Imgclean_553_0.png,test
Data/raw/dust_seg/images/Imgclean_554_0.jpg,Data/raw/dust_seg/masks/Imgclean_554_0.png,train
Data/raw/dust_seg/images/Imgclean_555_0.jpg,Data/raw/dust_seg/masks/Imgclean_555_0.png,train
Data/raw/dust_seg/images/Imgclean_56_0.jpg,Data/raw/dust_seg/masks/Imgclean_56_0.png,train
Data/raw/dust_seg/images/Imgclean_575_0.jpg,Data/raw/dust_seg/masks/Imgclean_575_0.png,train
Data/raw/dust_seg/images/Imgclean_579_0.jpg,Data/raw/dust_seg/masks/Imgclean_579_0.png,train
Data/raw/dust_seg/images/Imgclean_582_0.jpg,Data/raw/dust_seg/masks/Imgclean_582_0.png,val
Data/raw/dust_seg/images/Imgclean_584_0.jpg,Data/raw/dust_seg/masks/Imgclean_584_0.png,train
Data/raw/dust_seg/images/Imgclean_586_0.jpg,Data/raw/dust_seg/masks/Imgclean_586_0.png,train
Data/raw/dust_seg/images/Imgclean_587_0.jpg,Data/raw/dust_seg/masks/Imgclean_587_0.png,train
Data/raw/dust_seg/images/Imgclean_58_0.jpg,Data/raw/dust_seg/masks/Imgclean_58_0.png,train
Data/raw/dust_seg/images/Imgclean_590_0.jpg,Data/raw/dust_seg/masks/Imgclean_590_0.png,train
Data/raw/dust_seg/images/Imgclean_593_0.jpg,Data/raw/dust_seg/masks/Imgclean_593_0.png,train
Data/raw/dust_seg/images/Imgclean_595_0.jpg,Data/raw/dust_seg/masks/Imgclean_595_0.png,train
Data/raw/dust_seg/images/Imgclean_599_0.jpg,Data/raw/dust_seg/masks/Imgclean_599_0.png,train
Data/raw/dust_seg/images/Imgclean_5_0.jpg,Data/raw/dust_seg/masks/Imgclean_5_0.png,train
Data/raw/dust_seg/images/Imgclean_605_0.jpg,Data/raw/dust_seg/masks/Imgclean_605_0.png,test
Data/raw/dust_seg/images/Imgclean_608_0.jpg,Data/raw/dust_seg/masks/Imgclean_608_0.png,train
Data/raw/dust_seg/images/Imgclean_609_0.jpg,Data/raw/dust_seg/masks/Imgclean_609_0.png,train
Data/raw/dust_seg/images/Imgclean_60_0.jpg,Data/raw/dust_seg/masks/Imgclean_60_0.png,train
Data/raw/dust_seg/images/Imgclean_610_0.jpg,Data/raw/dust_seg/masks/Imgclean_610_0.png,train
Data/raw/dust_seg/images/Imgclean_611_0.jpg,Data/raw/dust_seg/masks/Imgclean_611_0.png,train
Data/raw/dust_seg/images/Imgclean_612_0.jpg,Data/raw/dust_seg/masks/Imgclean_612_0.png,train
Data/raw/dust_seg/images/Imgclean_613_0.jpg,Data/raw/dust_seg/masks/Imgclean_613_0.png,train
Data/raw/dust_seg/images/Imgclean_615_0.jpg,Data/raw/dust_seg/masks/Imgclean_615_0.png,train
Data/raw/dust_seg/images/Imgclean_616_0.jpg,Data/raw/dust_seg/masks/Imgclean_616_0.png,train
Data/raw/dust_seg/images/Imgclean_617_0.jpg,Data/raw/dust_seg/masks/Imgclean_617_0.png,train
Data/raw/dust_seg/images/Imgclean_623_0.jpg,Data/raw/dust_seg/masks/Imgclean_623_0.png,train
Data/raw/dust_seg/images/Imgclean_625_0.jpg,Data/raw/dust_seg/masks/Imgclean_625_0.png,test
Data/raw/dust_seg/images/Imgclean_631_0.jpg,Data/raw/dust_seg/masks/Imgclean_631_0.png,val
Data/raw/dust_seg/images/Imgclean_639_0.jpg,Data/raw/dust_seg/masks/Imgclean_639_0.png,train
Data/raw/dust_seg/images/Imgclean_643_0.jpg,Data/raw/dust_seg/masks/Imgclean_643_0.png,train
Data/raw/dust_seg/images/Imgclean_64_0.jpg,Data/raw/dust_seg/masks/Imgclean_64_0.png,train
Data/raw/dust_seg/images/Imgclean_657_0.jpg,Data/raw/dust_seg/masks/Imgclean_657_0.png,train
Data/raw/dust_seg/images/Imgclean_658_0.jpg,Data/raw/dust_seg/masks/Imgclean_658_0.png,train
Data/raw/dust_seg/images/Imgclean_65_0.jpg,Data/raw/dust_seg/masks/Imgclean_65_0.png,train
Data/raw/dust_seg/images/Imgclean_677_0.jpg,Data/raw/dust_seg/masks/Imgclean_677_0.png,train
Data/raw/dust_seg/images/Imgclean_678_0.jpg,Data/raw/dust_seg/masks/Imgclean_678_0.png,train
Data/raw/dust_seg/images/Imgclean_67_0.jpg,Data/raw/dust_seg/masks/Imgclean_67_0.png,test
Data/raw/dust_seg/images/Imgclean_682_0.jpg,Data/raw/dust_seg/masks/Imgclean_682_0.png,train
Data/raw/dust_seg/images/Imgclean_683_0.jpg,Data/raw/dust_seg/masks/Imgclean_683_0.png,train
Data/raw/dust_seg/images/Imgclean_685_0.jpg,Data/raw/dust_seg/masks/Imgclean_685_0.png,test
Data/raw/dust_seg/images/Imgclean_686_0.jpg,Data/raw/dust_seg/masks/Imgclean_686_0.png,val
Data/raw/dust_seg/images/Imgclean_687_0.jpg,Data/raw/dust_seg/masks/Imgclean_687_0.png,train
Data/raw/dust_seg/images/Imgclean_688_0.jpg,Data/raw/dust_seg/masks/Imgclean_688_0.png,train
Data/raw/dust_seg/images/Imgclean_68_0.jpg,Data/raw/dust_seg/masks/Imgclean_68_0.png,train
Data/raw/dust_seg/images/Imgclean_691_0.jpg,Data/raw/dust_seg/masks/Imgclean_691_0.png,train
Data/raw/dust_seg/images/Imgclean_692_0.jpg,Data/raw/dust_seg/masks/Imgclean_692_0.png,train
Data/raw/dust_seg/images/Imgclean_69_0.jpg,Data/raw/dust_seg/masks/Imgclean_69_0.png,train
Data/raw/dust_seg/images/Imgclean_6_0.jpg,Data/raw/dust_seg/masks/Imgclean_6_0.png,train
Data/raw/dust_seg/images/Imgclean_709_0.jpg,Data/raw/dust_seg/masks/Imgclean_709_0.png,train
Data/raw/dust_seg/images/Imgclean_70_0.jpg,Data/raw/dust_seg/masks/Imgclean_70_0.png,train
Data/raw/dust_seg/images/Imgclean_713_0.jpg,Data/raw/dust_seg/masks/Imgclean_713_0.png,train
Data/raw/dust_seg/images/Imgclean_71_0.jpg,Data/raw/dust_seg/masks/Imgclean_71_0.png,train
Data/raw/dust_seg/images/Imgclean_726_0.jpg,Data/raw/dust_seg/masks/Imgclean_726_0.png,train
Data/raw/dust_seg/images/Imgclean_732_0.jpg,Data/raw/dust_seg/masks/Imgclean_732_0.png,train
Data/raw/dust_seg/images/Imgclean_735_0.jpg,Data/raw/dust_seg/masks/Imgclean_735_0.png,train
Data/raw/dust_seg/images/Imgclean_736_0.jpg,Data/raw/dust_seg/masks/Imgclean_736_0.png,train
Data/raw/dust_seg/images/Imgclean_737_0.jpg,Data/raw/dust_seg/masks/Imgclean_737_0.png,train
Data/raw/dust_seg/images/Imgclean_738_0.jpg,Data/raw/dust_seg/masks/Imgclean_738_0.png,train
Data/raw/dust_seg/images/Imgclean_740_0.jpg,Data/raw/dust_seg/masks/Imgclean_740_0.png,train
Data/raw/dust_seg/images/Imgclean_744_0.jpg,Data/raw/dust_seg/masks/Imgclean_744_0.png,train
Data/raw/dust_seg/images/Imgclean_747_0.jpg,Data/raw/dust_seg/masks/Imgclean_747_0.png,train
Data/raw/dust_seg/images/Imgclean_748_0.jpg,Data/raw/dust_seg/masks/Imgclean_748_0.png,val
Data/raw/dust_seg/images/Imgclean_749_0.jpg,Data/raw/dust_seg/masks/Imgclean_749_0.png,val
Data/raw/dust_seg/images/Imgclean_74_0.jpg,Data/raw/dust_seg/masks/Imgclean_74_0.png,train
Data/raw/dust_seg/images/Imgclean_750_0.jpg,Data/raw/dust_seg/masks/Imgclean_750_0.png,train
Data/raw/dust_seg/images/Imgclean_754_0.jpg,Data/raw/dust_seg/masks/Imgclean_754_0.png,test
Data/raw/dust_seg/images/Imgclean_758_0.jpg,Data/raw/dust_seg/masks/Imgclean_758_0.png,train
Data/raw/dust_seg/images/Imgclean_760_0.jpg,Data/raw/dust_seg/masks/Imgclean_760_0.png,train
Data/raw/dust_seg/images/Imgclean_761_0.jpg,Data/raw/dust_seg/masks/Imgclean_761_0.png,train
Data/raw/dust_seg/images/Imgclean_768_0.jpg,Data/raw/dust_seg/masks/Imgclean_768_0.png,val
Data/raw/dust_seg/images/Imgclean_76_0.jpg,Data/raw/dust_seg/masks/Imgclean_76_0.png,train
Data/raw/dust_seg/images/Imgclean_770_0.jpg,Data/raw/dust_seg/masks/Imgclean_770_0.png,test
Data/raw/dust_seg/images/Imgclean_771_0.jpg,Data/raw/dust_seg/masks/Imgclean_771_0.png,train
Data/raw/dust_seg/images/Imgclean_775_0.jpg,Data/raw/dust_seg/masks/Imgclean_775_0.png,test
Data/raw/dust_seg/images/Imgclean_776_0.jpg,Data/raw/dust_seg/masks/Imgclean_776_0.png,train
Data/raw/dust_seg/images/Imgclean_777_0.jpg,Data/raw/dust_seg/masks/Imgclean_777_0.png,train
Data/raw/dust_seg/images/Imgclean_778_0.jpg,Data/raw/dust_seg/masks/Imgclean_778_0.png,train
Data/raw/dust_seg/images/Imgclean_781_0.jpg,Data/raw/dust_seg/masks/Imgclean_781_0.png,train
Data/raw/dust_seg/images/Imgclean_782_0.jpg,Data/raw/dust_seg/masks/Imgclean_782_0.png,train
Data/raw/dust_seg/images/Imgclean_784_0.jpg,Data/raw/dust_seg/masks/Imgclean_784_0.png,test
Data/raw/dust_seg/images/Imgclean_789_0.jpg,Data/raw/dust_seg/masks/Imgclean_789_0.png,train
Data/raw/dust_seg/images/Imgclean_790_0.jpg,Data/raw/dust_seg/masks/Imgclean_790_0.png,train
Data/raw/dust_seg/images/Imgclean_792_0.jpg,Data/raw/dust_seg/masks/Imgclean_792_0.png,train
Data/raw/dust_seg/images/Imgclean_794_0.jpg,Data/raw/dust_seg/masks/Imgclean_794_0.png,train
Data/raw/dust_seg/images/Imgclean_795_0.jpg,Data/raw/dust_seg/masks/Imgclean_795_0.png,val
Data/raw/dust_seg/images/Imgclean_801_0.jpg,Data/raw/dust_seg/masks/Imgclean_801_0.png,train
Data/raw/dust_seg/images/Imgclean_804_0.jpg,Data/raw/dust_seg/masks/Imgclean_804_0.png,train
Data/raw/dust_seg/images/Imgclean_806_0.jpg,Data/raw/dust_seg/masks/Imgclean_806_0.png,train
Data/raw/dust_seg/images/Imgclean_807_0.jpg,Data/raw/dust_seg/masks/Imgclean_807_0.png,train
Data/raw/dust_seg/images/Imgclean_810_0.jpg,Data/raw/dust_seg/masks/Imgclean_810_0.png,train
Data/raw/dust_seg/images/Imgclean_817_0.jpg,Data/raw/dust_seg/masks/Imgclean_817_0.png,train
Data/raw/dust_seg/images/Imgclean_818_0.jpg,Data/raw/dust_seg/masks/Imgclean_818_0.png,train
Data/raw/dust_seg/images/Imgclean_820_0.jpg,Data/raw/dust_seg/masks/Imgclean_820_0.png,train
Data/raw/dust_seg/images/Imgclean_822_0.jpg,Data/raw/dust_seg/masks/Imgclean_822_0.png,train
Data/raw/dust_seg/images/Imgclean_827_0.jpg,Data/raw/dust_seg/masks/Imgclean_827_0.png,val
Data/raw/dust_seg/images/Imgclean_829_0.jpg,Data/raw/dust_seg/masks/Imgclean_829_0.png,train
Data/raw/dust_seg/images/Imgclean_830_0.jpg,Data/raw/dust_seg/masks/Imgclean_830_0.png,train
Data/raw/dust_seg/images/Imgclean_832_0.jpg,Data/raw/dust_seg/masks/Imgclean_832_0.png,train
Data/raw/dust_seg/images/Imgclean_834_0.jpg,Data/raw/dust_seg/masks/Imgclean_834_0.png,train
Data/raw/dust_seg/images/Imgclean_836_0.jpg,Data/raw/dust_seg/masks/Imgclean_836_0.png,test
Data/raw/dust_seg/images/Imgclean_837_0.jpg,Data/raw/dust_seg/masks/Imgclean_837_0.png,train
Data/raw/dust_seg/images/Imgclean_839_0.jpg,Data/raw/dust_seg/masks/Imgclean_839_0.png,val
Data/raw/dust_seg/images/Imgclean_841_0.jpg,Data/raw/dust_seg/masks/Imgclean_841_0.png,test
Data/raw/dust_seg/images/Imgclean_842_0.jpg,Data/raw/dust_seg/masks/Imgclean_842_0.png,train
Data/raw/dust_seg/images/Imgclean_843_0.jpg,Data/raw/dust_seg/masks/Imgclean_843_0.png,train
Data/raw/dust_seg/images/Imgclean_845_0.jpg,Data/raw/dust_seg/masks/Imgclean_845_0.png,train
Data/raw/dust_seg/images/Imgclean_846_0.jpg,Data/raw/dust_seg/masks/Imgclean_846_0.png,train
Data/raw/dust_seg/images/Imgclean_848_0.jpg,Data/raw/dust_seg/masks/Imgclean_848_0.png,train
Data/raw/dust_seg/images/Imgclean_849_0.jpg,Data/raw/dust_seg/masks/Imgclean_849_0.png,train
Data/raw/dust_seg/images/Imgclean_850_0.jpg,Data/raw/dust_seg/masks/Imgclean_850_0.png,train
Data/raw/dust_seg/images/Imgclean_851_0.jpg,Data/raw/dust_seg/masks/Imgclean_851_0.png,train
Data/raw/dust_seg/images/Imgclean_852_0.jpg,Data/raw/dust_seg/masks/Imgclean_852_0.png,train
Data/raw/dust_seg/images/Imgclean_855_0.jpg,Data/raw/dust_seg/masks/Imgclean_855_0.png,test
Data/raw/dust_seg/images/Imgclean_856_0.jpg,Data/raw/dust_seg/masks/Imgclean_856_0.png,train
Data/raw/dust_seg/images/Imgclean_857_0.jpg,Data/raw/dust_seg/masks/Imgclean_857_0.png,val
Data/raw/dust_seg/images/Imgclean_859_0.jpg,Data/raw/dust_seg/masks/Imgclean_859_0.png,train
Data/raw/dust_seg/images/Imgclean_862_0.jpg,Data/raw/dust_seg/masks/Imgclean_862_0.png,train
Data/raw/dust_seg/images/Imgclean_863_0.jpg,Data/raw/dust_seg/masks/Imgclean_863_0.png,val
Data/raw/dust_seg/images/Imgclean_865_0.jpg,Data/raw/dust_seg/masks/Imgclean_865_0.png,val
Data/raw/dust_seg/images/Imgclean_866_0.jpg,Data/raw/dust_seg/masks/Imgclean_866_0.png,train
Data/raw/dust_seg/images/Imgclean_868_0.jpg,Data/raw/dust_seg/masks/Imgclean_868_0.png,test
Data/raw/dust_seg/images/Imgclean_869_0.jpg,Data/raw/dust_seg/masks/Imgclean_869_0.png,train
Data/raw/dust_seg/images/Imgclean_870_0.jpg,Data/raw/dust_seg/masks/Imgclean_870_0.png,train
Data/raw/dust_seg/images/Imgclean_871_0.jpg,Data/raw/dust_seg/masks/Imgclean_871_0.png,train
Data/raw/dust_seg/images/Imgclean_872_0.jpg,Data/raw/dust_seg/masks/Imgclean_872_0.png,train
Data/raw/dust_seg/images/Imgclean_873_0.jpg,Data/raw/dust_seg/masks/Imgclean_873_0.png,train
Data/raw/dust_seg/images/Imgclean_874_0.jpg,Data/raw/dust_seg/masks/Imgclean_874_0.png,train
Data/raw/dust_seg/images/Imgclean_875_0.jpg,Data/raw/dust_seg/masks/Imgclean_875_0.png,train
Data/raw/dust_seg/images/Imgclean_878_0.jpg,Data/raw/dust_seg/masks/Imgclean_878_0.png,train
Data/raw/dust_seg/images/Imgclean_879_0.jpg,Data/raw/dust_seg/masks/Imgclean_879_0.png,train
Data/raw/dust_seg/images/Imgclean_880_0.jpg,Data/raw/dust_seg/masks/Imgclean_880_0.png,val
Data/raw/dust_seg/images/Imgclean_881_0.jpg,Data/raw/dust_seg/masks/Imgclean_881_0.png,train
Data/raw/dust_seg/images/Imgclean_882_0.jpg,Data/raw/dust_seg/masks/Imgclean_882_0.png,val
Data/raw/dust_seg/images/Imgclean_883_0.jpg,Data/raw/dust_seg/masks/Imgclean_883_0.png,train
Data/raw/dust_seg/images/Imgclean_884_0.jpg,Data/raw/dust_seg/masks/Imgclean_884_0.png,train
Data/raw/dust_seg/images/Imgclean_885_0.jpg,Data/raw/dust_seg/masks/Imgclean_885_0.png,train
Data/raw/dust_seg/images/Imgclean_886_0.jpg,Data/raw/dust_seg/masks/Imgclean_886_0.png,train
Data/raw/dust_seg/images/Imgclean_889_0.jpg,Data/raw/dust_seg/masks/Imgclean_889_0.png,train
Data/raw/dust_seg/images/Imgclean_88_0.jpg,Data/raw/dust_seg/masks/Imgclean_88_0.png,test
Data/raw/dust_seg/images/Imgclean_892_0.jpg,Data/raw/dust_seg/masks/Imgclean_892_0.png,train
Data/raw/dust_seg/images/Imgclean_893_0.jpg,Data/raw/dust_seg/masks/Imgclean_893_0.png,train
Data/raw/dust_seg/images/Imgclean_895_0.jpg,Data/raw/dust_seg/masks/Imgclean_895_0.png,val
Data/raw/dust_seg/images/Imgclean_896_0.jpg,Data/raw/dust_seg/masks/Imgclean_896_0.png,train
Data/raw/dust_seg/images/Imgclean_898_0.jpg,Data/raw/dust_seg/masks/Imgclean_898_0.png,train
Data/raw/dust_seg/images/Imgclean_899_0.jpg,Data/raw/dust_seg/masks/Imgclean_899_0.png,train
Data/raw/dust_seg/images/Imgclean_900_0.jpg,Data/raw/dust_seg/masks/Imgclean_900_0.png,train
Data/raw/dust_seg/images/Imgclean_901_0.jpg,Data/raw/dust_seg/masks/Imgclean_901_0.png,train
Data/raw/dust_seg/images/Imgclean_90_0.jpg,Data/raw/dust_seg/masks/Imgclean_90_0.png,val
Data/raw/dust_seg/images/Imgclean_910_0.jpg,Data/raw/dust_seg/masks/Imgclean_910_0.png,train
Data/raw/dust_seg/images/Imgclean_913_0.jpg,Data/raw/dust_seg/masks/Imgclean_913_0.png,train
Data/raw/dust_seg/images/Imgclean_914_0.jpg,Data/raw/dust_seg/masks/Imgclean_914_0.png,train
Data/raw/dust_seg/images/Imgclean_915_0.jpg,Data/raw/dust_seg/masks/Imgclean_915_0.png,train
Data/raw/dust_seg/images/Imgclean_918_0.jpg,Data/raw/dust_seg/masks/Imgclean_918_0.png,test
Data/raw/dust_seg/images/Imgclean_922_0.jpg,Data/raw/dust_seg/masks/Imgclean_922_0.png,train
Data/raw/dust_seg/images/Imgclean_924_0.jpg,Data/raw/dust_seg/masks/Imgclean_924_0.png,train
Data/raw/dust_seg/images/Imgclean_925_0.jpg,Data/raw/dust_seg/masks/Imgclean_925_0.png,train
Data/raw/dust_seg/images/Imgclean_926_0.jpg,Data/raw/dust_seg/masks/Imgclean_926_0.png,train
Data/raw/dust_seg/images/Imgclean_929_0.jpg,Data/raw/dust_seg/masks/Imgclean_929_0.png,train
Data/raw/dust_seg/images/Imgclean_92_0.jpg,Data/raw/dust_seg/masks/Imgclean_92_0.png,train
Data/raw/dust_seg/images/Imgclean_930_0.jpg,Data/raw/dust_seg/masks/Imgclean_930_0.png,test
Data/raw/dust_seg/images/Imgclean_932_0.jpg,Data/raw/dust_seg/masks/Imgclean_932_0.png,train
Data/raw/dust_seg/images/Imgclean_933_0.jpg,Data/raw/dust_seg/masks/Imgclean_933_0.png,val
Data/raw/dust_seg/images/Imgclean_935_0.jpg,Data/raw/dust_seg/masks/Imgclean_935_0.png,test
Data/raw/dust_seg/images/Imgclean_936_0.jpg,Data/raw/dust_seg/masks/Imgclean_936_0.png,train
Data/raw/dust_seg/images/Imgclean_938_0.jpg,Data/raw/dust_seg/masks/Imgclean_938_0.png,train
Data/raw/dust_seg/images/Imgclean_93_0.jpg,Data/raw/dust_seg/masks/Imgclean_93_0.png,train
Data/raw/dust_seg/images/Imgclean_940_0.jpg,Data/raw/dust_seg/masks/Imgclean_940_0.png,train
Data/raw/dust_seg/images/Imgclean_941_0.jpg,Data/raw/dust_seg/masks/Imgclean_941_0.png,train
Data/raw/dust_seg/images/Imgclean_942_0.jpg,Data/raw/dust_seg/masks/Imgclean_942_0.png,test
Data/raw/dust_seg/images/Imgclean_943_0.jpg,Data/raw/dust_seg/masks/Imgclean_943_0.png,test
Data/raw/dust_seg/images/Imgclean_945_0.jpg,Data/raw/dust_seg/masks/Imgclean_945_0.png,train
Data/raw/dust_seg/images/Imgclean_960_0.jpg,Data/raw/dust_seg/masks/Imgclean_960_0.png,train
Data/raw/dust_seg/images/Imgclean_964_0.jpg,Data/raw/dust_seg/masks/Imgclean_964_0.png,train
Data/raw/dust_seg/images/Imgclean_966_0.jpg,Data/raw/dust_seg/masks/Imgclean_966_0.png,train
Data/raw/dust_seg/images/Imgclean_967_0.jpg,Data/raw/dust_seg/masks/Imgclean_967_0.png,train
Data/raw/dust_seg/images/Imgclean_972_0.jpg,Data/raw/dust_seg/masks/Imgclean_972_0.png,train
Data/raw/dust_seg/images/Imgclean_973_0.jpg,Data/raw/dust_seg/masks/Imgclean_973_0.png,train
Data/raw/dust_seg/images/Imgclean_974_0.jpg,Data/raw/dust_seg/masks/Imgclean_974_0.png,train
Data/raw/dust_seg/images/Imgclean_975_0.jpg,Data/raw/dust_seg/masks/Imgclean_975_0.png,train
Data/raw/dust_seg/images/Imgclean_976_0.jpg,Data/raw/dust_seg/masks/Imgclean_976_0.png,train
Data/raw/dust_seg/images/Imgclean_977_0.jpg,Data/raw/dust_seg/masks/Imgclean_977_0.png,train
Data/raw/dust_seg/images/Imgclean_978_0.jpg,Data/raw/dust_seg/masks/Imgclean_978_0.png,val
Data/raw/dust_seg/images/Imgclean_979_0.jpg,Data/raw/dust_seg/masks/Imgclean_979_0.png,train
Data/raw/dust_seg/images/Imgclean_981_0.jpg,Data/raw/dust_seg/masks/Imgclean_981_0.png,train
Data/raw/dust_seg/images/Imgclean_983_0.jpg,Data/raw/dust_seg/masks/Imgclean_983_0.png,train
Data/raw/dust_seg/images/Imgclean_988_0.jpg,Data/raw/dust_seg/masks/Imgclean_988_0.png,train
Data/raw/dust_seg/images/Imgclean_98_0.jpg,Data/raw/dust_seg/masks/Imgclean_98_0.png,train
Data/raw/dust_seg/images/Imgclean_993_0.jpg,Data/raw/dust_seg/masks/Imgclean_993_0.png,train
Data/raw/dust_seg/images/Imgclean_994_0.jpg,Data/raw/dust_seg/masks/Imgclean_994_0.png,train
Data/raw/dust_seg/images/Imgclean_997_0.jpg,Data/raw/dust_seg/masks/Imgclean_997_0.png,test
Data/raw/dust_seg/images/Imgclean_998_0.jpg,Data/raw/dust_seg/masks/Imgclean_998_0.png,train
Data/raw/dust_seg/images/Imgclean_9_0.jpg,Data/raw/dust_seg/masks/Imgclean_9_0.png,train
Data/raw/dust_seg/images/Imgdirty_0_1.jpg,Data/raw/dust_seg/masks/Imgdirty_0_1.png,train
Data/raw/dust_seg/images/Imgdirty_1000_1.jpg,Data/raw/dust_seg/masks/Imgdirty_1000_1.png,train
Data/raw/dust_seg/images/Imgdirty_1001_1.jpg,Data/raw/dust_seg/masks/Imgdirty_1001_1.png,val
Data/raw/dust_seg/images/Imgdirty_1004_1.jpg,Data/raw/dust_seg/masks/Imgdirty_1004_1.png,test
Data/raw/dust_seg/images/Imgdirty_1005_1.jpg,Data/raw/dust_seg/masks/Imgdirty_1005_1.png,train
Data/raw/dust_seg/images/Imgdirty_1006_1.jpg,Data/raw/dust_seg/masks/Imgdirty_1006_1.png,train
Data/raw/dust_seg/images/Imgdirty_1007_1.jpg,Data/raw/dust_seg/masks/Imgdirty_1007_1.png,test
Data/raw/dust_seg/images/Imgdirty_1008_1.jpg,Data/raw/dust_seg/masks/Imgdirty_1008_1.png,train
Data/raw/dust_seg/images/Imgdirty_1009_1.jpg,Data/raw/dust_seg/masks/Imgdirty_1009_1.png,train
Data/raw/dust_seg/images/Imgdirty_1010_1.jpg,Data/raw/dust_seg/masks/Imgdirty_1010_1.png,train
Data/raw/dust_seg/images/Imgdirty_1011_1.jpg,Data/raw/dust_seg/masks/Imgdirty_1011_1.png,train
Data/raw/dust_seg/images/Imgdirty_1012_1.jpg,Data/raw/dust_seg/masks/Imgdirty_1012_1.png,train
Data/raw/dust_seg/images/Imgdirty_1013_1.jpg,Data/raw/dust_seg/masks/Imgdirty_1013_1.png,train
Data/raw/dust_seg/images/Imgdirty_1014_1.jpg,Data/raw/dust_seg/masks/Imgdirty_1014_1.png,train
Data/raw/dust_seg/images/Imgdirty_1015_1.jpg,Data/raw/dust_seg/masks/Imgdirty_1015_1.png,train
Data/raw/dust_seg/images/Imgdirty_1016_1.jpg,Data/raw/dust_seg/masks/Imgdirty_1016_1.png,train
Data/raw/dust_seg/images/Imgdirty_1017_1.jpg,Data/raw/dust_seg/masks/Imgdirty_1017_1.png,train
Data/raw/dust_seg/images/Imgdirty_1018_1.jpg,Data/raw/dust_seg/masks/Imgdirty_1018_1.png,train
Data/raw/dust_seg/images/Imgdirty_1019_1.jpg,Data/raw/dust_seg/masks/Imgdirty_1019_1.png,train
Data/raw/dust_seg/images/Imgdirty_101_1.jpg,Data/raw/dust_seg/masks/Imgdirty_101_1.png,val
Data/raw/dust_seg/images/Imgdirty_1020_1.jpg,Data/raw/dust_seg/masks/Imgdirty_1020_1.png,train
Data/raw/dust_seg/images/Imgdirty_1021_1.jpg,Data/raw/dust_seg/masks/Imgdirty_1021_1.png,val
Data/raw/dust_seg/images/Imgdirty_1022_1.jpg,Data/raw/dust_seg/masks/Imgdirty_1022_1.png,train
Data/raw/dust_seg/images/Imgdirty_1023_1.jpg,Data/raw/dust_seg/masks/Imgdirty_1023_1.png,test
Data/raw/dust_seg/images/Imgdirty_1024_1.jpg,Data/raw/dust_seg/masks/Imgdirty_1024_1.png,train
Data/raw/dust_seg/images/Imgdirty_1025_1.jpg,Data/raw/dust_seg/masks/Imgdirty_1025_1.png,train
Data/raw/dust_seg/images/Imgdirty_1026_1.jpg,Data/raw/dust_seg/masks/Imgdirty_1026_1.png,train
Data/raw/dust_seg/images/Imgdirty_1027_1.jpg,Data/raw/dust_seg/masks/Imgdirty_1027_1.png,train
Data/raw/dust_seg/images/Imgdirty_1028_1.jpg,Data/raw/dust_seg/masks/Imgdirty_1028_1.png,train
Data/raw/dust_seg/images/Imgdirty_1029_1.jpg,Data/raw/dust_seg/masks/Imgdirty_1029_1.png,train
Data/raw/dust_seg/images/Imgdirty_102_1.jpg,Data/raw/dust_seg/masks/Imgdirty_102_1.png,train
Data/raw/dust_seg/images/Imgdirty_1030_1.jpg,Data/raw/dust_seg/masks/Imgdirty_1030_1.png,train
Data/raw/dust_seg/images/Imgdirty_1031_1.jpg,Data/raw/dust_seg/masks/Imgdirty_1031_1.png,train
Data/raw/dust_seg/images/Imgdirty_1032_1.jpg,Data/raw/dust_seg/masks/Imgdirty_1032_1.png,test
Data/raw/dust_seg/images/Imgdirty_1033_1.jpg,Data/raw/dust_seg/masks/Imgdirty_1033_1.png,train
Data/raw/dust_seg/images/Imgdirty_1034_1.jpg,Data/raw/dust_seg/masks/Imgdirty_1034_1.png,test
Data/raw/dust_seg/images/Imgdirty_1035_1.jpg,Data/raw/dust_seg/masks/Imgdirty_1035_1.png,train
Data/raw/dust_seg/images/Imgdirty_1036_1.jpg,Data/raw/dust_seg/masks/Imgdirty_1036_1.png,train
Data/raw/dust_seg/images/Imgdirty_1037_1.jpg,Data/raw/dust_seg/masks/Imgdirty_1037_1.png,val
Data/raw/dust_seg/images/Imgdirty_1038_1.jpg,Data/raw/dust_seg/masks/Imgdirty_1038_1.png,train
Data/raw/dust_seg/images/Imgdirty_1040_1.jpg,Data/raw/dust_seg/masks/Imgdirty_1040_1.png,test
Data/raw/dust_seg/images/Imgdirty_1041_1.jpg,Data/raw/dust_seg/masks/Imgdirty_1041_1.png,train
Data/raw/dust_seg/images/Imgdirty_1043_1.jpg,Data/raw/dust_seg/masks/Imgdirty_1043_1.png,train
Data/raw/dust_seg/images/Imgdirty_1044_1.jpg,Data/raw/dust_seg/masks/Imgdirty_1044_1.png,train
Data/raw/dust_seg/images/Imgdirty_1045_1.jpg,Data/raw/dust_seg/masks/Imgdirty_1045_1.png,test
Data/raw/dust_seg/images/Imgdirty_1046_1.jpg,Data/raw/dust_seg/masks/Imgdirty_1046_1.png,val
Data/raw/dust_seg/images/Imgdirty_1047_1.jpg,Data/raw/dust_seg/masks/Imgdirty_1047_1.png,train
Data/raw/dust_seg/images/Imgdirty_1048_1.jpg,Data/raw/dust_seg/masks/Imgdirty_1048_1.png,train
Data/raw/dust_seg/images/Imgdirty_1049_1.jpg,Data/raw/dust_seg/masks/Imgdirty_1049_1.png,train
Data/raw/dust_seg/images/Imgdirty_1050_1.jpg,Data/raw/dust_seg/masks/Imgdirty_1050_1.png,test
Data/raw/dust_seg/images/Imgdirty_1051_1.jpg,Data/raw/dust_seg/masks/Imgdirty_1051_1.png,train
Data/raw/dust_seg/images/Imgdirty_1052_1.jpg,Data/raw/dust_seg/masks/Imgdirty_1052_1.png,train
Data/raw/dust_seg/images/Imgdirty_1053_1.jpg,Data/raw/dust_seg/masks/Imgdirty_1053_1.png,train
Data/raw/dust_seg/images/Imgdirty_1054_1.jpg,Data/raw/dust_seg/masks/Imgdirty_1054_1.png,train
Data/raw/dust_seg/images/Imgdirty_1055_1.jpg,Data/raw/dust_seg/masks/Imgdirty_1055_1.png,train
Data/raw/dust_seg/images/Imgdirty_1056_1.jpg,Data/raw/dust_seg/masks/Imgdirty_1056_1.png,train
Data/raw/dust_seg/images/Imgdirty_1057_1.jpg,Data/raw/dust_seg/masks/Imgdirty_1057_1.png,test
Data/raw/dust_seg/images/Imgdirty_1058_1.jpg,Data/raw/dust_seg/masks/Imgdirty_1058_1.png,val
Data/raw/dust_seg/images/Imgdirty_1059_1.jpg,Data/raw/dust_seg/masks/Imgdirty_1059_1.png,val
Data/raw/dust_seg/images/Imgdirty_105_1.jpg,Data/raw/dust_seg/masks/Imgdirty_105_1.png,train
Data/raw/dust_seg/images/Imgdirty_1060_1.jpg,Data/raw/dust_seg/masks/Imgdirty_1060_1.png,test
Data/raw/dust_seg/images/Imgdirty_1061_1.jpg,Data/raw/dust_seg/masks/Imgdirty_1061_1.png,test
Data/raw/dust_seg/images/Imgdirty_1062_1.jpg,Data/raw/dust_seg/masks/Imgdirty_1062_1.png,train
Data/raw/dust_seg/images/Imgdirty_1063_1.jpg,Data/raw/dust_seg/masks/Imgdirty_1063_1.png,train
Data/raw/dust_seg/images/Imgdirty_1064_1.jpg,Data/raw/dust_seg/masks/Imgdirty_1064_1.png,train
Data/raw/dust_seg/images/Imgdirty_1065_1.jpg,Data/raw/dust_seg/masks/Imgdirty_1065_1.png,val
Data/raw/dust_seg/images/Imgdirty_1066_1.jpg,Data/raw/dust_seg/masks/Imgdirty_1066_1.png,train
Data/raw/dust_seg/images/Imgdirty_1067_1.jpg,Data/raw/dust_seg/masks/Imgdirty_1067_1.png,train
Data/raw/dust_seg/images/Imgdirty_1068_1.jpg,Data/raw/dust_seg/masks/Imgdirty_1068_1.png,train
Data/raw/dust_seg/images/Imgdirty_106_1.jpg,Data/raw/dust_seg/masks/Imgdirty_106_1.png,val
Data/raw/dust_seg/images/Imgdirty_108_1.jpg,Data/raw/dust_seg/masks/Imgdirty_108_1.png,train
Data/raw/dust_seg/images/Imgdirty_109_1.jpg,Data/raw/dust_seg/masks/Imgdirty_109_1.png,test
Data/raw/dust_seg/images/Imgdirty_10_1.jpg,Data/raw/dust_seg/masks/Imgdirty_10_1.png,train
Data/raw/dust_seg/images/Imgdirty_111_1.jpg,Data/raw/dust_seg/masks/Imgdirty_111_1.png,train
Data/raw/dust_seg/images/Imgdirty_112_1.jpg,Data/raw/dust_seg/masks/Imgdirty_112_1.png,train
Data/raw/dust_seg/images/Imgdirty_114_1.jpg,Data/raw/dust_seg/masks/Imgdirty_114_1.png,train
Data/raw/dust_seg/images/Imgdirty_116_1.jpg,Data/raw/dust_seg/masks/Imgdirty_116_1.png,train
Data/raw/dust_seg/images/Imgdirty_117_1.jpg,Data/raw/dust_seg/masks/Imgdirty_117_1.png,train
Data/raw/dust_seg/images/Imgdirty_118_1.jpg,Data/raw/dust_seg/masks/Imgdirty_118_1.png,train
Data/raw/dust_seg/images/Imgdirty_119_1.jpg,Data/raw/dust_seg/masks/Imgdirty_119_1.png,val
Data/raw/dust_seg/images/Imgdirty_11_1.jpg,Data/raw/dust_seg/masks/Imgdirty_11_1.png,train
Data/raw/dust_seg/images/Imgdirty_120_1.jpg,Data/raw/dust_seg/masks/Imgdirty_120_1.png,train
Data/raw/dust_seg/images/Imgdirty_123_1.jpg,Data/raw/dust_seg/masks/Imgdirty_123_1.png,train
Data/raw/dust_seg/images/Imgdirty_124_1.jpg,Data/raw/dust_seg/masks/Imgdirty_124_1.png,train
Data/raw/dust_seg/images/Imgdirty_125_1.jpg,Data/raw/dust_seg/masks/Imgdirty_125_1.png,train
Data/raw/dust_seg/images/Imgdirty_127_1.jpg,Data/raw/dust_seg/masks/Imgdirty_127_1.png,train
Data/raw/dust_seg/images/Imgdirty_12_1.jpg,Data/raw/dust_seg/masks/Imgdirty_12_1.png,train
Data/raw/dust_seg/images/Imgdirty_130_1.jpg,Data/raw/dust_seg/masks/Imgdirty_130_1.png,train
Data/raw/dust_seg/images/Imgdirty_131_1.jpg,Data/raw/dust_seg/masks/Imgdirty_131_1.png,train
Data/raw/dust_seg/images/Imgdirty_132_1.jpg,Data/raw/dust_seg/masks/Imgdirty_132_1.png,train
Data/raw/dust_seg/images/Imgdirty_134_1.jpg,Data/raw/dust_seg/masks/Imgdirty_134_1.png,train
Data/raw/dust_seg/images/Imgdirty_136_1.jpg,Data/raw/dust_seg/masks/Imgdirty_136_1.png,train
Data/raw/dust_seg/images/Imgdirty_137_1.jpg,Data/raw/dust_seg/masks/Imgdirty_137_1.png,train
Data/raw/dust_seg/images/Imgdirty_138_1.jpg,Data/raw/dust_seg/masks/Imgdirty_138_1.png,train
Data/raw/dust_seg/images/Imgdirty_139_1.jpg,Data/raw/dust_seg/masks/Imgdirty_139_1.png,train
Data/raw/dust_seg/images/Imgdirty_13_1.jpg,Data/raw/dust_seg/masks/Imgdirty_13_1.png,val
Data/raw/dust_seg/images/Imgdirty_140_1.jpg,Data/raw/dust_seg/masks/Imgdirty_140_1.png,train
Data/raw/dust_seg/images/Imgdirty_141_1.jpg,Data/raw/dust_seg/masks/Imgdirty_141_1.png,train
Data/raw/dust_seg/images/Imgdirty_142_1.jpg,Data/raw/dust_seg/masks/Imgdirty_142_1.png,test
Data/raw/dust_seg/images/Imgdirty_143_1.jpg,Data/raw/dust_seg/masks/Imgdirty_143_1.png,train
Data/raw/dust_seg/images/Imgdirty_144_1.jpg,Data/raw/dust_seg/masks/Imgdirty_144_1.png,val
Data/raw/dust_seg/images/Imgdirty_146_1.jpg,Data/raw/dust_seg/masks/Imgdirty_146_1.png,train
Data/raw/dust_seg/images/Imgdirty_148_1.jpg,Data/raw/dust_seg/masks/Imgdirty_148_1.png,train
Data/raw/dust_seg/images/Imgdirty_149_1.jpg,Data/raw/dust_seg/masks/Imgdirty_149_1.png,train
Data/raw/dust_seg/images/Imgdirty_14_1.jpg,Data/raw/dust_seg/masks/Imgdirty_14_1.png,train
Data/raw/dust_seg/images/Imgdirty_150_1.jpg,Data/raw/dust_seg/masks/Imgdirty_150_1.png,train
Data/raw/dust_seg/images/Imgdirty_152_1.jpg,Data/raw/dust_seg/masks/Imgdirty_152_1.png,train
Data/raw/dust_seg/images/Imgdirty_153_1.jpg,Data/raw/dust_seg/masks/Imgdirty_153_1.png,train
Data/raw/dust_seg/images/Imgdirty_154_1.jpg,Data/raw/dust_seg/masks/Imgdirty_154_1.png,test
Data/raw/dust_seg/images/Imgdirty_155_1.jpg,Data/raw/dust_seg/masks/Imgdirty_155_1.png,val
Data/raw/dust_seg/images/Imgdirty_156_1.jpg,Data/raw/dust_seg/masks/Imgdirty_156_1.png,train
Data/raw/dust_seg/images/Imgdirty_157_1.jpg,Data/raw/dust_seg/masks/Imgdirty_157_1.png,train
Data/raw/dust_seg/images/Imgdirty_158_1.jpg,Data/raw/dust_seg/masks/Imgdirty_158_1.png,train
Data/raw/dust_seg/images/Imgdirty_159_1.jpg,Data/raw/dust_seg/masks/Imgdirty_159_1.png,train
Data/raw/dust_seg/images/Imgdirty_15_1.jpg,Data/raw/dust_seg/masks/Imgdirty_15_1.png,train
Data/raw/dust_seg/images/Imgdirty_160_1.jpg,Data/raw/dust_seg/masks/Imgdirty_160_1.png,train
Data/raw/dust_seg/images/Imgdirty_162_1.jpg,Data/raw/dust_seg/masks/Imgdirty_162_1.png,test
Data/raw/dust_seg/images/Imgdirty_163_1.jpg,Data/raw/dust_seg/masks/Imgdirty_163_1.png,train
Data/raw/dust_seg/images/Imgdirty_164_1.jpg,Data/raw/dust_seg/masks/Imgdirty_164_1.png,train
Data/raw/dust_seg/images/Imgdirty_165_1.jpg,Data/raw/dust_seg/masks/Imgdirty_165_1.png,train
Data/raw/dust_seg/images/Imgdirty_167_1.jpg,Data/raw/dust_seg/masks/Imgdirty_167_1.png,val
Data/raw/dust_seg/images/Imgdirty_168_1.jpg,Data/raw/dust_seg/masks/Imgdirty_168_1.png,val
Data/raw/dust_seg/images/Imgdirty_169_1.jpg,Data/raw/dust_seg/masks/Imgdirty_169_1.png,train
Data/raw/dust_seg/images/Imgdirty_16_1.jpg,Data/raw/dust_seg/masks/Imgdirty_16_1.png,train
Data/raw/dust_seg/images/Imgdirty_170_1.jpg,Data/raw/dust_seg/masks/Imgdirty_170_1.png,train
Data/raw/dust_seg/images/Imgdirty_172_1.jpg,Data/raw/dust_seg/masks/Imgdirty_172_1.png,train
Data/raw/dust_seg/images/Imgdirty_174_1.jpg,Data/raw/dust_seg/masks/Imgdirty_174_1.png,train
Data/raw/dust_seg/images/Imgdirty_175_1.jpg,Data/raw/dust_seg/masks/Imgdirty_175_1.png,train
Data/raw/dust_seg/images/Imgdirty_176_1.jpg,Data/raw/dust_seg/masks/Imgdirty_176_1.png,test
Data/raw/dust_seg/images/Imgdirty_178_1.jpg,Data/raw/dust_seg/masks/Imgdirty_178_1.png,train
Data/raw/dust_seg/images/Imgdirty_17_1.jpg,Data/raw/dust_seg/masks/Imgdirty_17_1.png,train
Data/raw/dust_seg/images/Imgdirty_180_1.jpg,Data/raw/dust_seg/masks/Imgdirty_180_1.png,train
Data/raw/dust_seg/images/Imgdirty_181_1.jpg,Data/raw/dust_seg/masks/Imgdirty_181_1.png,train
Data/raw/dust_seg/images/Imgdirty_182_1.jpg,Data/raw/dust_seg/masks/Imgdirty_182_1.png,train
Data/raw/dust_seg/images/Imgdirty_183_1.jpg,Data/raw/dust_seg/masks/Imgdirty_183_1.png,train
Data/raw/dust_seg/images/Imgdirty_185_1.jpg,Data/raw/dust_seg/masks/Imgdirty_185_1.png,train
Data/raw/dust_seg/images/Imgdirty_186_1.jpg,Data/raw/dust_seg/masks/Imgdirty_186_1.png,test
Data/raw/dust_seg/images/Imgdirty_187_1.jpg,Data/raw/dust_seg/masks/Imgdirty_187_1.png,train
Data/raw/dust_seg/images/Imgdirty_188_1.jpg,Data/raw/dust_seg/masks/Imgdirty_188_1.png,train
Data/raw/dust_seg/images/Imgdirty_189_1.jpg,Data/raw/dust_seg/masks/Imgdirty_189_1.png,train
Data/raw/dust_seg/images/Imgdirty_18_1.jpg,Data/raw/dust_seg/masks/Imgdirty_18_1.png,test
Data/raw/dust_seg/images/Imgdirty_190_1.jpg,Data/raw/dust_seg/masks/Imgdirty_190_1.png,train
Data/raw/dust_seg/images/Imgdirty_191_1.jpg,Data/raw/dust_seg/masks/Imgdirty_191_1.png,train
Data/raw/dust_seg/images/Imgdirty_192_1.jpg,Data/raw/dust_seg/masks/Imgdirty_192_1.png,test
Data/raw/dust_seg/images/Imgdirty_193_1.jpg,Data/raw/dust_seg/masks/Imgdirty_193_1.png,train
Data/raw/dust_seg/images/Imgdirty_194_1.jpg,Data/raw/dust_seg/masks/Imgdirty_194_1.png,train
Data/raw/dust_seg/images/Imgdirty_195_1.jpg,Data/raw/dust_seg/masks/Imgdirty_195_1.png,train
Data/raw/dust_seg/images/Imgdirty_196_1.jpg,Data/raw/dust_seg/masks/Imgdirty_196_1.png,train
Data/raw/dust_seg/images/Imgdirty_197_1.jpg,Data/raw/dust_seg/masks/Imgdirty_197_1.png,val
Data/raw/dust_seg/images/Imgdirty_198_1.jpg,Data/raw/dust_seg/masks/Imgdirty_198_1.png,train
Data/raw/dust_seg/images/Imgdirty_199_1.jpg,Data/raw/dust_seg/masks/Imgdirty_199_1.png,train
Data/raw/dust_seg/images/Imgdirty_19_1.jpg,Data/raw/dust_seg/masks/Imgdirty_19_1.png,train
Data/raw/dust_seg/images/Imgdirty_1_1.jpg,Data/raw/dust_seg/masks/Imgdirty_1_1.png,val
Data/raw/dust_seg/images/Imgdirty_200_1.jpg,Data/raw/dust_seg/masks/Imgdirty_200_1.png,train
Data/raw/dust_seg/images/Imgdirty_201_1.jpg,Data/raw/dust_seg/masks/Imgdirty_201_1.png,train
Data/raw/dust_seg/images/Imgdirty_202_1.jpg,Data/raw/dust_seg/masks/Imgdirty_202_1.png,train
Data/raw/dust_seg/images/Imgdirty_203_1.jpg,Data/raw/dust_seg/masks/Imgdirty_203_1.png,train
Data/raw/dust_seg/images/Imgdirty_204_1.jpg,Data/raw/dust_seg/masks/Imgdirty_204_1.png,train
Data/raw/dust_seg/images/Imgdirty_205_1.jpg,Data/raw/dust_seg/masks/Imgdirty_205_1.png,train
Data/raw/dust_seg/images/Imgdirty_206_1.jpg,Data/raw/dust_seg/masks/Imgdirty_206_1.png,train
Data/raw/dust_seg/images/Imgdirty_207_1.jpg,Data/raw/dust_seg/masks/Imgdirty_207_1.png,train
Data/raw/dust_seg/images/Imgdirty_208_1.jpg,Data/raw/dust_seg/masks/Imgdirty_208_1.png,test
Data/raw/dust_seg/images/Imgdirty_20_1.jpg,Data/raw/dust_seg/masks/Imgdirty_20_1.png,val
Data/raw/dust_seg/images/Imgdirty_210_1.jpg,Data/raw/dust_seg/masks/Imgdirty_210_1.png,val
Data/raw/dust_seg/images/Imgdirty_212_1.jpg,Data/raw/dust_seg/masks/Imgdirty_212_1.png,test
Data/raw/dust_seg/images/Imgdirty_214_1.jpg,Data/raw/dust_seg/masks/Imgdirty_214_1.png,train
Data/raw/dust_seg/images/Imgdirty_215_1.jpg,Data/raw/dust_seg/masks/Imgdirty_215_1.png,train
Data/raw/dust_seg/images/Imgdirty_218_1.jpg,Data/raw/dust_seg/masks/Imgdirty_218_1.png,train
Data/raw/dust_seg/images/Imgdirty_220_1.jpg,Data/raw/dust_seg/masks/Imgdirty_220_1.png,train
Data/raw/dust_seg/images/Imgdirty_221_1.jpg,Data/raw/dust_seg/masks/Imgdirty_221_1.png,train
Data/raw/dust_seg/images/Imgdirty_223_1.jpg,Data/raw/dust_seg/masks/Imgdirty_223_1.png,train
Data/raw/dust_seg/images/Imgdirty_225_1.jpg,Data/raw/dust_seg/masks/Imgdirty_225_1.png,train
Data/raw/dust_seg/images/Imgdirty_226_1.jpg,Data/raw/dust_seg/masks/Imgdirty_226_1.png,train
Data/raw/dust_seg/images/Imgdirty_227_1.jpg,Data/raw/dust_seg/masks/Imgdirty_227_1.png,test
Data/raw/dust_seg/images/Imgdirty_228_1.jpg,Data/raw/dust_seg/masks/Imgdirty_228_1.png,train
Data/raw/dust_seg/images/Imgdirty_22_1.jpg,Data/raw/dust_seg/masks/Imgdirty_22_1.png,train
Data/raw/dust_seg/images/Imgdirty_230_1.jpg,Data/raw/dust_seg/masks/Imgdirty_230_1.png,train
Data/raw/dust_seg/images/Imgdirty_231_1.jpg,Data/raw/dust_seg/masks/Imgdirty_231_1.png,train
Data/raw/dust_seg/images/Imgdirty_232_1.jpg,Data/raw/dust_seg/masks/Imgdirty_232_1.png,train
Data/raw/dust_seg/images/Imgdirty_233_1.jpg,Data/raw/dust_seg/masks/Imgdirty_233_1.png,train
Data/raw/dust_seg/images/Imgdirty_234_1.jpg,Data/raw/dust_seg/masks/Imgdirty_234_1.png,train
Data/raw/dust_seg/images/Imgdirty_235_1.jpg,Data/raw/dust_seg/masks/Imgdirty_235_1.png,train
Data/raw/dust_seg/images/Imgdirty_236_1.jpg,Data/raw/dust_seg/masks/Imgdirty_236_1.png,train
Data/raw/dust_seg/images/Imgdirty_237_1.jpg,Data/raw/dust_seg/masks/Imgdirty_237_1.png,val
Data/raw/dust_seg/images/Imgdirty_238_1.jpg,Data/raw/dust_seg/masks/Imgdirty_238_1.png,train
Data/raw/dust_seg/images/Imgdirty_239_1.jpg,Data/raw/dust_seg/masks/Imgdirty_239_1.png,train
Data/raw/dust_seg/images/Imgdirty_23_1.jpg,Data/raw/dust_seg/masks/Imgdirty_23_1.png,train
Data/raw/dust_seg/images/Imgdirty_240_1.jpg,Data/raw/dust_seg/masks/Imgdirty_240_1.png,train
Data/raw/dust_seg/images/Imgdirty_241_1.jpg,Data/raw/dust_seg/masks/Imgdirty_241_1.png,train
Data/raw/dust_seg/images/Imgdirty_242_1.jpg,Data/raw/dust_seg/masks/Imgdirty_242_1.png,train
Data/raw/dust_seg/images/Imgdirty_243_1.jpg,Data/raw/dust_seg/masks/Imgdirty_243_1.png,train
Data/raw/dust_seg/images/Imgdirty_244_1.jpg,Data/raw/dust_seg/masks/Imgdirty_244_1.png,train
Data/raw/dust_seg/images/Imgdirty_245_1.jpg,Data/raw/dust_seg/masks/Imgdirty_245_1.png,train
Data/raw/dust_seg/images/Imgdirty_246_1.jpg,Data/raw/dust_seg/masks/Imgdirty_246_1.png,val
Data/raw/dust_seg/images/Imgdirty_247_1.jpg,Data/raw/dust_seg/masks/Imgdirty_247_1.png,train
Data/raw/dust_seg/images/Imgdirty_248_1.jpg,Data/raw/dust_seg/masks/Imgdirty_248_1.png,train
Data/raw/dust_seg/images/Imgdirty_249_1.jpg,Data/raw/dust_seg/masks/Imgdirty_249_1.png,train
Data/raw/dust_seg/images/Imgdirty_24_1.jpg,Data/raw/dust_seg/masks/Imgdirty_24_1.png,train
Data/raw/dust_seg/images/Imgdirty_250_1.jpg,Data/raw/dust_seg/masks/Imgdirty_250_1.png,test
Data/raw/dust_seg/images/Imgdirty_251_1.jpg,Data/raw/dust_seg/masks/Imgdirty_251_1.png,train
Data/raw/dust_seg/images/Imgdirty_252_1.jpg,Data/raw/dust_seg/masks/Imgdirty_252_1.png,train
Data/raw/dust_seg/images/Imgdirty_253_1.jpg,Data/raw/dust_seg/masks/Imgdirty_253_1.png,train
Data/raw/dust_seg/images/Imgdirty_254_1.jpg,Data/raw/dust_seg/masks/Imgdirty_254_1.png,train
Data/raw/dust_seg/images/Imgdirty_255_1.jpg,Data/raw/dust_seg/masks/Imgdirty_255_1.png,train
Data/raw/dust_seg/images/Imgdirty_256_1.jpg,Data/raw/dust_seg/masks/Imgdirty_256_1.png,train
Data/raw/dust_seg/images/Imgdirty_257_1.jpg,Data/raw/dust_seg/masks/Imgdirty_257_1.png,train
Data/raw/dust_seg/images/Imgdirty_258_1.jpg,Data/raw/dust_seg/masks/Imgdirty_258_1.png,train
Data/raw/dust_seg/images/Imgdirty_25_1.jpg,Data/raw/dust_seg/masks/Imgdirty_25_1.png,train
Data/raw/dust_seg/images/Imgdirty_260_1.jpg,Data/raw/dust_seg/masks/Imgdirty_260_1.png,train
Data/raw/dust_seg/images/Imgdirty_261_1.jpg,Data/raw/dust_seg/masks/Imgdirty_261_1.png,train
Data/raw/dust_seg/images/Imgdirty_262_1.jpg,Data/raw/dust_seg/masks/Imgdirty_262_1.png,train
Data/raw/dust_seg/images/Imgdirty_263_1.jpg,Data/raw/dust_seg/masks/Imgdirty_263_1.png,train
Data/raw/dust_seg/images/Imgdirty_264_1.jpg,Data/raw/dust_seg/masks/Imgdirty_264_1.png,train
Data/raw/dust_seg/images/Imgdirty_265_1.jpg,Data/raw/dust_seg/masks/Imgdirty_265_1.png,train
Data/raw/dust_seg/images/Imgdirty_266_1.jpg,Data/raw/dust_seg/masks/Imgdirty_266_1.png,train
Data/raw/dust_seg/images/Imgdirty_268_1.jpg,Data/raw/dust_seg/masks/Imgdirty_268_1.png,train
Data/raw/dust_seg/images/Imgdirty_269_1.jpg,Data/raw/dust_seg/masks/Imgdirty_269_1.png,train
Data/raw/dust_seg/images/Imgdirty_26_1.jpg,Data/raw/dust_seg/masks/Imgdirty_26_1.png,train
Data/raw/dust_seg/images/Imgdirty_270_1.jpg,Data/raw/dust_seg/masks/Imgdirty_270_1.png,train
Data/raw/dust_seg/images/Imgdirty_271_1.jpg,Data/raw/dust_seg/masks/Imgdirty_271_1.png,train
Data/raw/dust_seg/images/Imgdirty_273_1.jpg,Data/raw/dust_seg/masks/Imgdirty_273_1.png,train
Data/raw/dust_seg/images/Imgdirty_274_1.jpg,Data/raw/dust_seg/masks/Imgdirty_274_1.png,train
Data/raw/dust_seg/images/Imgdirty_275_1.jpg,Data/raw/dust_seg/masks/Imgdirty_275_1.png,train
Data/raw/dust_seg/images/Imgdirty_277_1.jpg,Data/raw/dust_seg/masks/Imgdirty_277_1.png,train
Data/raw/dust_seg/images/Imgdirty_278_1.jpg,Data/raw/dust_seg/masks/Imgdirty_278_1.png,train
Data/raw/dust_seg/images/Imgdirty_279_1.jpg,Data/raw/dust_seg/masks/Imgdirty_279_1.png,val
Data/raw/dust_seg/images/Imgdirty_27_1.jpg,Data/raw/dust_seg/masks/Imgdirty_27_1.png,test
Data/raw/dust_seg/images/Imgdirty_282_1.jpg,Data/raw/dust_seg/masks/Imgdirty_282_1.png,train
Data/raw/dust_seg/images/Imgdirty_283_1.jpg,Data/raw/dust_seg/masks/Imgdirty_283_1.png,train
Data/raw/dust_seg/images/Imgdirty_284_1.jpg,Data/raw/dust_seg/masks/Imgdirty_284_1.png,val
Data/raw/dust_seg/images/Imgdirty_285_1.jpg,Data/raw/dust_seg/masks/Imgdirty_285_1.png,train
Data/raw/dust_seg/images/Imgdirty_286_1.jpg,Data/raw/dust_seg/masks/Imgdirty_286_1.png,train
Data/raw/dust_seg/images/Imgdirty_287_1.jpg,Data/raw/dust_seg/masks/Imgdirty_287_1.png,test
Data/raw/dust_seg/images/Imgdirty_288_1.jpg,Data/raw/dust_seg/masks/Imgdirty_288_1.png,val
Data/raw/dust_seg/images/Imgdirty_289_1.jpg,Data/raw/dust_seg/masks/Imgdirty_289_1.png,train
Data/raw/dust_seg/images/Imgdirty_28_1.jpg,Data/raw/dust_seg/masks/Imgdirty_28_1.png,val
Data/raw/dust_seg/images/Imgdirty_290_1.jpg,Data/raw/dust_seg/masks/Imgdirty_290_1.png,train
Data/raw/dust_seg/images/Imgdirty_291_1.jpg,Data/raw/dust_seg/masks/Imgdirty_291_1.png,train
Data/raw/dust_seg/images/Imgdirty_292_1.jpg,Data/raw/dust_seg/masks/Imgdirty_292_1.png,train
Data/raw/dust_seg/images/Imgdirty_293_1.jpg,Data/raw/dust_seg/masks/Imgdirty_293_1.png,train
Data/raw/dust_seg/images/Imgdirty_296_1.jpg,Data/raw/dust_seg/masks/Imgdirty_296_1.png,train
Data/raw/dust_seg/images/Imgdirty_298_1.jpg,Data/raw/dust_seg/masks/Imgdirty_298_1.png,train
Data/raw/dust_seg/images/Imgdirty_299_1.jpg,Data/raw/dust_seg/masks/Imgdirty_299_1.png,train
Data/raw/dust_seg/images/Imgdirty_29_1.jpg,Data/raw/dust_seg/masks/Imgdirty_29_1.png,train
Data/raw/dust_seg/images/Imgdirty_2_1.jpg,Data/raw/dust_seg/masks/Imgdirty_2_1.png,train
Data/raw/dust_seg/images/Imgdirty_300_1.jpg,Data/raw/dust_seg/masks/Imgdirty_300_1.png,train
Data/raw/dust_seg/images/Imgdirty_302_1.jpg,Data/raw/dust_seg/masks/Imgdirty_302_1.png,train
Data/raw/dust_seg/images/Imgdirty_305_1.jpg,Data/raw/dust_seg/masks/Imgdirty_305_1.png,train
Data/raw/dust_seg/images/Imgdirty_306_1.jpg,Data/raw/dust_seg/masks/Imgdirty_306_1.png,train
Data/raw/dust_seg/images/Imgdirty_307_1.jpg,Data/raw/dust_seg/masks/Imgdirty_307_1.png,train
Data/raw/dust_seg/images/Imgdirty_308_1.jpg,Data/raw/dust_seg/masks/Imgdirty_308_1.png,val
Data/raw/dust_seg/images/Imgdirty_309_1.jpg,Data/raw/dust_seg/masks/Imgdirty_309_1.png,train
Data/raw/dust_seg/images/Imgdirty_30_1.jpg,Data/raw/dust_seg/masks/Imgdirty_30_1.png,train
Data/raw/dust_seg/images/Imgdirty_310_1.jpg,Data/raw/dust_seg/masks/Imgdirty_310_1.png,train
Data/raw/dust_seg/images/Imgdirty_311_1.jpg,Data/raw/dust_seg/masks/Imgdirty_311_1.png,train
Data/raw/dust_seg/images/Imgdirty_312_1.jpg,Data/raw/dust_seg/masks/Imgdirty_312_1.png,val
Data/raw/dust_seg/images/Imgdirty_313_1.jpg,Data/raw/dust_seg/masks/Imgdirty_313_1.png,train
Data/raw/dust_seg/images/Imgdirty_314_1.jpg,Data/raw/dust_seg/masks/Imgdirty_314_1.png,val
Data/raw/dust_seg/images/Imgdirty_315_1.jpg,Data/raw/dust_seg/masks/Imgdirty_315_1.png,val
Data/raw/dust_seg/images/Imgdirty_317_1.jpg,Data/raw/dust_seg/masks/Imgdirty_317_1.png,train
Data/raw/dust_seg/images/Imgdirty_318_1.jpg,Data/raw/dust_seg/masks/Imgdirty_318_1.png,train
Data/raw/dust_seg/images/Imgdirty_31_1.jpg,Data/raw/dust_seg/masks/Imgdirty_31_1.png,train
Data/raw/dust_seg/images/Imgdirty_320_1.jpg,Data/raw/dust_seg/masks/Imgdirty_320_1.png,train
Data/raw/dust_seg/images/Imgdirty_321_1.jpg,Data/raw/dust_seg/masks/Imgdirty_321_1.png,train
Data/raw/dust_seg/images/Imgdirty_323_1.jpg,Data/raw/dust_seg/masks/Imgdirty_323_1.png,train
Data/raw/dust_seg/images/Imgdirty_324_1.jpg,Data/raw/dust_seg/masks/Imgdirty_324_1.png,train
Data/raw/dust_seg/images/Imgdirty_326_1.jpg,Data/raw/dust_seg/masks/Imgdirty_326_1.png,train
Data/raw/dust_seg/images/Imgdirty_328_1.jpg,Data/raw/dust_seg/masks/Imgdirty_328_1.png,val
Data/raw/dust_seg/images/Imgdirty_329_1.jpg,Data/raw/dust_seg/masks/Imgdirty_329_1.png,val
Data/raw/dust_seg/images/Imgdirty_32_1.jpg,Data/raw/dust_seg/masks/Imgdirty_32_1.png,train
Data/raw/dust_seg/images/Imgdirty_330_1.jpg,Data/raw/dust_seg/masks/Imgdirty_330_1.png,train
Data/raw/dust_seg/images/Imgdirty_331_1.jpg,Data/raw/dust_seg/masks/Imgdirty_331_1.png,train
Data/raw/dust_seg/images/Imgdirty_332_1.jpg,Data/raw/dust_seg/masks/Imgdirty_332_1.png,train
Data/raw/dust_seg/images/Imgdirty_333_1.jpg,Data/raw/dust_seg/masks/Imgdirty_333_1.png,train
Data/raw/dust_seg/images/Imgdirty_334_1.jpg,Data/raw/dust_seg/masks/Imgdirty_334_1.png,train
Data/raw/dust_seg/images/Imgdirty_335_1.jpg,Data/raw/dust_seg/masks/Imgdirty_335_1.png,train
Data/raw/dust_seg/images/Imgdirty_336_1.jpg,Data/raw/dust_seg/masks/Imgdirty_336_1.png,val
Data/raw/dust_seg/images/Imgdirty_337_1.jpg,Data/raw/dust_seg/masks/Imgdirty_337_1.png,train
Data/raw/dust_seg/images/Imgdirty_339_1.jpg,Data/raw/dust_seg/masks/Imgdirty_339_1.png,train
Data/raw/dust_seg/images/Imgdirty_33_1.jpg,Data/raw/dust_seg/masks/Imgdirty_33_1.png,train
Data/raw/dust_seg/images/Imgdirty_340_1.jpg,Data/raw/dust_seg/masks/Imgdirty_340_1.png,train
Data/raw/dust_seg/images/Imgdirty_341_1.jpg,Data/raw/dust_seg/masks/Imgdirty_341_1.png,val
Data/raw/dust_seg/images/Imgdirty_342_1.jpg,Data/raw/dust_seg/masks/Imgdirty_342_1.png,train
Data/raw/dust_seg/images/Imgdirty_343_1.jpg,Data/raw/dust_seg/masks/Imgdirty_343_1.png,train
Data/raw/dust_seg/images/Imgdirty_344_1.jpg,Data/raw/dust_seg/masks/Imgdirty_344_1.png,train
Data/raw/dust_seg/images/Imgdirty_346_1.jpg,Data/raw/dust_seg/masks/Imgdirty_346_1.png,test
Data/raw/dust_seg/images/Imgdirty_347_1.jpg,Data/raw/dust_seg/masks/Imgdirty_347_1.png,train
Data/raw/dust_seg/images/Imgdirty_348_1.jpg,Data/raw/dust_seg/masks/Imgdirty_348_1.png,train
Data/raw/dust_seg/images/Imgdirty_34_1.jpg,Data/raw/dust_seg/masks/Imgdirty_34_1.png,train
Data/raw/dust_seg/images/Imgdirty_350_1.jpg,Data/raw/dust_seg/masks/Imgdirty_350_1.png,train
Data/raw/dust_seg/images/Imgdirty_351_1.jpg,Data/raw/dust_seg/masks/Imgdirty_351_1.png,train
Data/raw/dust_seg/images/Imgdirty_354_1.jpg,Data/raw/dust_seg/masks/Imgdirty_354_1.png,train
Data/raw/dust_seg/images/Imgdirty_355_1.jpg,Data/raw/dust_seg/masks/Imgdirty_355_1.png,train
Data/raw/dust_seg/images/Imgdirty_356_1.jpg,Data/raw/dust_seg/masks/Imgdirty_356_1.png,train
Data/raw/dust_seg/images/Imgdirty_357_1.jpg,Data/raw/dust_seg/masks/Imgdirty_357_1.png,train
Data/raw/dust_seg/images/Imgdirty_358_1.jpg,Data/raw/dust_seg/masks/Imgdirty_358_1.png,val
Data/raw/dust_seg/images/Imgdirty_359_1.jpg,Data/raw/dust_seg/masks/Imgdirty_359_1.png,val
Data/raw/dust_seg/images/Imgdirty_35_1.jpg,Data/raw/dust_seg/masks/Imgdirty_35_1.png,train
Data/raw/dust_seg/images/Imgdirty_360_1.jpg,Data/raw/dust_seg/masks/Imgdirty_360_1.png,train
Data/raw/dust_seg/images/Imgdirty_361_1.jpg,Data/raw/dust_seg/masks/Imgdirty_361_1.png,train
Data/raw/dust_seg/images/Imgdirty_363_1.jpg,Data/raw/dust_seg/masks/Imgdirty_363_1.png,train
Data/raw/dust_seg/images/Imgdirty_364_1.jpg,Data/raw/dust_seg/masks/Imgdirty_364_1.png,train
Data/raw/dust_seg/images/Imgdirty_366_1.jpg,Data/raw/dust_seg/masks/Imgdirty_366_1.png,train
Data/raw/dust_seg/images/Imgdirty_367_1.jpg,Data/raw/dust_seg/masks/Imgdirty_367_1.png,val
Data/raw/dust_seg/images/Imgdirty_368_1.jpg,Data/raw/dust_seg/masks/Imgdirty_368_1.png,train
Data/raw/dust_seg/images/Imgdirty_36_1.jpg,Data/raw/dust_seg/masks/Imgdirty_36_1.png,train
Data/raw/dust_seg/images/Imgdirty_371_1.jpg,Data/raw/dust_seg/masks/Imgdirty_371_1.png,train
Data/raw/dust_seg/images/Imgdirty_372_1.jpg,Data/raw/dust_seg/masks/Imgdirty_372_1.png,train
Data/raw/dust_seg/images/Imgdirty_376_1.jpg,Data/raw/dust_seg/masks/Imgdirty_376_1.png,train
Data/raw/dust_seg/images/Imgdirty_378_1.jpg,Data/raw/dust_seg/masks/Imgdirty_378_1.png,train
Data/raw/dust_seg/images/Imgdirty_379_1.jpg,Data/raw/dust_seg/masks/Imgdirty_379_1.png,train
Data/raw/dust_seg/images/Imgdirty_37_1.jpg,Data/raw/dust_seg/masks/Imgdirty_37_1.png,train
Data/raw/dust_seg/images/Imgdirty_380_1.jpg,Data/raw/dust_seg/masks/Imgdirty_380_1.png,train
Data/raw/dust_seg/images/Imgdirty_381_1.jpg,Data/raw/dust_seg/masks/Imgdirty_381_1.png,train
Data/raw/dust_seg/images/Imgdirty_382_1.jpg,Data/raw/dust_seg/masks/Imgdirty_382_1.png,train
Data/raw/dust_seg/images/Imgdirty_383_1.jpg,Data/raw/dust_seg/masks/Imgdirty_383_1.png,train
Data/raw/dust_seg/images/Imgdirty_384_1.jpg,Data/raw/dust_seg/masks/Imgdirty_384_1.png,train
Data/raw/dust_seg/images/Imgdirty_385_1.jpg,Data/raw/dust_seg/masks/Imgdirty_385_1.png,train
Data/raw/dust_seg/images/Imgdirty_386_1.jpg,Data/raw/dust_seg/masks/Imgdirty_386_1.png,val
Data/raw/dust_seg/images/Imgdirty_387_1.jpg,Data/raw/dust_seg/masks/Imgdirty_387_1.png,test
Data/raw/dust_seg/images/Imgdirty_388_1.jpg,Data/raw/dust_seg/masks/Imgdirty_388_1.png,train
Data/raw/dust_seg/images/Imgdirty_389_1.jpg,Data/raw/dust_seg/masks/Imgdirty_389_1.png,train
Data/raw/dust_seg/images/Imgdirty_38_1.jpg,Data/raw/dust_seg/masks/Imgdirty_38_1.png,train
Data/raw/dust_seg/images/Imgdirty_390_1.jpg,Data/raw/dust_seg/masks/Imgdirty_390_1.png,train
Data/raw/dust_seg/images/Imgdirty_391_1.jpg,Data/raw/dust_seg/masks/Imgdirty_391_1.png,val
Data/raw/dust_seg/images/Imgdirty_392_1.jpg,Data/raw/dust_seg/masks/Imgdirty_392_1.png,train
Data/raw/dust_seg/images/Imgdirty_393_1.jpg,Data/raw/dust_seg/masks/Imgdirty_393_1.png,train
Data/raw/dust_seg/images/Imgdirty_394_1.jpg,Data/raw/dust_seg/masks/Imgdirty_394_1.png,test
Data/raw/dust_seg/images/Imgdirty_395_1.jpg,Data/raw/dust_seg/masks/Imgdirty_395_1.png,train
Data/raw/dust_seg/images/Imgdirty_396_1.jpg,Data/raw/dust_seg/masks/Imgdirty_396_1.png,train
Data/raw/dust_seg/images/Imgdirty_397_1.jpg,Data/raw/dust_seg/masks/Imgdirty_397_1.png,train
Data/raw/dust_seg/images/Imgdirty_398_1.jpg,Data/raw/dust_seg/masks/Imgdirty_398_1.png,test
Data/raw/dust_seg/images/Imgdirty_399_1.jpg,Data/raw/dust_seg/masks/Imgdirty_399_1.png,val
Data/raw/dust_seg/images/Imgdirty_39_1.jpg,Data/raw/dust_seg/masks/Imgdirty_39_1.png,test
Data/raw/dust_seg/images/Imgdirty_3_1.jpg,Data/raw/dust_seg/masks/Imgdirty_3_1.png,train
Data/raw/dust_seg/images/Imgdirty_400_1.jpg,Data/raw/dust_seg/masks/Imgdirty_400_1.png,train
Data/raw/dust_seg/images/Imgdirty_401_1.jpg,Data/raw/dust_seg/masks/Imgdirty_401_1.png,train
Data/raw/dust_seg/images/Imgdirty_402_1.jpg,Data/raw/dust_seg/masks/Imgdirty_402_1.png,test
Data/raw/dust_seg/images/Imgdirty_403_1.jpg,Data/raw/dust_seg/masks/Imgdirty_403_1.png,train
Data/raw/dust_seg/images/Imgdirty_404_1.jpg,Data/raw/dust_seg/masks/Imgdirty_404_1.png,train
Data/raw/dust_seg/images/Imgdirty_405_1.jpg,Data/raw/dust_seg/masks/Imgdirty_405_1.png,train
Data/raw/dust_seg/images/Imgdirty_406_1.jpg,Data/raw/dust_seg/masks/Imgdirty_406_1.png,train
Data/raw/dust_seg/images/Imgdirty_408_1.jpg,Data/raw/dust_seg/masks/Imgdirty_408_1.png,val
Data/raw/dust_seg/images/Imgdirty_409_1.jpg,Data/raw/dust_seg/masks/Imgdirty_409_1.png,train
Data/raw/dust_seg/images/Imgdirty_40_1.jpg,Data/raw/dust_seg/masks/Imgdirty_40_1.png,train
Data/raw/dust_seg/images/Imgdirty_411_1.jpg,Data/raw/dust_seg/masks/Imgdirty_411_1.png,val
Data/raw/dust_seg/images/Imgdirty_413_1.jpg,Data/raw/dust_seg/masks/Imgdirty_413_1.png,test
Data/raw/dust_seg/images/Imgdirty_414_1.jpg,Data/raw/dust_seg/masks/Imgdirty_414_1.png,train
Data/raw/dust_seg/images/Imgdirty_415_1.jpg,Data/raw/dust_seg/masks/Imgdirty_415_1.png,test
Data/raw/dust_seg/images/Imgdirty_416_1.jpg,Data/raw/dust_seg/masks/Imgdirty_416_1.png,train
Data/raw/dust_seg/images/Imgdirty_418_1.jpg,Data/raw/dust_seg/masks/Imgdirty_418_1.png,train
Data/raw/dust_seg/images/Imgdirty_419_1.jpg,Data/raw/dust_seg/masks/Imgdirty_419_1.png,train
Data/raw/dust_seg/images/Imgdirty_41_1.jpg,Data/raw/dust_seg/masks/Imgdirty_41_1.png,test
Data/raw/dust_seg/images/Imgdirty_420_1.jpg,Data/raw/dust_seg/masks/Imgdirty_420_1.png,train
Data/raw/dust_seg/images/Imgdirty_421_1.jpg,Data/raw/dust_seg/masks/Imgdirty_421_1.png,train
Data/raw/dust_seg/images/Imgdirty_422_1.jpg,Data/raw/dust_seg/masks/Imgdirty_422_1.png,train
Data/raw/dust_seg/images/Imgdirty_423_1.jpg,Data/raw/dust_seg/masks/Imgdirty_423_1.png,train
Data/raw/dust_seg/images/Imgdirty_424_1.jpg,Data/raw/dust_seg/masks/Imgdirty_424_1.png,train
Data/raw/dust_seg/images/Imgdirty_425_1.jpg,Data/raw/dust_seg/masks/Imgdirty_425_1.png,train
Data/raw/dust_seg/images/Imgdirty_426_1.jpg,Data/raw/dust_seg/masks/Imgdirty_426_1.png,train
Data/raw/dust_seg/images/Imgdirty_428_1.jpg,Data/raw/dust_seg/masks/Imgdirty_428_1.png,val
Data/raw/dust_seg/images/Imgdirty_429_1.jpg,Data/raw/dust_seg/masks/Imgdirty_429_1.png,train
Data/raw/dust_seg/images/Imgdirty_42_1.jpg,Data/raw/dust_seg/masks/Imgdirty_42_1.png,train
Data/raw/dust_seg/images/Imgdirty_431_1.jpg,Data/raw/dust_seg/masks/Imgdirty_431_1.png,test
Data/raw/dust_seg/images/Imgdirty_434_1.jpg,Data/raw/dust_seg/masks/Imgdirty_434_1.png,train
Data/raw/dust_seg/images/Imgdirty_435_1.jpg,Data/raw/dust_seg/masks/Imgdirty_435_1.png,val
Data/raw/dust_seg/images/Imgdirty_436_1.jpg,Data/raw/dust_seg/masks/Imgdirty_436_1.png,train
Data/raw/dust_seg/images/Imgdirty_437_1.jpg,Data/raw/dust_seg/masks/Imgdirty_437_1.png,train
Data/raw/dust_seg/images/Imgdirty_439_1.jpg,Data/raw/dust_seg/masks/Imgdirty_439_1.png,train
Data/raw/dust_seg/images/Imgdirty_43_1.jpg,Data/raw/dust_seg/masks/Imgdirty_43_1.png,train
Data/raw/dust_seg/images/Imgdirty_440_1.jpg,Data/raw/dust_seg/masks/Imgdirty_440_1.png,train
Data/raw/dust_seg/images/Imgdirty_441_1.jpg,Data/raw/dust_seg/masks/Imgdirty_441_1.png,train
Data/raw/dust_seg/images/Imgdirty_442_1.jpg,Data/raw/dust_seg/masks/Imgdirty_442_1.png,train
Data/raw/dust_seg/images/Imgdirty_443_1.jpg,Data/raw/dust_seg/masks/Imgdirty_443_1.png,train
Data/raw/dust_seg/images/Imgdirty_444_1.jpg,Data/raw/dust_seg/masks/Imgdirty_444_1.png,train
Data/raw/dust_seg/images/Imgdirty_445_1.jpg,Data/raw/dust_seg/masks/Imgdirty_445_1.png,train
Data/raw/dust_seg/images/Imgdirty_446_1.jpg,Data/raw/dust_seg/masks/Imgdirty_446_1.png,train
Data/raw/dust_seg/images/Imgdirty_447_1.jpg,Data/raw/dust_seg/masks/Imgdirty_447_1.png,train
Data/raw/dust_seg/images/Imgdirty_449_1.jpg,Data/raw/dust_seg/masks/Imgdirty_449_1.png,train
Data/raw/dust_seg/images/Imgdirty_44_1.jpg,Data/raw/dust_seg/masks/Imgdirty_44_1.png,train
Data/raw/dust_seg/images/Imgdirty_450_1.jpg,Data/raw/dust_seg/masks/Imgdirty_450_1.png,train
Data/raw/dust_seg/images/Imgdirty_451_1.jpg,Data/raw/dust_seg/masks/Imgdirty_451_1.png,val
Data/raw/dust_seg/images/Imgdirty_452_1.jpg,Data/raw/dust_seg/masks/Imgdirty_452_1.png,train
Data/raw/dust_seg/images/Imgdirty_453_1.jpg,Data/raw/dust_seg/masks/Imgdirty_453_1.png,train
Data/raw/dust_seg/images/Imgdirty_458_1.jpg,Data/raw/dust_seg/masks/Imgdirty_458_1.png,train
Data/raw/dust_seg/images/Imgdirty_459_1.jpg,Data/raw/dust_seg/masks/Imgdirty_459_1.png,test
Data/raw/dust_seg/images/Imgdirty_45_1.jpg,Data/raw/dust_seg/masks/Imgdirty_45_1.png,train
Data/raw/dust_seg/images/Imgdirty_460_1.jpg,Data/raw/dust_seg/masks/Imgdirty_460_1.png,val
Data/raw/dust_seg/images/Imgdirty_461_1.jpg,Data/raw/dust_seg/masks/Imgdirty_461_1.png,train
Data/raw/dust_seg/images/Imgdirty_462_1.jpg,Data/raw/dust_seg/masks/Imgdirty_462_1.png,val
Data/raw/dust_seg/images/Imgdirty_463_1.jpg,Data/raw/dust_seg/masks/Imgdirty_463_1.png,test
Data/raw/dust_seg/images/Imgdirty_464_1.jpg,Data/raw/dust_seg/masks/Imgdirty_464_1.png,train
Data/raw/dust_seg/images/Imgdirty_467_1.jpg,Data/raw/dust_seg/masks/Imgdirty_467_1.png,test
Data/raw/dust_seg/images/Imgdirty_468_1.jpg,Data/raw/dust_seg/masks/Imgdirty_468_1.png,test
Data/raw/dust_seg/images/Imgdirty_469_1.jpg,Data/raw/dust_seg/masks/Imgdirty_469_1.png,val
Data/raw/dust_seg/images/Imgdirty_46_1.jpg,Data/raw/dust_seg/masks/Imgdirty_46_1.png,train
Data/raw/dust_seg/images/Imgdirty_470_1.jpg,Data/raw/dust_seg/masks/Imgdirty_470_1.png,train
Data/raw/dust_seg/images/Imgdirty_471_1.jpg,Data/raw/dust_seg/masks/Imgdirty_471_1.png,train
Data/raw/dust_seg/images/Imgdirty_472_1.jpg,Data/raw/dust_seg/masks/Imgdirty_472_1.png,train
Data/raw/dust_seg/images/Imgdirty_473_1.jpg,Data/raw/dust_seg/masks/Imgdirty_473_1.png,train
Data/raw/dust_seg/images/Imgdirty_474_1.jpg,Data/raw/dust_seg/masks/Imgdirty_474_1.png,val
Data/raw/dust_seg/images/Imgdirty_475_1.jpg,Data/raw/dust_seg/masks/Imgdirty_475_1.png,test
Data/raw/dust_seg/images/Imgdirty_477_1.jpg,Data/raw/dust_seg/masks/Imgdirty_477_1.png,val
Data/raw/dust_seg/images/Imgdirty_479_1.jpg,Data/raw/dust_seg/masks/Imgdirty_479_1.png,train
Data/raw/dust_seg/images/Imgdirty_47_1.jpg,Data/raw/dust_seg/masks/Imgdirty_47_1.png,train
Data/raw/dust_seg/images/Imgdirty_480_1.jpg,Data/raw/dust_seg/masks/Imgdirty_480_1.png,train
Data/raw/dust_seg/images/Imgdirty_481_1.jpg,Data/raw/dust_seg/masks/Imgdirty_481_1.png,train
Data/raw/dust_seg/images/Imgdirty_483_1.jpg,Data/raw/dust_seg/masks/Imgdirty_483_1.png,train
Data/raw/dust_seg/images/Imgdirty_486_1.jpg,Data/raw/dust_seg/masks/Imgdirty_486_1.png,train
Data/raw/dust_seg/images/Imgdirty_488_1.jpg,Data/raw/dust_seg/masks/Imgdirty_488_1.png,train
Data/raw/dust_seg/images/Imgdirty_489_1.jpg,Data/raw/dust_seg/masks/Imgdirty_489_1.png,train
Data/raw/dust_seg/images/Imgdirty_48_1.jpg,Data/raw/dust_seg/masks/Imgdirty_48_1.png,test
Data/raw/dust_seg/images/Imgdirty_490_1.jpg,Data/raw/dust_seg/masks/Imgdirty_490_1.png,train
Data/raw/dust_seg/images/Imgdirty_491_1.jpg,Data/raw/dust_seg/masks/Imgdirty_491_1.png,train
Data/raw/dust_seg/images/Imgdirty_494_1.jpg,Data/raw/dust_seg/masks/Imgdirty_494_1.png,train
Data/raw/dust_seg/images/Imgdirty_495_1.jpg,Data/raw/dust_seg/masks/Imgdirty_495_1.png,train
Data/raw/dust_seg/images/Imgdirty_496_1.jpg,Data/raw/dust_seg/masks/Imgdirty_496_1.png,train
Data/raw/dust_seg/images/Imgdirty_497_1.jpg,Data/raw/dust_seg/masks/Imgdirty_497_1.png,train
Data/raw/dust_seg/images/Imgdirty_498_1.jpg,Data/raw/dust_seg/masks/Imgdirty_498_1.png,train
Data/raw/dust_seg/images/Imgdirty_499_1.jpg,Data/raw/dust_seg/masks/Imgdirty_499_1.png,train
Data/raw/dust_seg/images/Imgdirty_49_1.jpg,Data/raw/dust_seg/masks/Imgdirty_49_1.png,val
Data/raw/dust_seg/images/Imgdirty_4_1.jpg,Data/raw/dust_seg/masks/Imgdirty_4_1.png,train
Data/raw/dust_seg/images/Imgdirty_500_1.jpg,Data/raw/dust_seg/masks/Imgdirty_500_1.png,test
Data/raw/dust_seg/images/Imgdirty_501_1.jpg,Data/raw/dust_seg/masks/Imgdirty_501_1.png,train
Data/raw/dust_seg/images/Imgdirty_503_1.jpg,Data/raw/dust_seg/masks/Imgdirty_503_1.png,train
Data/raw/dust_seg/images/Imgdirty_504_1.jpg,Data/raw/dust_seg/masks/Imgdirty_504_1.png,train
Data/raw/dust_seg/images/Imgdirty_505_1.jpg,Data/raw/dust_seg/masks/Imgdirty_505_1.png,val
Data/raw/dust_seg/images/Imgdirty_506_1.jpg,Data/raw/dust_seg/masks/Imgdirty_506_1.png,train
Data/raw/dust_seg/images/Imgdirty_507_1.jpg,Data/raw/dust_seg/masks/Imgdirty_507_1.png,train
Data/raw/dust_seg/images/Imgdirty_508_1.jpg,Data/raw/dust_seg/masks/Imgdirty_508_1.png,val
Data/raw/dust_seg/images/Imgdirty_510_1.jpg,Data/raw/dust_seg/masks/Imgdirty_510_1.png,train
Data/raw/dust_seg/images/Imgdirty_511_1.jpg,Data/raw/dust_seg/masks/Imgdirty_511_1.png,train
Data/raw/dust_seg/images/Imgdirty_513_1.jpg,Data/raw/dust_seg/masks/Imgdirty_513_1.png,test
Data/raw/dust_seg/images/Imgdirty_514_1.jpg,Data/raw/dust_seg/masks/Imgdirty_514_1.png,train
Data/raw/dust_seg/images/Imgdirty_515_1.jpg,Data/raw/dust_seg/masks/Imgdirty_515_1.png,train
Data/raw/dust_seg/images/Imgdirty_516_1.jpg,Data/raw/dust_seg/masks/Imgdirty_516_1.png,train
Data/raw/dust_seg/images/Imgdirty_517_1.jpg,Data/raw/dust_seg/masks/Imgdirty_517_1.png,train
Data/raw/dust_seg/images/Imgdirty_518_1.jpg,Data/raw/dust_seg/masks/Imgdirty_518_1.png,train
Data/raw/dust_seg/images/Imgdirty_519_1.jpg,Data/raw/dust_seg/masks/Imgdirty_519_1.png,train
Data/raw/dust_seg/images/Imgdirty_520_1.jpg,Data/raw/dust_seg/masks/Imgdirty_520_1.png,train
Data/raw/dust_seg/images/Imgdirty_522_1.jpg,Data/raw/dust_seg/masks/Imgdirty_522_1.png,train
Data/raw/dust_seg/images/Imgdirty_523_1.jpg,Data/raw/dust_seg/masks/Imgdirty_523_1.png,train
Data/raw/dust_seg/images/Imgdirty_525_1.jpg,Data/raw/dust_seg/masks/Imgdirty_525_1.png,train
Data/raw/dust_seg/images/Imgdirty_527_1.jpg,Data/raw/dust_seg/masks/Imgdirty_527_1.png,val
Data/raw/dust_seg/images/Imgdirty_528_1.jpg,Data/raw/dust_seg/masks/Imgdirty_528_1.png,train
Data/raw/dust_seg/images/Imgdirty_52_1.jpg,Data/raw/dust_seg/masks/Imgdirty_52_1.png,train
Data/raw/dust_seg/images/Imgdirty_530_1.jpg,Data/raw/dust_seg/masks/Imgdirty_530_1.png,train
Data/raw/dust_seg/images/Imgdirty_531_1.jpg,Data/raw/dust_seg/masks/Imgdirty_531_1.png,train
Data/raw/dust_seg/images/Imgdirty_532_1.jpg,Data/raw/dust_seg/masks/Imgdirty_532_1.png,test
Data/raw/dust_seg/images/Imgdirty_533_1.jpg,Data/raw/dust_seg/masks/Imgdirty_533_1.png,test
Data/raw/dust_seg/images/Imgdirty_534_1.jpg,Data/raw/dust_seg/masks/Imgdirty_534_1.png,test
Data/raw/dust_seg/images/Imgdirty_535_1.jpg,Data/raw/dust_seg/masks/Imgdirty_535_1.png,train
Data/raw/dust_seg/images/Imgdirty_537_1.jpg,Data/raw/dust_seg/masks/Imgdirty_537_1.png,train
Data/raw/dust_seg/images/Imgdirty_538_1.jpg,Data/raw/dust_seg/masks/Imgdirty_538_1.png,train
Data/raw/dust_seg/images/Imgdirty_539_1.jpg,Data/raw/dust_seg/masks/Imgdirty_539_1.png,train
Data/raw/dust_seg/images/Imgdirty_53_1.jpg,Data/raw/dust_seg/masks/Imgdirty_53_1.png,train
Data/raw/dust_seg/images/Imgdirty_540_1.jpg,Data/raw/dust_seg/masks/Imgdirty_540_1.png,train
Data/raw/dust_seg/images/Imgdirty_543_1.jpg,Data/raw/dust_seg/masks/Imgdirty_543_1.png,train
Data/raw/dust_seg/images/Imgdirty_544_1.jpg,Data/raw/dust_seg/masks/Imgdirty_544_1.png,train
Data/raw/dust_seg/images/Imgdirty_545_1.jpg,Data/raw/dust_seg/masks/Imgdirty_545_1.png,train
Data/raw/dust_seg/images/Imgdirty_546_1.jpg,Data/raw/dust_seg/masks/Imgdirty_546_1.png,train
Data/raw/dust_seg/images/Imgdirty_547_1.jpg,Data/raw/dust_seg/masks/Imgdirty_547_1.png,train
Data/raw/dust_seg/images/Imgdirty_548_1.jpg,Data/raw/dust_seg/masks/Imgdirty_548_1.png,train
Data/raw/dust_seg/images/Imgdirty_549_1.jpg,Data/raw/dust_seg/masks/Imgdirty_549_1.png,train
Data/raw/dust_seg/images/Imgdirty_550_1.jpg,Data/raw/dust_seg/masks/Imgdirty_550_1.png,test
Data/raw/dust_seg/images/Imgdirty_551_1.jpg,Data/raw/dust_seg/masks/Imgdirty_551_1.png,test
Data/raw/dust_seg/images/Imgdirty_552_1.jpg,Data/raw/dust_seg/masks/Imgdirty_552_1.png,val
Data/raw/dust_seg/images/Imgdirty_553_1.jpg,Data/raw/dust_seg/masks/Imgdirty_553_1.png,test
Data/raw/dust_seg/images/Imgdirty_554_1.jpg,Data/raw/dust_seg/masks/Imgdirty_554_1.png,train
Data/raw/dust_seg/images/Imgdirty_555_1.jpg,Data/raw/dust_seg/masks/Imgdirty_555_1.png,train
Data/raw/dust_seg/images/Imgdirty_556_1.jpg,Data/raw/dust_seg/masks/Imgdirty_556_1.png,train
Data/raw/dust_seg/images/Imgdirty_557_1.jpg,Data/raw/dust_seg/masks/Imgdirty_557_1.png,train
Data/raw/dust_seg/images/Imgdirty_558_1.jpg,Data/raw/dust_seg/masks/Imgdirty_558_1.png,val
Data/raw/dust_seg/images/Imgdirty_560_1.jpg,Data/raw/dust_seg/masks/Imgdirty_560_1.png,train
Data/raw/dust_seg/images/Imgdirty_562_1.jpg,Data/raw/dust_seg/masks/Imgdirty_562_1.png,val
Data/raw/dust_seg/images/Imgdirty_563_1.jpg,Data/raw/dust_seg/masks/Imgdirty_563_1.png,train
Data/raw/dust_seg/images/Imgdirty_564_1.jpg,Data/raw/dust_seg/masks/Imgdirty_564_1.png,train
Data/raw/dust_seg/images/Imgdirty_565_1.jpg,Data/raw/dust_seg/masks/Imgdirty_565_1.png,train
Data/raw/dust_seg/images/Imgdirty_566_1.jpg,Data/raw/dust_seg/masks/Imgdirty_566_1.png,train
Data/raw/dust_seg/images/Imgdirty_567_1.jpg,Data/raw/dust_seg/masks/Imgdirty_567_1.png,train
Data/raw/dust_seg/images/Imgdirty_568_1.jpg,Data/raw/dust_seg/masks/Imgdirty_568_1.png,test
Data/raw/dust_seg/images/Imgdirty_569_1.jpg,Data/raw/dust_seg/masks/Imgdirty_569_1.png,train
Data/raw/dust_seg/images/Imgdirty_570_1.jpg,Data/raw/dust_seg/masks/Imgdirty_570_1.png,train
Data/raw/dust_seg/images/Imgdirty_571_1.jpg,Data/raw/dust_seg/masks/Imgdirty_571_1.png,train
Data/raw/dust_seg/images/Imgdirty_572_1.jpg,Data/raw/dust_seg/masks/Imgdirty_572_1.png,val
Data/raw/dust_seg/images/Imgdirty_573_1.jpg,Data/raw/dust_seg/masks/Imgdirty_573_1.png,test
Data/raw/dust_seg/images/Imgdirty_574_1.jpg,Data/raw/dust_seg/masks/Imgdirty_574_1.png,train
Data/raw/dust_seg/images/Imgdirty_575_1.jpg,Data/raw/dust_seg/masks/Imgdirty_575_1.png,train
Data/raw/dust_seg/images/Imgdirty_576_1.jpg,Data/raw/dust_seg/masks/Imgdirty_576_1.png,train
Data/raw/dust_seg/images/Imgdirty_577_1.jpg,Data/raw/dust_seg/masks/Imgdirty_577_1.png,test
Data/raw/dust_seg/images/Imgdirty_578_1.jpg,Data/raw/dust_seg/masks/Imgdirty_578_1.png,train
Data/raw/dust_seg/images/Imgdirty_57_1.jpg,Data/raw/dust_seg/masks/Imgdirty_57_1.png,train
Data/raw/dust_seg/images/Imgdirty_580_1.jpg,Data/raw/dust_seg/masks/Imgdirty_580_1.png,train
Data/raw/dust_seg/images/Imgdirty_581_1.jpg,Data/raw/dust_seg/masks/Imgdirty_581_1.png,train
Data/raw/dust_seg/images/Imgdirty_582_1.jpg,Data/raw/dust_seg/masks/Imgdirty_582_1.png,train
Data/raw/dust_seg/images/Imgdirty_583_1.jpg,Data/raw/dust_seg/masks/Imgdirty_583_1.png,train
Data/raw/dust_seg/images/Imgdirty_584_1.jpg,Data/raw/dust_seg/masks/Imgdirty_584_1.png,train
Data/raw/dust_seg/images/Imgdirty_585_1.jpg,Data/raw/dust_seg/masks/Imgdirty_585_1.png,train
Data/raw/dust_seg/images/Imgdirty_586_1.jpg,Data/raw/dust_seg/masks/Imgdirty_586_1.png,train
Data/raw/dust_seg/images/Imgdirty_587_1.jpg,Data/raw/dust_seg/masks/Imgdirty_587_1.png,train
Data/raw/dust_seg/images/Imgdirty_588_1.jpg,Data/raw/dust_seg/masks/Imgdirty_588_1.png,val
Data/raw/dust_seg/images/Imgdirty_589_1.jpg,Data/raw/dust_seg/masks/Imgdirty_589_1.png,train
Data/raw/dust_seg/images/Imgdirty_590_1.jpg,Data/raw/dust_seg/masks/Imgdirty_590_1.png,train
Data/raw/dust_seg/images/Imgdirty_591_1.jpg,Data/raw/dust_seg/masks/Imgdirty_591_1.png,val
Data/raw/dust_seg/images/Imgdirty_592_1.jpg,Data/raw/dust_seg/masks/Imgdirty_592_1.png,val
Data/raw/dust_seg/images/Imgdirty_594_1.jpg,Data/raw/dust_seg/masks/Imgdirty_594_1.png,train
Data/raw/dust_seg/images/Imgdirty_595_1.jpg,Data/raw/dust_seg/masks/Imgdirty_595_1.png,test
Data/raw/dust_seg/images/Imgdirty_596_1.jpg,Data/raw/dust_seg/masks/Imgdirty_596_1.png,train
Data/raw/dust_seg/images/Imgdirty_598_1.jpg,Data/raw/dust_seg/masks/Imgdirty_598_1.png,train
Data/raw/dust_seg/images/Imgdirty_599_1.jpg,Data/raw/dust_seg/masks/Imgdirty_599_1.png,test
Data/raw/dust_seg/images/Imgdirty_59_1.jpg,Data/raw/dust_seg/masks/Imgdirty_59_1.png,train
Data/raw/dust_seg/images/Imgdirty_5_1.jpg,Data/raw/dust_seg/masks/Imgdirty_5_1.png,val
Data/raw/dust_seg/images/Imgdirty_600_1.jpg,Data/raw/dust_seg/masks/Imgdirty_600_1.png,train
Data/raw/dust_seg/images/Imgdirty_601_1.jpg,Data/raw/dust_seg/masks/Imgdirty_601_1.png,test
Data/raw/dust_seg/images/Imgdirty_603_1.jpg,Data/raw/dust_seg/masks/Imgdirty_603_1.png,train
Data/raw/dust_seg/images/Imgdirty_604_1.jpg,Data/raw/dust_seg/masks/Imgdirty_604_1.png,train
Data/raw/dust_seg/images/Imgdirty_605_1.jpg,Data/raw/dust_seg/masks/Imgdirty_605_1.png,val
Data/raw/dust_seg/images/Imgdirty_606_1.jpg,Data/raw/dust_seg/masks/Imgdirty_606_1.png,train
Data/raw/dust_seg/images/Imgdirty_607_1.jpg,Data/raw/dust_seg/masks/Imgdirty_607_1.png,train
Data/raw/dust_seg/images/Imgdirty_608_1.jpg,Data/raw/dust_seg/masks/Imgdirty_608_1.png,train
Data/raw/dust_seg/images/Imgdirty_609_1.jpg,Data/raw/dust_seg/masks/Imgdirty_609_1.png,train
Data/raw/dust_seg/images/Imgdirty_60_1.jpg,Data/raw/dust_seg/masks/Imgdirty_60_1.png,train
Data/raw/dust_seg/images/Imgdirty_610_1.jpg,Data/raw/dust_seg/masks/Imgdirty_610_1.png,train
Data/raw/dust_seg/images/Imgdirty_611_1.jpg,Data/raw/dust_seg/masks/Imgdirty_611_1.png,train
Data/raw/dust_seg/images/Imgdirty_612_1.jpg,Data/raw/dust_seg/masks/Imgdirty_612_1.png,train
Data/raw/dust_seg/images/Imgdirty_613_1.jpg,Data/raw/dust_seg/masks/Imgdirty_613_1.png,train
Data/raw/dust_seg/images/Imgdirty_615_1.jpg,Data/raw/dust_seg/masks/Imgdirty_615_1.png,train
Data/raw/dust_seg/images/Imgdirty_616_1.jpg,Data/raw/dust_seg/masks/Imgdirty_616_1.png,train
Data/raw/dust_seg/images/Imgdirty_618_1.jpg,Data/raw/dust_seg/masks/Imgdirty_618_1.png,train
Data/raw/dust_seg/images/Imgdirty_619_1.jpg,Data/raw/dust_seg/masks/Imgdirty_619_1.png,train
Data/raw/dust_seg/images/Imgdirty_620_1.jpg,Data/raw/dust_seg/masks/Imgdirty_620_1.png,val
Data/raw/dust_seg/images/Imgdirty_621_1.jpg,Data/raw/dust_seg/masks/Imgdirty_621_1.png,train
Data/raw/dust_seg/images/Imgdirty_622_1.jpg,Data/raw/dust_seg/masks/Imgdirty_622_1.png,train
Data/raw/dust_seg/images/Imgdirty_624_1.jpg,Data/raw/dust_seg/masks/Imgdirty_624_1.png,train
Data/raw/dust_seg/images/Imgdirty_625_1.jpg,Data/raw/dust_seg/masks/Imgdirty_625_1.png,train
Data/raw/dust_seg/images/Imgdirty_626_1.jpg,Data/raw/dust_seg/masks/Imgdirty_626_1.png,val
Data/raw/dust_seg/images/Imgdirty_627_1.jpg,Data/raw/dust_seg/masks/Imgdirty_627_1.png,train
Data/raw/dust_seg/images/Imgdirty_628_1.jpg,Data/raw/dust_seg/masks/Imgdirty_628_1.png,train
Data/raw/dust_seg/images/Imgdirty_629_1.jpg,Data/raw/dust_seg/masks/Imgdirty_629_1.png,test
Data/raw/dust_seg/images/Imgdirty_62_1.jpg,Data/raw/dust_seg/masks/Imgdirty_62_1.png,test
Data/raw/dust_seg/images/Imgdirty_630_1.jpg,Data/raw/dust_seg/masks/Imgdirty_630_1.png,train
Data/raw/dust_seg/images/Imgdirty_631_1.jpg,Data/raw/dust_seg/masks/Imgdirty_631_1.png,train
Data/raw/dust_seg/images/Imgdirty_632_1.jpg,Data/raw/dust_seg/masks/Imgdirty_632_1.png,val
Data/raw/dust_seg/images/Imgdirty_633_1.jpg,Data/raw/dust_seg/masks/Imgdirty_633_1.png,train
Data/raw/dust_seg/images/Imgdirty_634_1.jpg,Data/raw/dust_seg/masks/Imgdirty_634_1.png,train
Data/raw/dust_seg/images/Imgdirty_635_1.jpg,Data/raw/dust_seg/masks/Imgdirty_635_1.png,train
Data/raw/dust_seg/images/Imgdirty_636_1.jpg,Data/raw/dust_seg/masks/Imgdirty_636_1.png,train
Data/raw/dust_seg/images/Imgdirty_637_1.jpg,Data/raw/dust_seg/masks/Imgdirty_637_1.png,train
Data/raw/dust_seg/images/Imgdirty_638_1.jpg,Data/raw/dust_seg/masks/Imgdirty_638_1.png,train
Data/raw/dust_seg/images/Imgdirty_639_1.jpg,Data/raw/dust_seg/masks/Imgdirty_639_1.png,train
Data/raw/dust_seg/images/Imgdirty_63_1.jpg,Data/raw/dust_seg/masks/Imgdirty_63_1.png,train
Data/raw/dust_seg/images/Imgdirty_640_1.jpg,Data/raw/dust_seg/masks/Imgdirty_640_1.png,train
Data/raw/dust_seg/images/Imgdirty_641_1.jpg,Data/raw/dust_seg/masks/Imgdirty_641_1.png,train
Data/raw/dust_seg/images/Imgdirty_642_1.jpg,Data/raw/dust_seg/masks/Imgdirty_642_1.png,train
Data/raw/dust_seg/images/Imgdirty_643_1.jpg,Data/raw/dust_seg/masks/Imgdirty_643_1.png,train
Data/raw/dust_seg/images/Imgdirty_644_1.jpg,Data/raw/dust_seg/masks/Imgdirty_644_1.png,train
Data/raw/dust_seg/images/Imgdirty_645_1.jpg,Data/raw/dust_seg/masks/Imgdirty_645_1.png,train
Data/raw/dust_seg/images/Imgdirty_646_1.jpg,Data/raw/dust_seg/masks/Imgdirty_646_1.png,test
Data/raw/dust_seg/images/Imgdirty_647_1.jpg,Data/raw/dust_seg/masks/Imgdirty_647_1.png,train
Data/raw/dust_seg/images/Imgdirty_648_1.jpg,Data/raw/dust_seg/masks/Imgdirty_648_1.png,test
Data/raw/dust_seg/images/Imgdirty_649_1.jpg,Data/raw/dust_seg/masks/Imgdirty_649_1.png,train
Data/raw/dust_seg/images/Imgdirty_64_1.jpg,Data/raw/dust_seg/masks/Imgdirty_64_1.png,train
Data/raw/dust_seg/images/Imgdirty_650_1.jpg,Data/raw/dust_seg/masks/Imgdirty_650_1.png,train
Data/raw/dust_seg/images/Imgdirty_652_1.jpg,Data/raw/dust_seg/masks/Imgdirty_652_1.png,train
Data/raw/dust_seg/images/Imgdirty_654_1.jpg,Data/raw/dust_seg/masks/Imgdirty_654_1.png,train
Data/raw/dust_seg/images/Imgdirty_655_1.jpg,Data/raw/dust_seg/masks/Imgdirty_655_1.png,train
Data/raw/dust_seg/images/Imgdirty_656_1.jpg,Data/raw/dust_seg/masks/Imgdirty_656_1.png,train
Data/raw/dust_seg/images/Imgdirty_657_1.jpg,Data/raw/dust_seg/masks/Imgdirty_657_1.png,train
Data/raw/dust_seg/images/Imgdirty_658_1.jpg,Data/raw/dust_seg/masks/Imgdirty_658_1.png,train
Data/raw/dust_seg/images/Imgdirty_659_1.jpg,Data/raw/dust_seg/masks/Imgdirty_659_1.png,train
Data/raw/dust_seg/images/Imgdirty_65_1.jpg,Data/raw/dust_seg/masks/Imgdirty_65_1.png,train
Data/raw/dust_seg/images/Imgdirty_661_1.jpg,Data/raw/dust_seg/masks/Imgdirty_661_1.png,train
Data/raw/dust_seg/images/Imgdirty_662_1.jpg,Data/raw/dust_seg/masks/Imgdirty_662_1.png,train
Data/raw/dust_seg/images/Imgdirty_663_1.jpg,Data/raw/dust_seg/masks/Imgdirty_663_1.png,test
Data/raw/dust_seg/images/Imgdirty_664_1.jpg,Data/raw/dust_seg/masks/Imgdirty_664_1.png,train
Data/raw/dust_seg/images/Imgdirty_665_1.jpg,Data/raw/dust_seg/masks/Imgdirty_665_1.png,train
Data/raw/dust_seg/images/Imgdirty_666_1.jpg,Data/raw/dust_seg/masks/Imgdirty_666_1.png,train
Data/raw/dust_seg/images/Imgdirty_668_1.jpg,Data/raw/dust_seg/masks/Imgdirty_668_1.png,val
Data/raw/dust_seg/images/Imgdirty_669_1.jpg,Data/raw/dust_seg/masks/Imgdirty_669_1.png,train
Data/raw/dust_seg/images/Imgdirty_66_1.jpg,Data/raw/dust_seg/masks/Imgdirty_66_1.png,train
Data/raw/dust_seg/images/Imgdirty_670_1.jpg,Data/raw/dust_seg/masks/Imgdirty_670_1.png,train
Data/raw/dust_seg/images/Imgdirty_671_1.jpg,Data/raw/dust_seg/masks/Imgdirty_671_1.png,train
Data/raw/dust_seg/images/Imgdirty_672_1.jpg,Data/raw/dust_seg/masks/Imgdirty_672_1.png,train
Data/raw/dust_seg/images/Imgdirty_673_1.jpg,Data/raw/dust_seg/masks/Imgdirty_673_1.png,train
Data/raw/dust_seg/images/Imgdirty_674_1.jpg,Data/raw/dust_seg/masks/Imgdirty_674_1.png,test
Data/raw/dust_seg/images/Imgdirty_676_1.jpg,Data/raw/dust_seg/masks/Imgdirty_676_1.png,train
Data/raw/dust_seg/images/Imgdirty_677_1.jpg,Data/raw/dust_seg/masks/Imgdirty_677_1.png,test
Data/raw/dust_seg/images/Imgdirty_678_1.jpg,Data/raw/dust_seg/masks/Imgdirty_678_1.png,val
Data/raw/dust_seg/images/Imgdirty_679_1.jpg,Data/raw/dust_seg/masks/Imgdirty_679_1.png,train
Data/raw/dust_seg/images/Imgdirty_67_1.jpg,Data/raw/dust_seg/masks/Imgdirty_67_1.png,train
Data/raw/dust_seg/images/Imgdirty_680_1.jpg,Data/raw/dust_seg/masks/Imgdirty_680_1.png,train
Data/raw/dust_seg/images/Imgdirty_681_1.jpg,Data/raw/dust_seg/masks/Imgdirty_681_1.png,train
Data/raw/dust_seg/images/Imgdirty_682_1.jpg,Data/raw/dust_seg/masks/Imgdirty_682_1.png,train
Data/raw/dust_seg/images/Imgdirty_683_1.jpg,Data/raw/dust_seg/masks/Imgdirty_683_1.png,train
Data/raw/dust_seg/images/Imgdirty_684_1.jpg,Data/raw/dust_seg/masks/Imgdirty_684_1.png,train
Data/raw/dust_seg/images/Imgdirty_685_1.jpg,Data/raw/dust_seg/masks/Imgdirty_685_1.png,train
Data/raw/dust_seg/images/Imgdirty_686_1.jpg,Data/raw/dust_seg/masks/Imgdirty_686_1.png,train
Data/raw/dust_seg/images/Imgdirty_687_1.jpg,Data/raw/dust_seg/masks/Imgdirty_687_1.png,train
Data/raw/dust_seg/images/Imgdirty_688_1.jpg,Data/raw/dust_seg/masks/Imgdirty_688_1.png,train
Data/raw/dust_seg/images/Imgdirty_689_1.jpg,Data/raw/dust_seg/masks/Imgdirty_689_1.png,train
Data/raw/dust_seg/images/Imgdirty_68_1.jpg,Data/raw/dust_seg/masks/Imgdirty_68_1.png,train
Data/raw/dust_seg/images/Imgdirty_690_1.jpg,Data/raw/dust_seg/masks/Imgdirty_690_1.png,train
Data/raw/dust_seg/images/Imgdirty_691_1.jpg,Data/raw/dust_seg/masks/Imgdirty_691_1.png,train
Data/raw/dust_seg/images/Imgdirty_692_1.jpg,Data/raw/dust_seg/masks/Imgdirty_692_1.png,test
Data/raw/dust_seg/images/Imgdirty_693_1.jpg,Data/raw/dust_seg/masks/Imgdirty_693_1.png,train
Data/raw/dust_seg/images/Imgdirty_694_1.jpg,Data/raw/dust_seg/masks/Imgdirty_694_1.png,val
Data/raw/dust_seg/images/Imgdirty_695_1.jpg,Data/raw/dust_seg/masks/Imgdirty_695_1.png,train
Data/raw/dust_seg/images/Imgdirty_696_1.jpg,Data/raw/dust_seg/masks/Imgdirty_696_1.png,train
Data/raw/dust_seg/images/Imgdirty_697_1.jpg,Data/raw/dust_seg/masks/Imgdirty_697_1.png,train
Data/raw/dust_seg/images/Imgdirty_698_1.jpg,Data/raw/dust_seg/masks/Imgdirty_698_1.png,train
Data/raw/dust_seg/images/Imgdirty_699_1.jpg,Data/raw/dust_seg/masks/Imgdirty_699_1.png,train
Data/raw/dust_seg/images/Imgdirty_69_1.jpg,Data/raw/dust_seg/masks/Imgdirty_69_1.png,test
Data/raw/dust_seg/images/Imgdirty_6_1.jpg,Data/raw/dust_seg/masks/Imgdirty_6_1.png,train
Data/raw/dust_seg/images/Imgdirty_700_1.jpg,Data/raw/dust_seg/masks/Imgdirty_700_1.png,test
Data/raw/dust_seg/images/Imgdirty_701_1.jpg,Data/raw/dust_seg/masks/Imgdirty_701_1.png,test
Data/raw/dust_seg/images/Imgdirty_702_1.jpg,Data/raw/dust_seg/masks/Imgdirty_702_1.png,train
Data/raw/dust_seg/images/Imgdirty_703_1.jpg,Data/raw/dust_seg/masks/Imgdirty_703_1.png,train
Data/raw/dust_seg/images/Imgdirty_704_1.jpg,Data/raw/dust_seg/masks/Imgdirty_704_1.png,train
Data/raw/dust_seg/images/Imgdirty_705_1.jpg,Data/raw/dust_seg/masks/Imgdirty_705_1.png,train
Data/raw/dust_seg/images/Imgdirty_706_1.jpg,Data/raw/dust_seg/masks/Imgdirty_706_1.png,train
Data/raw/dust_seg/images/Imgdirty_707_1.jpg,Data/raw/dust_seg/masks/Imgdirty_707_1.png,train
Data/raw/dust_seg/images/Imgdirty_708_1.jpg,Data/raw/dust_seg/masks/Imgdirty_708_1.png,train
Data/raw/dust_seg/images/Imgdirty_709_1.jpg,Data/raw/dust_seg/masks/Imgdirty_709_1.png,train
Data/raw/dust_seg/images/Imgdirty_70_1.jpg,Data/raw/dust_seg/masks/Imgdirty_70_1.png,test
Data/raw/dust_seg/images/Imgdirty_710_1.jpg,Data/raw/dust_seg/masks/Imgdirty_710_1.png,train
Data/raw/dust_seg/images/Imgdirty_711_1.jpg,Data/raw/dust_seg/masks/Imgdirty_711_1.png,train
Data/raw/dust_seg/images/Imgdirty_712_1.jpg,Data/raw/dust_seg/masks/Imgdirty_712_1.png,test
Data/raw/dust_seg/images/Imgdirty_714_1.jpg,Data/raw/dust_seg/masks/Imgdirty_714_1.png,train
Data/raw/dust_seg/images/Imgdirty_716_1.jpg,Data/raw/dust_seg/masks/Imgdirty_716_1.png,train
Data/raw/dust_seg/images/Imgdirty_718_1.jpg,Data/raw/dust_seg/masks/Imgdirty_718_1.png,train
Data/raw/dust_seg/images/Imgdirty_71_1.jpg,Data/raw/dust_seg/masks/Imgdirty_71_1.png,train
Data/raw/dust_seg/images/Imgdirty_720_1.jpg,Data/raw/dust_seg/masks/Imgdirty_720_1.png,train
Data/raw/dust_seg/images/Imgdirty_721_1.jpg,Data/raw/dust_seg/masks/Imgdirty_721_1.png,test
Data/raw/dust_seg/images/Imgdirty_722_1.jpg,Data/raw/dust_seg/masks/Imgdirty_722_1.png,train
Data/raw/dust_seg/images/Imgdirty_723_1.jpg,Data/raw/dust_seg/masks/Imgdirty_723_1.png,train
Data/raw/dust_seg/images/Imgdirty_724_1.jpg,Data/raw/dust_seg/masks/Imgdirty_724_1.png,train
Data/raw/dust_seg/images/Imgdirty_725_1.jpg,Data/raw/dust_seg/masks/Imgdirty_725_1.png,train
Data/raw/dust_seg/images/Imgdirty_726_1.jpg,Data/raw/dust_seg/masks/Imgdirty_726_1.png,train
Data/raw/dust_seg/images/Imgdirty_728_1.jpg,Data/raw/dust_seg/masks/Imgdirty_728_1.png,train
Data/raw/dust_seg/images/Imgdirty_729_1.jpg,Data/raw/dust_seg/masks/Imgdirty_729_1.png,train
Data/raw/dust_seg/images/Imgdirty_72_1.jpg,Data/raw/dust_seg/masks/Imgdirty_72_1.png,train
Data/raw/dust_seg/images/Imgdirty_730_1.jpg,Data/raw/dust_seg/masks/Imgdirty_730_1.png,val
Data/raw/dust_seg/images/Imgdirty_731_1.jpg,Data/raw/dust_seg/masks/Imgdirty_731_1.png,train
Data/raw/dust_seg/images/Imgdirty_732_1.jpg,Data/raw/dust_seg/masks/Imgdirty_732_1.png,val
Data/raw/dust_seg/images/Imgdirty_733_1.jpg,Data/raw/dust_seg/masks/Imgdirty_733_1.png,train
Data/raw/dust_seg/images/Imgdirty_734_1.jpg,Data/raw/dust_seg/masks/Imgdirty_734_1.png,train
Data/raw/dust_seg/images/Imgdirty_735_1.jpg,Data/raw/dust_seg/masks/Imgdirty_735_1.png,val
Data/raw/dust_seg/images/Imgdirty_736_1.jpg,Data/raw/dust_seg/masks/Imgdirty_736_1.png,train
Data/raw/dust_seg/images/Imgdirty_737_1.jpg,Data/raw/dust_seg/masks/Imgdirty_737_1.png,train
Data/raw/dust_seg/images/Imgdirty_738_1.jpg,Data/raw/dust_seg/masks/Imgdirty_738_1.png,train
Data/raw/dust_seg/images/Imgdirty_739_1.jpg,Data/raw/dust_seg/masks/Imgdirty_739_1.png,val
Data/raw/dust_seg/images/Imgdirty_73_1.jpg,Data/raw/dust_seg/masks/Imgdirty_73_1.png,train
Data/raw/dust_seg/images/Imgdirty_740_1.jpg,Data/raw/dust_seg/masks/Imgdirty_740_1.png,train
Data/raw/dust_seg/images/Imgdirty_741_1.jpg,Data/raw/dust_seg/masks/Imgdirty_741_1.png,train
Data/raw/dust_seg/images/Imgdirty_742_1.jpg,Data/raw/dust_seg/masks/Imgdirty_742_1.png,train
Data/raw/dust_seg/images/Imgdirty_743_1.jpg,Data/raw/dust_seg/masks/Imgdirty_743_1.png,train
Data/raw/dust_seg/images/Imgdirty_744_1.jpg,Data/raw/dust_seg/masks/Imgdirty_744_1.png,train
Data/raw/dust_seg/images/Imgdirty_745_1.jpg,Data/raw/dust_seg/masks/Imgdirty_745_1.png,train
Data/raw/dust_seg/images/Imgdirty_746_1.jpg,Data/raw/dust_seg/masks/Imgdirty_746_1.png,train
Data/raw/dust_seg/images/Imgdirty_747_1.jpg,Data/raw/dust_seg/masks/Imgdirty_747_1.png,train
Data/raw/dust_seg/images/Imgdirty_748_1.jpg,Data/raw/dust_seg/masks/Imgdirty_748_1.png,train
Data/raw/dust_seg/images/Imgdirty_749_1.jpg,Data/raw/dust_seg/masks/Imgdirty_749_1.png,train
Data/raw/dust_seg/images/Imgdirty_74_1.jpg,Data/raw/dust_seg/masks/Imgdirty_74_1.png,train
Data/raw/dust_seg/images/Imgdirty_750_1.jpg,Data/raw/dust_seg/masks/Imgdirty_750_1.png,test
Data/raw/dust_seg/images/Imgdirty_751_1.jpg,Data/raw/dust_seg/masks/Imgdirty_751_1.png,val
Data/raw/dust_seg/images/Imgdirty_752_1.jpg,Data/raw/dust_seg/masks/Imgdirty_752_1.png,test
Data/raw/dust_seg/images/Imgdirty_753_1.jpg,Data/raw/dust_seg/masks/Imgdirty_753_1.png,train
Data/raw/dust_seg/images/Imgdirty_754_1.jpg,Data/raw/dust_seg/masks/Imgdirty_754_1.png,train
Data/raw/dust_seg/images/Imgdirty_755_1.jpg,Data/raw/dust_seg/masks/Imgdirty_755_1.png,train
Data/raw/dust_seg/images/Imgdirty_756_1.jpg,Data/raw/dust_seg/masks/Imgdirty_756_1.png,train
Data/raw/dust_seg/images/Imgdirty_757_1.jpg,Data/raw/dust_seg/masks/Imgdirty_757_1.png,train
Data/raw/dust_seg/images/Imgdirty_758_1.jpg,Data/raw/dust_seg/masks/Imgdirty_758_1.png,train
Data/raw/dust_seg/images/Imgdirty_759_1.jpg,Data/raw/dust_seg/masks/Imgdirty_759_1.png,train
Data/raw/dust_seg/images/Imgdirty_75_1.jpg,Data/raw/dust_seg/masks/Imgdirty_75_1.png,test
Data/raw/dust_seg/images/Imgdirty_760_1.jpg,Data/raw/dust_seg/masks/Imgdirty_760_1.png,train
Data/raw/dust_seg/images/Imgdirty_761_1.jpg,Data/raw/dust_seg/masks/Imgdirty_761_1.png,train
Data/raw/dust_seg/images/Imgdirty_762_1.jpg,Data/raw/dust_seg/masks/Imgdirty_762_1.png,train
Data/raw/dust_seg/images/Imgdirty_763_1.jpg,Data/raw/dust_seg/masks/Imgdirty_763_1.png,train
Data/raw/dust_seg/images/Imgdirty_764_1.jpg,Data/raw/dust_seg/masks/Imgdirty_764_1.png,val
Data/raw/dust_seg/images/Imgdirty_765_1.jpg,Data/raw/dust_seg/masks/Imgdirty_765_1.png,train
Data/raw/dust_seg/images/Imgdirty_766_1.jpg,Data/raw/dust_seg/masks/Imgdirty_766_1.png,train
Data/raw/dust_seg/images/Imgdirty_767_1.jpg,Data/raw/dust_seg/masks/Imgdirty_767_1.png,train
Data/raw/dust_seg/images/Imgdirty_768_1.jpg,Data/raw/dust_seg/masks/Imgdirty_768_1.png,train
Data/raw/dust_seg/images/Imgdirty_769_1.jpg,Data/raw/dust_seg/masks/Imgdirty_769_1.png,train
Data/raw/dust_seg/images/Imgdirty_76_1.jpg,Data/raw/dust_seg/masks/Imgdirty_76_1.png,test
Data/raw/dust_seg/images/Imgdirty_770_1.jpg,Data/raw/dust_seg/masks/Imgdirty_770_1.png,train
Data/raw/dust_seg/images/Imgdirty_771_1.jpg,Data/raw/dust_seg/masks/Imgdirty_771_1.png,train
Data/raw/dust_seg/images/Imgdirty_772_1.jpg,Data/raw/dust_seg/masks/Imgdirty_772_1.png,train
Data/raw/dust_seg/images/Imgdirty_773_1.jpg,Data/raw/dust_seg/masks/Imgdirty_773_1.png,train
Data/raw/dust_seg/images/Imgdirty_774_1.jpg,Data/raw/dust_seg/masks/Imgdirty_774_1.png,val
Data/raw/dust_seg/images/Imgdirty_775_1.jpg,Data/raw/dust_seg/masks/Imgdirty_775_1.png,train
Data/raw/dust_seg/images/Imgdirty_776_1.jpg,Data/raw/dust_seg/masks/Imgdirty_776_1.png,train
Data/raw/dust_seg/images/Imgdirty_777_1.jpg,Data/raw/dust_seg/masks/Imgdirty_777_1.png,val
Data/raw/dust_seg/images/Imgdirty_778_1.jpg,Data/raw/dust_seg/masks/Imgdirty_778_1.png,val
Data/raw/dust_seg/images/Imgdirty_779_1.jpg,Data/raw/dust_seg/masks/Imgdirty_779_1.png,train
Data/raw/dust_seg/images/Imgdirty_77_1.jpg,Data/raw/dust_seg/masks/Imgdirty_77_1.png,train
Data/raw/dust_seg/images/Imgdirty_780_1.jpg,Data/raw/dust_seg/masks/Imgdirty_780_1.png,train
Data/raw/dust_seg/images/Imgdirty_781_1.jpg,Data/raw/dust_seg/masks/Imgdirty_781_1.png,train
Data/raw/dust_seg/images/Imgdirty_782_1.jpg,Data/raw/dust_seg/masks/Imgdirty_782_1.png,train
Data/raw/dust_seg/images/Imgdirty_784_1.jpg,Data/raw/dust_seg/masks/Imgdirty_784_1.png,train
Data/raw/dust_seg/images/Imgdirty_785_1.jpg,Data/raw/dust_seg/masks/Imgdirty_785_1.png,train
Data/raw/dust_seg/images/Imgdirty_786_1.jpg,Data/raw/dust_seg/masks/Imgdirty_786_1.png,train
Data/raw/dust_seg/images/Imgdirty_787_1.jpg,Data/raw/dust_seg/masks/Imgdirty_787_1.png,train
Data/raw/dust_seg/images/Imgdirty_788_1.jpg,Data/raw/dust_seg/masks/Imgdirty_788_1.png,train
Data/raw/dust_seg/images/Imgdirty_789_1.jpg,Data/raw/dust_seg/masks/Imgdirty_789_1.png,train
Data/raw/dust_seg/images/Imgdirty_78_1.jpg,Data/raw/dust_seg/masks/Imgdirty_78_1.png,train
Data/raw/dust_seg/images/Imgdirty_790_1.jpg,Data/raw/dust_seg/masks/Imgdirty_790_1.png,train
Data/raw/dust_seg/images/Imgdirty_791_1.jpg,Data/raw/dust_seg/masks/Imgdirty_791_1.png,test
Data/raw/dust_seg/images/Imgdirty_792_1.jpg,Data/raw/dust_seg/masks/Imgdirty_792_1.png,train
Data/raw/dust_seg/images/Imgdirty_793_1.jpg,Data/raw/dust_seg/masks/Imgdirty_793_1.png,train
Data/raw/dust_seg/images/Imgdirty_794_1.jpg,Data/raw/dust_seg/masks/Imgdirty_794_1.png,train
Data/raw/dust_seg/images/Imgdirty_795_1.jpg,Data/raw/dust_seg/masks/Imgdirty_795_1.png,train
Data/raw/dust_seg/images/Imgdirty_796_1.jpg,Data/raw/dust_seg/masks/Imgdirty_796_1.png,train
Data/raw/dust_seg/images/Imgdirty_797_1.jpg,Data/raw/dust_seg/masks/Imgdirty_797_1.png,train
Data/raw/dust_seg/images/Imgdirty_798_1.jpg,Data/raw/dust_seg/masks/Imgdirty_798_1.png,val
Data/raw/dust_seg/images/Imgdirty_799_1.jpg,Data/raw/dust_seg/masks/Imgdirty_799_1.png,train
Data/raw/dust_seg/images/Imgdirty_79_1.jpg,Data/raw/dust_seg/masks/Imgdirty_79_1.png,train
Data/raw/dust_seg/images/Imgdirty_7_1.jpg,Data/raw/dust_seg/masks/Imgdirty_7_1.png,train
Data/raw/dust_seg/images/Imgdirty_800_1.jpg,Data/raw/dust_seg/masks/Imgdirty_800_1.png,train
Data/raw/dust_seg/images/Imgdirty_801_1.jpg,Data/raw/dust_seg/masks/Imgdirty_801_1.png,val
Data/raw/dust_seg/images/Imgdirty_802_1.jpg,Data/raw/dust_seg/masks/Imgdirty_802_1.png,train
Data/raw/dust_seg/images/Imgdirty_803_1.jpg,Data/raw/dust_seg/masks/Imgdirty_803_1.png,train
Data/raw/dust_seg/images/Imgdirty_804_1.jpg,Data/raw/dust_seg/masks/Imgdirty_804_1.png,train
Data/raw/dust_seg/images/Imgdirty_805_1.jpg,Data/raw/dust_seg/masks/Imgdirty_805_1.png,train
Data/raw/dust_seg/images/Imgdirty_806_1.jpg,Data/raw/dust_seg/masks/Imgdirty_806_1.png,train
Data/raw/dust_seg/images/Imgdirty_807_1.jpg,Data/raw/dust_seg/masks/Imgdirty_807_1.png,train
Data/raw/dust_seg/images/Imgdirty_808_1.jpg,Data/raw/dust_seg/masks/Imgdirty_808_1.png,train
Data/raw/dust_seg/images/Imgdirty_809_1.jpg,Data/raw/dust_seg/masks/Imgdirty_809_1.png,train
Data/raw/dust_seg/images/Imgdirty_80_1.jpg,Data/raw/dust_seg/masks/Imgdirty_80_1.png,train
Data/raw/dust_seg/images/Imgdirty_810_1.jpg,Data/raw/dust_seg/masks/Imgdirty_810_1.png,train
Data/raw/dust_seg/images/Imgdirty_811_1.jpg,Data/raw/dust_seg/masks/Imgdirty_811_1.png,train
Data/raw/dust_seg/images/Imgdirty_812_1.jpg,Data/raw/dust_seg/masks/Imgdirty_812_1.png,train
Data/raw/dust_seg/images/Imgdirty_813_1.jpg,Data/raw/dust_seg/masks/Imgdirty_813_1.png,train
Data/raw/dust_seg/images/Imgdirty_814_1.jpg,Data/raw/dust_seg/masks/Imgdirty_814_1.png,test
Data/raw/dust_seg/images/Imgdirty_815_1.jpg,Data/raw/dust_seg/masks/Imgdirty_815_1.png,train
Data/raw/dust_seg/images/Imgdirty_816_1.jpg,Data/raw/dust_seg/masks/Imgdirty_816_1.png,train
Data/raw/dust_seg/images/Imgdirty_817_1.jpg,Data/raw/dust_seg/masks/Imgdirty_817_1.png,test
Data/raw/dust_seg/images/Imgdirty_818_1.jpg,Data/raw/dust_seg/masks/Imgdirty_818_1.png,train
Data/raw/dust_seg/images/Imgdirty_819_1.jpg,Data/raw/dust_seg/masks/Imgdirty_819_1.png,train
Data/raw/dust_seg/images/Imgdirty_81_1.jpg,Data/raw/dust_seg/masks/Imgdirty_81_1.png,test
Data/raw/dust_seg/images/Imgdirty_820_1.jpg,Data/raw/dust_seg/masks/Imgdirty_820_1.png,test
Data/raw/dust_seg/images/Imgdirty_821_1.jpg,Data/raw/dust_seg/masks/Imgdirty_821_1.png,train
Data/raw/dust_seg/images/Imgdirty_822_1.jpg,Data/raw/dust_seg/masks/Imgdirty_822_1.png,train
Data/raw/dust_seg/images/Imgdirty_823_1.jpg,Data/raw/dust_seg/masks/Imgdirty_823_1.png,test
Data/raw/dust_seg/images/Imgdirty_825_1.jpg,Data/raw/dust_seg/masks/Imgdirty_825_1.png,train
Data/raw/dust_seg/images/Imgdirty_826_1.jpg,Data/raw/dust_seg/masks/Imgdirty_826_1.png,train
Data/raw/dust_seg/images/Imgdirty_827_1.jpg,Data/raw/dust_seg/masks/Imgdirty_827_1.png,train
Data/raw/dust_seg/images/Imgdirty_828_1.jpg,Data/raw/dust_seg/masks/Imgdirty_828_1.png,train
Data/raw/dust_seg/images/Imgdirty_829_1.jpg,Data/raw/dust_seg/masks/Imgdirty_829_1.png,train
Data/raw/dust_seg/images/Imgdirty_830_1.jpg,Data/raw/dust_seg/masks/Imgdirty_830_1.png,train
Data/raw/dust_seg/images/Imgdirty_831_1.jpg,Data/raw/dust_seg/masks/Imgdirty_831_1.png,train
Data/raw/dust_seg/images/Imgdirty_832_1.jpg,Data/raw/dust_seg/masks/Imgdirty_832_1.png,val
Data/raw/dust_seg/images/Imgdirty_833_1.jpg,Data/raw/dust_seg/masks/Imgdirty_833_1.png,train
Data/raw/dust_seg/images/Imgdirty_834_1.jpg,Data/raw/dust_seg/masks/Imgdirty_834_1.png,val
Data/raw/dust_seg/images/Imgdirty_835_1.jpg,Data/raw/dust_seg/masks/Imgdirty_835_1.png,train
Data/raw/dust_seg/images/Imgdirty_837_1.jpg,Data/raw/dust_seg/masks/Imgdirty_837_1.png,train
Data/raw/dust_seg/images/Imgdirty_838_1.jpg,Data/raw/dust_seg/masks/Imgdirty_838_1.png,train
Data/raw/dust_seg/images/Imgdirty_839_1.jpg,Data/raw/dust_seg/masks/Imgdirty_839_1.png,test
Data/raw/dust_seg/images/Imgdirty_83_1.jpg,Data/raw/dust_seg/masks/Imgdirty_83_1.png,train
Data/raw/dust_seg/images/Imgdirty_840_1.jpg,Data/raw/dust_seg/masks/Imgdirty_840_1.png,train
Data/raw/dust_seg/images/Imgdirty_841_1.jpg,Data/raw/dust_seg/masks/Imgdirty_841_1.png,train
Data/raw/dust_seg/images/Imgdirty_842_1.jpg,Data/raw/dust_seg/masks/Imgdirty_842_1.png,val
Data/raw/dust_seg/images/Imgdirty_844_1.jpg,Data/raw/dust_seg/masks/Imgdirty_844_1.png,train
Data/raw/dust_seg/images/Imgdirty_845_1.jpg,Data/raw/dust_seg/masks/Imgdirty_845_1.png,train
Data/raw/dust_seg/images/Imgdirty_846_1.jpg,Data/raw/dust_seg/masks/Imgdirty_846_1.png,train
Data/raw/dust_seg/images/Imgdirty_847_1.jpg,Data/raw/dust_seg/masks/Imgdirty_847_1.png,train
Data/raw/dust_seg/images/Imgdirty_848_1.jpg,Data/raw/dust_seg/masks/Imgdirty_848_1.png,train
Data/raw/dust_seg/images/Imgdirty_849_1.jpg,Data/raw/dust_seg/masks/Imgdirty_849_1.png,train
Data/raw/dust_seg/images/Imgdirty_84_1.jpg,Data/raw/dust_seg/masks/Imgdirty_84_1.png,train
Data/raw/dust_seg/images/Imgdirty_850_1.jpg,Data/raw/dust_seg/masks/Imgdirty_850_1.png,train
Data/raw/dust_seg/images/Imgdirty_851_1.jpg,Data/raw/dust_seg/masks/Imgdirty_851_1.png,train
Data/raw/dust_seg/images/Imgdirty_852_1.jpg,Data/raw/dust_seg/masks/Imgdirty_852_1.png,train
Data/raw/dust_seg/images/Imgdirty_853_1.jpg,Data/raw/dust_seg/masks/Imgdirty_853_1.png,test
Data/raw/dust_seg/images/Imgdirty_854_1.jpg,Data/raw/dust_seg/masks/Imgdirty_854_1.png,train
Data/raw/dust_seg/images/Imgdirty_855_1.jpg,Data/raw/dust_seg/masks/Imgdirty_855_1.png,train
Data/raw/dust_seg/images/Imgdirty_856_1.jpg,Data/raw/dust_seg/masks/Imgdirty_856_1.png,train
Data/raw/dust_seg/images/Imgdirty_857_1.jpg,Data/raw/dust_seg/masks/Imgdirty_857_1.png,train
Data/raw/dust_seg/images/Imgdirty_858_1.jpg,Data/raw/dust_seg/masks/Imgdirty_858_1.png,val
Data/raw/dust_seg/images/Imgdirty_859_1.jpg,Data/raw/dust_seg/masks/Imgdirty_859_1.png,train
Data/raw/dust_seg/images/Imgdirty_85_1.jpg,Data/raw/dust_seg/masks/Imgdirty_85_1.png,train
Data/raw/dust_seg/images/Imgdirty_860_1.jpg,Data/raw/dust_seg/masks/Imgdirty_860_1.png,train
Data/raw/dust_seg/images/Imgdirty_861_1.jpg,Data/raw/dust_seg/masks/Imgdirty_861_1.png,val
Data/raw/dust_seg/images/Imgdirty_862_1.jpg,Data/raw/dust_seg/masks/Imgdirty_862_1.png,train
Data/raw/dust_seg/images/Imgdirty_863_1.jpg,Data/raw/dust_seg/masks/Imgdirty_863_1.png,train
Data/raw/dust_seg/images/Imgdirty_864_1.jpg,Data/raw/dust_seg/masks/Imgdirty_864_1.png,train
Data/raw/dust_seg/images/Imgdirty_866_1.jpg,Data/raw/dust_seg/masks/Imgdirty_866_1.png,train
Data/raw/dust_seg/images/Imgdirty_867_1.jpg,Data/raw/dust_seg/masks/Imgdirty_867_1.png,train
Data/raw/dust_seg/images/Imgdirty_868_1.jpg,Data/raw/dust_seg/masks/Imgdirty_868_1.png,train
Data/raw/dust_seg/images/Imgdirty_869_1.jpg,Data/raw/dust_seg/masks/Imgdirty_869_1.png,train
Data/raw/dust_seg/images/Imgdirty_86_1.jpg,Data/raw/dust_seg/masks/Imgdirty_86_1.png,train
Data/raw/dust_seg/images/Imgdirty_871_1.jpg,Data/raw/dust_seg/masks/Imgdirty_871_1.png,test
Data/raw/dust_seg/images/Imgdirty_872_1.jpg,Data/raw/dust_seg/masks/Imgdirty_872_1.png,train
Data/raw/dust_seg/images/Imgdirty_873_1.jpg,Data/raw/dust_seg/masks/Imgdirty_873_1.png,train
Data/raw/dust_seg/images/Imgdirty_874_1.jpg,Data/raw/dust_seg/masks/Imgdirty_874_1.png,val
Data/raw/dust_seg/images/Imgdirty_875_1.jpg,Data/raw/dust_seg/masks/Imgdirty_875_1.png,train
Data/raw/dust_seg/images/Imgdirty_876_1.jpg,Data/raw/dust_seg/masks/Imgdirty_876_1.png,train
Data/raw/dust_seg/images/Imgdirty_877_1.jpg,Data/raw/dust_seg/masks/Imgdirty_877_1.png,val
Data/raw/dust_seg/images/Imgdirty_878_1.jpg,Data/raw/dust_seg/masks/Imgdirty_878_1.png,train
Data/raw/dust_seg/images/Imgdirty_879_1.jpg,Data/raw/dust_seg/masks/Imgdirty_879_1.png,val
Data/raw/dust_seg/images/Imgdirty_87_1.jpg,Data/raw/dust_seg/masks/Imgdirty_87_1.png,train
Data/raw/dust_seg/images/Imgdirty_880_1.jpg,Data/raw/dust_seg/masks/Imgdirty_880_1.png,train
Data/raw/dust_seg/images/Imgdirty_881_1.jpg,Data/raw/dust_seg/masks/Imgdirty_881_1.png,train
Data/raw/dust_seg/images/Imgdirty_882_1.jpg,Data/raw/dust_seg/masks/Imgdirty_882_1.png,train
Data/raw/dust_seg/images/Imgdirty_883_1.jpg,Data/raw/dust_seg/masks/Imgdirty_883_1.png,train
Data/raw/dust_seg/images/Imgdirty_884_1.jpg,Data/raw/dust_seg/masks/Imgdirty_884_1.png,train
Data/raw/dust_seg/images/Imgdirty_885_1.jpg,Data/raw/dust_seg/masks/Imgdirty_885_1.png,test
Data/raw/dust_seg/images/Imgdirty_886_1.jpg,Data/raw/dust_seg/masks/Imgdirty_886_1.png,test
Data/raw/dust_seg/images/Imgdirty_887_1.jpg,Data/raw/dust_seg/masks/Imgdirty_887_1.png,val
Data/raw/dust_seg/images/Imgdirty_888_1.jpg,Data/raw/dust_seg/masks/Imgdirty_888_1.png,train
Data/raw/dust_seg/images/Imgdirty_889_1.jpg,Data/raw/dust_seg/masks/Imgdirty_889_1.png,train
Data/raw/dust_seg/images/Imgdirty_890_1.jpg,Data/raw/dust_seg/masks/Imgdirty_890_1.png,train
Data/raw/dust_seg/images/Imgdirty_891_1.jpg,Data/raw/dust_seg/masks/Imgdirty_891_1.png,train
Data/raw/dust_seg/images/Imgdirty_892_1.jpg,Data/raw/dust_seg/masks/Imgdirty_892_1.png,train
Data/raw/dust_seg/images/Imgdirty_893_1.jpg,Data/raw/dust_seg/masks/Imgdirty_893_1.png,val
Data/raw/dust_seg/images/Imgdirty_894_1.jpg,Data/raw/dust_seg/masks/Imgdirty_894_1.png,test
Data/raw/dust_seg/images/Imgdirty_895_1.jpg,Data/raw/dust_seg/masks/Imgdirty_895_1.png,train
Data/raw/dust_seg/images/Imgdirty_896_1.jpg,Data/raw/dust_seg/masks/Imgdirty_896_1.png,train
Data/raw/dust_seg/images/Imgdirty_897_1.jpg,Data/raw/dust_seg/masks/Imgdirty_897_1.png,train
Data/raw/dust_seg/images/Imgdirty_898_1.jpg,Data/raw/dust_seg/masks/Imgdirty_898_1.png,train
Data/raw/dust_seg/images/Imgdirty_89_1.jpg,Data/raw/dust_seg/masks/Imgdirty_89_1.png,train
Data/raw/dust_seg/images/Imgdirty_8_1.jpg,Data/raw/dust_seg/masks/Imgdirty_8_1.png,train
Data/raw/dust_seg/images/Imgdirty_900_1.jpg,Data/raw/dust_seg/masks/Imgdirty_900_1.png,train
Data/raw/dust_seg/images/Imgdirty_901_1.jpg,Data/raw/dust_seg/masks/Imgdirty_901_1.png,train
Data/raw/dust_seg/images/Imgdirty_902_1.jpg,Data/raw/dust_seg/masks/Imgdirty_902_1.png,train
Data/raw/dust_seg/images/Imgdirty_903_1.jpg,Data/raw/dust_seg/masks/Imgdirty_903_1.png,train
Data/raw/dust_seg/images/Imgdirty_904_1.jpg,Data/raw/dust_seg/masks/Imgdirty_904_1.png,train
Data/raw/dust_seg/images/Imgdirty_905_1.jpg,Data/raw/dust_seg/masks/Imgdirty_905_1.png,train
Data/raw/dust_seg/images/Imgdirty_906_1.jpg,Data/raw/dust_seg/masks/Imgdirty_906_1.png,val
Data/raw/dust_seg/images/Imgdirty_907_1.jpg,Data/raw/dust_seg/masks/Imgdirty_907_1.png,test
Data/raw/dust_seg/images/Imgdirty_908_1.jpg,Data/raw/dust_seg/masks/Imgdirty_908_1.png,train
Data/raw/dust_seg/images/Imgdirty_909_1.jpg,Data/raw/dust_seg/masks/Imgdirty_909_1.png,train
Data/raw/dust_seg/images/Imgdirty_910_1.jpg,Data/raw/dust_seg/masks/Imgdirty_910_1.png,train
Data/raw/dust_seg/images/Imgdirty_911_1.jpg,Data/raw/dust_seg/masks/Imgdirty_911_1.png,train
Data/raw/dust_seg/images/Imgdirty_913_1.jpg,Data/raw/dust_seg/masks/Imgdirty_913_1.png,train
Data/raw/dust_seg/images/Imgdirty_914_1.jpg,Data/raw/dust_seg/masks/Imgdirty_914_1.png,train
Data/raw/dust_seg/images/Imgdirty_915_1.jpg,Data/raw/dust_seg/masks/Imgdirty_915_1.png,val
Data/raw/dust_seg/images/Imgdirty_916_1.jpg,Data/raw/dust_seg/masks/Imgdirty_916_1.png,train
Data/raw/dust_seg/images/Imgdirty_917_1.jpg,Data/raw/dust_seg/masks/Imgdirty_917_1.png,train
Data/raw/dust_seg/images/Imgdirty_918_1.jpg,Data/raw/dust_seg/masks/Imgdirty_918_1.png,test
Data/raw/dust_seg/images/Imgdirty_919_1.jpg,Data/raw/dust_seg/masks/Imgdirty_919_1.png,train
Data/raw/dust_seg/images/Imgdirty_91_1.jpg,Data/raw/dust_seg/masks/Imgdirty_91_1.png,train
Data/raw/dust_seg/images/Imgdirty_920_1.jpg,Data/raw/dust_seg/masks/Imgdirty_920_1.png,val
Data/raw/dust_seg/images/Imgdirty_922_1.jpg,Data/raw/dust_seg/masks/Imgdirty_922_1.png,train
Data/raw/dust_seg/images/Imgdirty_923_1.jpg,Data/raw/dust_seg/masks/Imgdirty_923_1.png,test
Data/raw/dust_seg/images/Imgdirty_924_1.jpg,Data/raw/dust_seg/masks/Imgdirty_924_1.png,train
Data/raw/dust_seg/images/Imgdirty_925_1.jpg,Data/raw/dust_seg/masks/Imgdirty_925_1.png,train
Data/raw/dust_seg/images/Imgdirty_926_1.jpg,Data/raw/dust_seg/masks/Imgdirty_926_1.png,train
Data/raw/dust_seg/images/Imgdirty_927_1.jpg,Data/raw/dust_seg/masks/Imgdirty_927_1.png,train
Data/raw/dust_seg/images/Imgdirty_928_1.jpg,Data/raw/dust_seg/masks/Imgdirty_928_1.png,train
Data/raw/dust_seg/images/Imgdirty_929_1.jpg,Data/raw/dust_seg/masks/Imgdirty_929_1.png,test
Data/raw/dust_seg/images/Imgdirty_92_1.jpg,Data/raw/dust_seg/masks/Imgdirty_92_1.png,train
Data/raw/dust_seg/images/Imgdirty_930_1.jpg,Data/raw/dust_seg/masks/Imgdirty_930_1.png,train
Data/raw/dust_seg/images/Imgdirty_931_1.jpg,Data/raw/dust_seg/masks/Imgdirty_931_1.png,train
Data/raw/dust_seg/images/Imgdirty_932_1.jpg,Data/raw/dust_seg/masks/Imgdirty_932_1.png,val
Data/raw/dust_seg/images/Imgdirty_933_1.jpg,Data/raw/dust_seg/masks/Imgdirty_933_1.png,val
Data/raw/dust_seg/images/Imgdirty_934_1.jpg,Data/raw/dust_seg/masks/Imgdirty_934_1.png,train
Data/raw/dust_seg/images/Imgdirty_935_1.jpg,Data/raw/dust_seg/masks/Imgdirty_935_1.png,train
Data/raw/dust_seg/images/Imgdirty_936_1.jpg,Data/raw/dust_seg/masks/Imgdirty_936_1.png,train
Data/raw/dust_seg/images/Imgdirty_937_1.jpg,Data/raw/dust_seg/masks/Imgdirty_937_1.png,val
Data/raw/dust_seg/images/Imgdirty_938_1.jpg,Data/raw/dust_seg/masks/Imgdirty_938_1.png,train
Data/raw/dust_seg/images/Imgdirty_939_1.jpg,Data/raw/dust_seg/masks/Imgdirty_939_1.png,train
Data/raw/dust_seg/images/Imgdirty_93_1.jpg,Data/raw/dust_seg/masks/Imgdirty_93_1.png,train
Data/raw/dust_seg/images/Imgdirty_940_1.jpg,Data/raw/dust_seg/masks/Imgdirty_940_1.png,train
Data/raw/dust_seg/images/Imgdirty_941_1.jpg,Data/raw/dust_seg/masks/Imgdirty_941_1.png,train
Data/raw/dust_seg/images/Imgdirty_942_1.jpg,Data/raw/dust_seg/masks/Imgdirty_942_1.png,train
Data/raw/dust_seg/images/Imgdirty_943_1.jpg,Data/raw/dust_seg/masks/Imgdirty_943_1.png,train
Data/raw/dust_seg/images/Imgdirty_944_1.jpg,Data/raw/dust_seg/masks/Imgdirty_944_1.png,train
Data/raw/dust_seg/images/Imgdirty_945_1.jpg,Data/raw/dust_seg/masks/Imgdirty_945_1.png,test
Data/raw/dust_seg/images/Imgdirty_946_1.jpg,Data/raw/dust_seg/masks/Imgdirty_946_1.png,train
Data/raw/dust_seg/images/Imgdirty_947_1.jpg,Data/raw/dust_seg/masks/Imgdirty_947_1.png,train
Data/raw/dust_seg/images/Imgdirty_948_1.jpg,Data/raw/dust_seg/masks/Imgdirty_948_1.png,train
Data/raw/dust_seg/images/Imgdirty_949_1.jpg,Data/raw/dust_seg/masks/Imgdirty_949_1.png,train
Data/raw/dust_seg/images/Imgdirty_94_1.jpg,Data/raw/dust_seg/masks/Imgdirty_94_1.png,test
Data/raw/dust_seg/images/Imgdirty_950_1.jpg,Data/raw/dust_seg/masks/Imgdirty_950_1.png,train
Data/raw/dust_seg/images/Imgdirty_951_1.jpg,Data/raw/dust_seg/masks/Imgdirty_951_1.png,train
Data/raw/dust_seg/images/Imgdirty_952_1.jpg,Data/raw/dust_seg/masks/Imgdirty_952_1.png,test
Data/raw/dust_seg/images/Imgdirty_953_1.jpg,Data/raw/dust_seg/masks/Imgdirty_953_1.png,train
Data/raw/dust_seg/images/Imgdirty_954_1.jpg,Data/raw/dust_seg/masks/Imgdirty_954_1.png,train
Data/raw/dust_seg/images/Imgdirty_955_1.jpg,Data/raw/dust_seg/masks/Imgdirty_955_1.png,train
Data/raw/dust_seg/images/Imgdirty_956_1.jpg,Data/raw/dust_seg/masks/Imgdirty_956_1.png,train
Data/raw/dust_seg/images/Imgdirty_957_1.jpg,Data/raw/dust_seg/masks/Imgdirty_957_1.png,train
Data/raw/dust_seg/images/Imgdirty_958_1.jpg,Data/raw/dust_seg/masks/Imgdirty_958_1.png,train
Data/raw/dust_seg/images/Imgdirty_959_1.jpg,Data/raw/dust_seg/masks/Imgdirty_959_1.png,train
Data/raw/dust_seg/images/Imgdirty_960_1.jpg,Data/raw/dust_seg/masks/Imgdirty_960_1.png,train
Data/raw/dust_seg/images/Imgdirty_961_1.jpg,Data/raw/dust_seg/masks/Imgdirty_961_1.png,train
Data/raw/dust_seg/images/Imgdirty_962_1.jpg,Data/raw/dust_seg/masks/Imgdirty_962_1.png,test
Data/raw/dust_seg/images/Imgdirty_963_1.jpg,Data/raw/dust_seg/masks/Imgdirty_963_1.png,train
Data/raw/dust_seg/images/Imgdirty_964_1.jpg,Data/raw/dust_seg/masks/Imgdirty_964_1.png,train
Data/raw/dust_seg/images/Imgdirty_965_1.jpg,Data/raw/dust_seg/masks/Imgdirty_965_1.png,train
Data/raw/dust_seg/images/Imgdirty_966_1.jpg,Data/raw/dust_seg/masks/Imgdirty_966_1.png,train
Data/raw/dust_seg/images/Imgdirty_967_1.jpg,Data/raw/dust_seg/masks/Imgdirty_967_1.png,train
Data/raw/dust_seg/images/Imgdirty_968_1.jpg,Data/raw/dust_seg/masks/Imgdirty_968_1.png,train
Data/raw/dust_seg/images/Imgdirty_969_1.jpg,Data/raw/dust_seg/masks/Imgdirty_969_1.png,train
Data/raw/dust_seg/images/Imgdirty_96_1.jpg,Data/raw/dust_seg/masks/Imgdirty_96_1.png,train
Data/raw/dust_seg/images/Imgdirty_971_1.jpg,Data/raw/dust_seg/masks/Imgdirty_971_1.png,train
Data/raw/dust_seg/images/Imgdirty_972_1.jpg,Data/raw/dust_seg/masks/Imgdirty_972_1.png,test
Data/raw/dust_seg/images/Imgdirty_973_1.jpg,Data/raw/dust_seg/masks/Imgdirty_973_1.png,train
Data/raw/dust_seg/images/Imgdirty_974_1.jpg,Data/raw/dust_seg/masks/Imgdirty_974_1.png,train
Data/raw/dust_seg/images/Imgdirty_975_1.jpg,Data/raw/dust_seg/masks/Imgdirty_975_1.png,test
Data/raw/dust_seg/images/Imgdirty_976_1.jpg,Data/raw/dust_seg/masks/Imgdirty_976_1.png,train
Data/raw/dust_seg/images/Imgdirty_977_1.jpg,Data/raw/dust_seg/masks/Imgdirty_977_1.png,train
Data/raw/dust_seg/images/Imgdirty_978_1.jpg,Data/raw/dust_seg/masks/Imgdirty_978_1.png,train
Data/raw/dust_seg/images/Imgdirty_979_1.jpg,Data/raw/dust_seg/masks/Imgdirty_979_1.png,test
Data/raw/dust_seg/images/Imgdirty_97_1.jpg,Data/raw/dust_seg/masks/Imgdirty_97_1.png,train
Data/raw/dust_seg/images/Imgdirty_980_1.jpg,Data/raw/dust_seg/masks/Imgdirty_980_1.png,train
Data/raw/dust_seg/images/Imgdirty_981_1.jpg,Data/raw/dust_seg/masks/Imgdirty_981_1.png,test
Data/raw/dust_seg/images/Imgdirty_983_1.jpg,Data/raw/dust_seg/masks/Imgdirty_983_1.png,train
Data/raw/dust_seg/images/Imgdirty_984_1.jpg,Data/raw/dust_seg/masks/Imgdirty_984_1.png,train
Data/raw/dust_seg/images/Imgdirty_985_1.jpg,Data/raw/dust_seg/masks/Imgdirty_985_1.png,train
Data/raw/dust_seg/images/Imgdirty_987_1.jpg,Data/raw/dust_seg/masks/Imgdirty_987_1.png,train
Data/raw/dust_seg/images/Imgdirty_988_1.jpg,Data/raw/dust_seg/masks/Imgdirty_988_1.png,train
Data/raw/dust_seg/images/Imgdirty_989_1.jpg,Data/raw/dust_seg/masks/Imgdirty_989_1.png,train
Data/raw/dust_seg/images/Imgdirty_990_1.jpg,Data/raw/dust_seg/masks/Imgdirty_990_1.png,test
Data/raw/dust_seg/images/Imgdirty_991_1.jpg,Data/raw/dust_seg/masks/Imgdirty_991_1.png,val
Data/raw/dust_seg/images/Imgdirty_992_1.jpg,Data/raw/dust_seg/masks/Imgdirty_992_1.png,test
Data/raw/dust_seg/images/Imgdirty_994_1.jpg,Data/raw/dust_seg/masks/Imgdirty_994_1.png,train
Data/raw/dust_seg/images/Imgdirty_995_1.jpg,Data/raw/dust_seg/masks/Imgdirty_995_1.png,test
Data/raw/dust_seg/images/Imgdirty_996_1.jpg,Data/raw/dust_seg/masks/Imgdirty_996_1.png,train
Data/raw/dust_seg/images/Imgdirty_998_1.jpg,Data/raw/dust_seg/masks/Imgdirty_998_1.png,train
Data/raw/dust_seg/images/Imgdirty_999_1.jpg,Data/raw/dust_seg/masks/Imgdirty_999_1.png,train
Data/raw/dust_seg/images/Imgdirty_99_1.jpg,Data/raw/dust_seg/masks/Imgdirty_99_1.png,train
Data/raw/dust_seg/images/Imgdirty_9_1.jpg,Data/raw/dust_seg/masks/Imgdirty_9_1.png,test
